path	bytes	sha256	input_sha256	text_paths_normalized	source
modules/S2/Figures/Conditional_rooted_trees_9pages.pdf	137508	d4de3d39ad77db8c6a913f81716494b6db7ff0e4bc18b1617373034e0e79374c	d4de3d39ad77db8c6a913f81716494b6db7ff0e4bc18b1617373034e0e79374c	False	File_S2_outgroup_rooting_20260908.zip
modules/S2/Figures/Rooting_sensitivity_summary.pdf	29755	de3aee9dcceb7e63c0da36d14a1bc4b1c4bf92720aee174ae49b9118d98c2e17	de3aee9dcceb7e63c0da36d14a1bc4b1c4bf92720aee174ae49b9118d98c2e17	False	File_S2_outgroup_rooting_20260908.zip
modules/S2/PREPUBLICATION_MANIFEST_SHA256.tsv	42754	f1e47c3e7e5423e92da4ccb856a0bb1046ef92de414bd562cec9c31215ce0bf3	f1e47c3e7e5423e92da4ccb856a0bb1046ef92de414bd562cec9c31215ce0bf3	False	File_S2_outgroup_rooting_20260908.zip
modules/S2/README_File_S2.md	2763	eb626e8bfd2e5baa4584ff5f621bdf69c2d5dd5906ded4e30358758fa988bcb2	eb626e8bfd2e5baa4584ff5f621bdf69c2d5dd5906ded4e30358758fa988bcb2	False	File_S2_outgroup_rooting_20260908.zip
modules/S2/Tables/Figure2A_additional_support.tsv	294	73b37e8666b4abc374b4c090e397142ff564dc310636f011c74636dce4e1f931	73b37e8666b4abc374b4c090e397142ff564dc310636f011c74636dce4e1f931	False	File_S2_outgroup_rooting_20260908.zip
modules/S2/Tables/Figure2_key_branch_evidence.tsv	1554	ecd79e163fe9273c61da537c01922e19b083b1d18db8f7fc641dffb9361bdd7a	ecd79e163fe9273c61da537c01922e19b083b1d18db8f7fc641dffb9361bdd7a	False	File_S2_outgroup_rooting_20260908.zip
modules/S2/Tables/candidate_outgroups.tsv	4949	154ddfe69923f572a5fd522896e1f7da3ee68a18b92bea051b81e2afa1952827	7f21339827de760bce34939291de4a01df04aeb2eef06c42ba4d0e5d562038c6	True	File_S2_outgroup_rooting_20260908.zip
modules/S2/Tables/ingroup_basal_partitions.tsv	21499	bd8c5532bf02cd0fb66fe95b9bf192711b136eecf4e84601ff686f5292cc282d	c6dfa95e17ee20354dfa94e33a7d1fb56591d731dd26a2c322d47d12ddd3f90b	True	File_S2_outgroup_rooting_20260908.zip
modules/S2/Tables/rooting_tests_16.tsv	3333	08a9393af1ab04b5284b0b3398ad953e71ab860dc25ba87841c5e9bb91aea6df	d5c319f97de5ea72f305cbf1c74fa3ea251d7a5208a41f04391614e538623149	True	File_S2_outgroup_rooting_20260908.zip
modules/S2/rooting_assessment_20260908/RBH_pair_topology_audit.json	22120	4f28baf57f1854455062cce49f1eb6d25da733d94a4359b13870c574f233ef73	4f28baf57f1854455062cce49f1eb6d25da733d94a4359b13870c574f233ef73	False	File_S2_outgroup_rooting_20260908.zip
modules/S2/rooting_assessment_20260908/RBH_pair_topology_audit.tsv	2868	0563135c35ec82fec729a19eda8964cf6736997bb9825efac8e37aa8911f96c9	603087d45e57e84ec7428f1c8fcca644ca047ee84e822833e7a191c69137b62b	True	File_S2_outgroup_rooting_20260908.zip
modules/S2/rooting_assessment_20260908/Selaginella_GASA_UniProt.tsv	3988	963542704001f34767405c3db4cbeff81a06ef7782415c2872becc19b3325f92	963542704001f34767405c3db4cbeff81a06ef7782415c2872becc19b3325f92	False	File_S2_outgroup_rooting_20260908.zip
modules/S2/rooting_assessment_20260908/Selaginella_GASA_source_url.txt	208	453b6d7cc4c536ed46a2ccb23478e861ab5f894847f71475733c8afc8eaeae37	453b6d7cc4c536ed46a2ccb23478e861ab5f894847f71475733c8afc8eaeae37	False	File_S2_outgroup_rooting_20260908.zip
modules/S2/rooting_assessment_20260908/Selaginella_selected_provenance.tsv	1058	8364260061a9e99a6b8404e0321c63d127a08d4e5917a29f76faa8e6339ed7ad	8364260061a9e99a6b8404e0321c63d127a08d4e5917a29f76faa8e6339ed7ad	False	File_S2_outgroup_rooting_20260908.zip
modules/S2/rooting_assessment_20260908/Selaginella_selected_provenance_url.txt	267	c4fcd0141ea88d0eea63ef615b5fdbc9e4b1278e223dea316033055262caadf4	c4fcd0141ea88d0eea63ef615b5fdbc9e4b1278e223dea316033055262caadf4	False	File_S2_outgroup_rooting_20260908.zip
modules/S2/rooting_assessment_20260908/Tamarix_larger_candidate_screen.json	2	4f53cda18c2baa0c0354bb5f9a3ecbe5ed12ab4d8e11ba873c2f11161202b945	4f53cda18c2baa0c0354bb5f9a3ecbe5ed12ab4d8e11ba873c2f11161202b945	False	File_S2_outgroup_rooting_20260908.zip
modules/S2/rooting_assessment_20260908/Tamarix_local_candidate_splits.json	2431	ea0d66a1328605f4b8cfdb575e74b76bef31032f647c8c8939cdd3f416765599	ea0d66a1328605f4b8cfdb575e74b76bef31032f647c8c8939cdd3f416765599	False	File_S2_outgroup_rooting_20260908.zip
modules/S2/rooting_assessment_20260908/Tamarix_multi_outgroup_local_screen.json	2	4f53cda18c2baa0c0354bb5f9a3ecbe5ed12ab4d8e11ba873c2f11161202b945	4f53cda18c2baa0c0354bb5f9a3ecbe5ed12ab4d8e11ba873c2f11161202b945	False	File_S2_outgroup_rooting_20260908.zip
modules/S2/rooting_assessment_20260908/Tamarix_局部例子.md	2223	885524ce6d218bf10fde6ba654b1eea51b93ef80dd47fb9f603cd4cb6bb5bcd0	885524ce6d218bf10fde6ba654b1eea51b93ef80dd47fb9f603cd4cb6bb5bcd0	False	File_S2_outgroup_rooting_20260908.zip
modules/S2/rooting_assessment_20260908/analyze_assessment.py	11385	ef156640c83ce9bd0af50840fc31fc0707075dea1a4cb90540f0e92eb3269209	8ab67e6aa0a08c690d780e6157668e271222f15ece49591713986b6ee7c546a4	True	File_S2_outgroup_rooting_20260908.zip
modules/S2/rooting_assessment_20260908/build_reading_page.py	7985	55d31a1e3b944c16bddbd90e7a41ef4a327ed47064b80d60e0a8deccb27b4816	55d31a1e3b944c16bddbd90e7a41ef4a327ed47064b80d60e0a8deccb27b4816	False	File_S2_outgroup_rooting_20260908.zip
modules/S2/rooting_assessment_20260908/build_result_tables.py	3296	350e633c6951d0de911a51ec671e725c37e3098c8bd33fb47146d8d1c629268e	350e633c6951d0de911a51ec671e725c37e3098c8bd33fb47146d8d1c629268e	False	File_S2_outgroup_rooting_20260908.zip
modules/S2/rooting_assessment_20260908/candidate_2S_UniProt.tsv	2991	62c4f93312b5197fd7785c64981fafd3d8454dcd306e75fc3d5a5f938beaf6bd	62c4f93312b5197fd7785c64981fafd3d8454dcd306e75fc3d5a5f938beaf6bd	False	File_S2_outgroup_rooting_20260908.zip
modules/S2/rooting_assessment_20260908/candidate_2S_source_url.txt	331	ece625979a12d2dcedfae2d08a89a108143c7a2bab943462e5a5d493b61d94a0	ece625979a12d2dcedfae2d08a89a108143c7a2bab943462e5a5d493b61d94a0	False	File_S2_outgroup_rooting_20260908.zip
modules/S2/rooting_assessment_20260908/config.json	1685	c0a60701714cb29581bd1ecfcbb3c95f5ea928383fab439c798365e44276bd79	c0a60701714cb29581bd1ecfcbb3c95f5ea928383fab439c798365e44276bd79	False	File_S2_outgroup_rooting_20260908.zip
modules/S2/rooting_assessment_20260908/defensin_launch.json	62	52ef8af1e6bec8c3c08373cb26a0f78970d11248008c4c236958418b6e10bcb8	52ef8af1e6bec8c3c08373cb26a0f78970d11248008c4c236958418b6e10bcb8	False	File_S2_outgroup_rooting_20260908.zip
modules/S2/rooting_assessment_20260908/delivery_manifest.json	58771	28ccc90aa9a0f63bd05eac72863946465cbadab32c7534c3b6726967d1a822c1	28ccc90aa9a0f63bd05eac72863946465cbadab32c7534c3b6726967d1a822c1	False	File_S2_outgroup_rooting_20260908.zip
modules/S2/rooting_assessment_20260908/early_land_plant_Defensin_UniProt.tsv	61	ce296abd10618b80afead40a0219881844c787d3a4deec3d3751244b0df0de16	ce296abd10618b80afead40a0219881844c787d3a4deec3d3751244b0df0de16	False	File_S2_outgroup_rooting_20260908.zip
modules/S2/rooting_assessment_20260908/early_land_plant_Defensin_source_url.txt	242	93885f3f46f3db62f7fd73f33ac1b47b579663095dfd0d8e7d83dbe2fc24e0a6	93885f3f46f3db62f7fd73f33ac1b47b579663095dfd0d8e7d83dbe2fc24e0a6	False	File_S2_outgroup_rooting_20260908.zip
modules/S2/rooting_assessment_20260908/final_validation.json	4222	059aa03f04a1d72f556746c44b68125e6e7647f76a7a996f9874ccc800edb8e4	1d2299505127be1c4a75826cf74e5cd3f293416b596142e2916fb92631706714	True	File_S2_outgroup_rooting_20260908.zip
modules/S2/rooting_assessment_20260908/finalize_delivery.py	4654	f17d16ac93315572686c954086d6cd6e1e218582578512a0bfd25fd0e0c812fd	4db04bca7e86df5b9d7163d6b01e954004c8157b02ddf0ecf5b2b34910bc04eb	True	File_S2_outgroup_rooting_20260908.zip
modules/S2/rooting_assessment_20260908/gymnosperm_Defensin_UniProt.tsv	1701	5a2dcf569ec6281427d7402b8c0e21f81c173688166a50db19250540ec9d9ed2	5a2dcf569ec6281427d7402b8c0e21f81c173688166a50db19250540ec9d9ed2	False	File_S2_outgroup_rooting_20260908.zip
modules/S2/rooting_assessment_20260908/gymnosperm_Defensin_source_url.txt	327	6bc1db09e07c9f737511dcafb47b0b198a79b3b66059cbffa631b940061b6dbe	6bc1db09e07c9f737511dcafb47b0b198a79b3b66059cbffa631b940061b6dbe	False	File_S2_outgroup_rooting_20260908.zip
modules/S2/rooting_assessment_20260908/gymnosperm_config.json	3105	6edf1da60d222d444dc80eb4a3cb82abd96550e6d5962b226ede276fb2a34555	6edf1da60d222d444dc80eb4a3cb82abd96550e6d5962b226ede276fb2a34555	False	File_S2_outgroup_rooting_20260908.zip
modules/S2/rooting_assessment_20260908/launch.json	89	ebf14d368f843c96796016e5809b21b53d62d46c31fb3c669ffcbff8a090b5b0	665fe11fbaf66336ee7b1bda100cf051cbce4d3745efed9f3acd10f4d371df71	True	File_S2_outgroup_rooting_20260908.zip
modules/S2/rooting_assessment_20260908/monitor.py	972	0619fb2c85724c80470042653c12454c84150cd056664bbe6e54d08d1cdbc7a1	52636d28bb454dc146225f1298dfa328a7da47d78e8b528bd23ffe5d768a586b	True	File_S2_outgroup_rooting_20260908.zip
modules/S2/rooting_assessment_20260908/remote_full_inventory.json	59466	83f1f8de9210b6ea49e7f8ff0edc9b3eaa5cbd2204bed4617317345e325f869d	83f1f8de9210b6ea49e7f8ff0edc9b3eaa5cbd2204bed4617317345e325f869d	False	File_S2_outgroup_rooting_20260908.zip
modules/S2/rooting_assessment_20260908/results/Selaginella_GASA_UniProt.tsv	3988	963542704001f34767405c3db4cbeff81a06ef7782415c2872becc19b3325f92	963542704001f34767405c3db4cbeff81a06ef7782415c2872becc19b3325f92	False	File_S2_outgroup_rooting_20260908.zip
modules/S2/rooting_assessment_20260908/results/Selaginella_GASA_source_url.txt	208	453b6d7cc4c536ed46a2ccb23478e861ab5f894847f71475733c8afc8eaeae37	453b6d7cc4c536ed46a2ccb23478e861ab5f894847f71475733c8afc8eaeae37	False	File_S2_outgroup_rooting_20260908.zip
modules/S2/rooting_assessment_20260908/results/Selaginella_selected_provenance.tsv	1058	8364260061a9e99a6b8404e0321c63d127a08d4e5917a29f76faa8e6339ed7ad	8364260061a9e99a6b8404e0321c63d127a08d4e5917a29f76faa8e6339ed7ad	False	File_S2_outgroup_rooting_20260908.zip
modules/S2/rooting_assessment_20260908/results/Selaginella_selected_provenance_url.txt	267	c4fcd0141ea88d0eea63ef615b5fdbc9e4b1278e223dea316033055262caadf4	c4fcd0141ea88d0eea63ef615b5fdbc9e4b1278e223dea316033055262caadf4	False	File_S2_outgroup_rooting_20260908.zip
modules/S2/rooting_assessment_20260908/results/Tamarix_local_candidate_splits.json	2431	ea0d66a1328605f4b8cfdb575e74b76bef31032f647c8c8939cdd3f416765599	ea0d66a1328605f4b8cfdb575e74b76bef31032f647c8c8939cdd3f416765599	False	File_S2_outgroup_rooting_20260908.zip
modules/S2/rooting_assessment_20260908/results/analyze_assessment.py	11385	ef156640c83ce9bd0af50840fc31fc0707075dea1a4cb90540f0e92eb3269209	8ab67e6aa0a08c690d780e6157668e271222f15ece49591713986b6ee7c546a4	True	File_S2_outgroup_rooting_20260908.zip
modules/S2/rooting_assessment_20260908/results/baseline_rooting_audit.json	91181	ae6e674e6195f7c3a7f0be9fe22846dab0d2882e7656a38733090fdd28d361f2	ae6e674e6195f7c3a7f0be9fe22846dab0d2882e7656a38733090fdd28d361f2	False	File_S2_outgroup_rooting_20260908.zip
modules/S2/rooting_assessment_20260908/results/candidate_2S_UniProt.tsv	2991	62c4f93312b5197fd7785c64981fafd3d8454dcd306e75fc3d5a5f938beaf6bd	62c4f93312b5197fd7785c64981fafd3d8454dcd306e75fc3d5a5f938beaf6bd	False	File_S2_outgroup_rooting_20260908.zip
modules/S2/rooting_assessment_20260908/results/candidate_2S_source_url.txt	331	ece625979a12d2dcedfae2d08a89a108143c7a2bab943462e5a5d493b61d94a0	ece625979a12d2dcedfae2d08a89a108143c7a2bab943462e5a5d493b61d94a0	False	File_S2_outgroup_rooting_20260908.zip
modules/S2/rooting_assessment_20260908/results/completed_runs.json	34397	8ca43c4dfa117f015af86aa1eea40b3d8020c9b3b7ab70f42d52ac60bf363347	031f24fbb73a156cead5ea783927a98393ad57a7c4d6fab116e2989708f609d9	True	File_S2_outgroup_rooting_20260908.zip
modules/S2/rooting_assessment_20260908/results/conditional_roots/Tamarix_local/README.md	833	311bff33c0c6a50142016784a35dd6e3c793fdaa1b7a867eff201e4ad63895af	311bff33c0c6a50142016784a35dd6e3c793fdaa1b7a867eff201e4ad63895af	False	File_S2_outgroup_rooting_20260908.zip
modules/S2/rooting_assessment_20260908/results/conditional_roots/Tamarix_local/candidate1.core.gappyout.nwk	234	571fa9bd0abcd4d13de8d9e914cd4dea7ed206d1cbf4f655ec04bd70fbec346f	571fa9bd0abcd4d13de8d9e914cd4dea7ed206d1cbf4f655ec04bd70fbec346f	False	File_S2_outgroup_rooting_20260908.zip
modules/S2/rooting_assessment_20260908/results/conditional_roots/Tamarix_local/candidate1.core.untrimmed.nwk	234	8720870b616aa9859396b4c336b4aee167cf7f45d2f6f9275a0fd150e0ab8051	8720870b616aa9859396b4c336b4aee167cf7f45d2f6f9275a0fd150e0ab8051	False	File_S2_outgroup_rooting_20260908.zip
modules/S2/rooting_assessment_20260908/results/conditional_roots/Tamarix_local/candidate1.full.gappyout.nwk	234	f29588facecde8ee0e7ab654b549c1f6dea883c0939f05939d8702d9b7aece98	f29588facecde8ee0e7ab654b549c1f6dea883c0939f05939d8702d9b7aece98	False	File_S2_outgroup_rooting_20260908.zip
modules/S2/rooting_assessment_20260908/results/conditional_roots/Tamarix_local/candidate1.full.untrimmed.nwk	234	af1add8d0c2c9f03bbe62dd4e3cc56a2e0ba61bebf4735f304b787eae569bfcb	af1add8d0c2c9f03bbe62dd4e3cc56a2e0ba61bebf4735f304b787eae569bfcb	False	File_S2_outgroup_rooting_20260908.zip
modules/S2/rooting_assessment_20260908/results/conditional_roots/Tamarix_local/candidate2.core.gappyout.nwk	123	1d812b661cf80dca8f2645178db0e8c4c91f1c1ef8cc7651f834340a58c239c6	1d812b661cf80dca8f2645178db0e8c4c91f1c1ef8cc7651f834340a58c239c6	False	File_S2_outgroup_rooting_20260908.zip
modules/S2/rooting_assessment_20260908/results/conditional_roots/Tamarix_local/candidate2.core.untrimmed.nwk	123	bc41569d481e676560e2e87614ee3559bfd0b816c42f42781f8b466827032b06	bc41569d481e676560e2e87614ee3559bfd0b816c42f42781f8b466827032b06	False	File_S2_outgroup_rooting_20260908.zip
modules/S2/rooting_assessment_20260908/results/conditional_roots/Tamarix_local/candidate2.full.gappyout.nwk	123	88223119ea32fc57953e3d20dad217c49139b73feb8517e98c0612ad4f3206f3	88223119ea32fc57953e3d20dad217c49139b73feb8517e98c0612ad4f3206f3	False	File_S2_outgroup_rooting_20260908.zip
modules/S2/rooting_assessment_20260908/results/conditional_roots/Tamarix_local/candidate2.full.untrimmed.nwk	123	aa7e59ed520624840f32297b83f525ac9ac238a3492aefa45c3f4207982b5eea	aa7e59ed520624840f32297b83f525ac9ac238a3492aefa45c3f4207982b5eea	False	File_S2_outgroup_rooting_20260908.zip
modules/S2/rooting_assessment_20260908/results/conditional_roots/Tamarix_local/candidate3.core.gappyout.nwk	163	3074176dc758e8858d3bb40459f931db930e3223ffef1792409597174326a93a	3074176dc758e8858d3bb40459f931db930e3223ffef1792409597174326a93a	False	File_S2_outgroup_rooting_20260908.zip
modules/S2/rooting_assessment_20260908/results/conditional_roots/Tamarix_local/candidate3.core.untrimmed.nwk	163	0fa7ce734d22d8c57b7488a71b80c489ec323910e091da1aec4c35370bd74af9	0fa7ce734d22d8c57b7488a71b80c489ec323910e091da1aec4c35370bd74af9	False	File_S2_outgroup_rooting_20260908.zip
modules/S2/rooting_assessment_20260908/results/conditional_roots/Tamarix_local/candidate3.full.gappyout.nwk	163	bc1adbe6269a4120a910d25a32f0158bf1bf2d5d732cdd62f0c74b3f123bb0fc	bc1adbe6269a4120a910d25a32f0158bf1bf2d5d732cdd62f0c74b3f123bb0fc	False	File_S2_outgroup_rooting_20260908.zip
modules/S2/rooting_assessment_20260908/results/conditional_roots/Tamarix_local/candidate3.full.untrimmed.nwk	163	944d081789c966e7a44f9a66432d41948f62de4bf7ee4189c7f733ce3d36f4b7	944d081789c966e7a44f9a66432d41948f62de4bf7ee4189c7f733ce3d36f4b7	False	File_S2_outgroup_rooting_20260908.zip
modules/S2/rooting_assessment_20260908/results/conditional_roots/Tamarix_local/candidate4.core.gappyout.nwk	253	664651da7dc08d4e9ad26a5db7694b93450487b2c9f62140d709c04e4a6e51f5	664651da7dc08d4e9ad26a5db7694b93450487b2c9f62140d709c04e4a6e51f5	False	File_S2_outgroup_rooting_20260908.zip
modules/S2/rooting_assessment_20260908/results/conditional_roots/Tamarix_local/candidate4.core.untrimmed.nwk	253	df180045effe44dcc2ff77bdd39689e5055ce7bf3359347e78e94f4b6e9918a8	df180045effe44dcc2ff77bdd39689e5055ce7bf3359347e78e94f4b6e9918a8	False	File_S2_outgroup_rooting_20260908.zip
modules/S2/rooting_assessment_20260908/results/conditional_roots/Tamarix_local/candidate4.full.gappyout.nwk	253	c6d176bb8f6e92abfd5655a3f6404ba34041a6e44cde30007c7f8d28cb54edbd	c6d176bb8f6e92abfd5655a3f6404ba34041a6e44cde30007c7f8d28cb54edbd	False	File_S2_outgroup_rooting_20260908.zip
modules/S2/rooting_assessment_20260908/results/conditional_roots/Tamarix_local/candidate4.full.untrimmed.nwk	253	88271e2ac7ccd4766aa1f738efc3801998b0f4ba55d04bdf611e835c28c6527e	88271e2ac7ccd4766aa1f738efc3801998b0f4ba55d04bdf611e835c28c6527e	False	File_S2_outgroup_rooting_20260908.zip
modules/S2/rooting_assessment_20260908/results/conditional_roots/new_runs/DEF_Gymnosperms10.full.untrimmed.nwk	5147	9bace8e1972e0d9eed3aa604d015166a69cff995d22443ae93adaecdc6423225	9bace8e1972e0d9eed3aa604d015166a69cff995d22443ae93adaecdc6423225	False	File_S2_outgroup_rooting_20260908.zip
modules/S2/rooting_assessment_20260908/results/conditional_roots/new_runs/LTP_2S_Arabidopsis5.core.gappyout.nwk	5832	477c31fef276aeb07d0fb7a4a2fcd5d7397a892fee9b61eb39476471462eb8db	477c31fef276aeb07d0fb7a4a2fcd5d7397a892fee9b61eb39476471462eb8db	False	File_S2_outgroup_rooting_20260908.zip
modules/S2/rooting_assessment_20260908/results/conditional_roots/new_runs/LTP_2S_Arabidopsis5.full.gappyout.nwk	5829	04da03e6188b407ba89cd71c1d66f6e59ec07bb44e1a5527c36a39e01eaea39d	04da03e6188b407ba89cd71c1d66f6e59ec07bb44e1a5527c36a39e01eaea39d	False	File_S2_outgroup_rooting_20260908.zip
modules/S2/rooting_assessment_20260908/results/conditional_roots/new_runs/LTP_2S_G7_3.core.gappyout.nwk	5726	88e53968e1c1a4df83d6bb2b7c12cc196e93fc530c5fca84182bcaf61da7b8ca	88e53968e1c1a4df83d6bb2b7c12cc196e93fc530c5fca84182bcaf61da7b8ca	False	File_S2_outgroup_rooting_20260908.zip
modules/S2/rooting_assessment_20260908/results/conditional_roots/new_runs/LTP_2S_G7_3.full.gappyout.nwk	5726	13e155cdb70675f4a3c068a0b5f88eeabf11175b5e782c134345ff333887179d	13e155cdb70675f4a3c068a0b5f88eeabf11175b5e782c134345ff333887179d	False	File_S2_outgroup_rooting_20260908.zip
modules/S2/rooting_assessment_20260908/results/conditional_roots/new_runs/LTP_2S_all8.core.gappyout.nwk	5978	ab27e9487042b6682f76e23ef8a28834672ea31bcce6a97e7c176f3642655be6	ab27e9487042b6682f76e23ef8a28834672ea31bcce6a97e7c176f3642655be6	False	File_S2_outgroup_rooting_20260908.zip
modules/S2/rooting_assessment_20260908/results/conditional_roots/new_runs/LTP_2S_all8.core.untrimmed.nwk	6000	90bbcfbf3d5d3816cfe6c1bff4da09551aeda1ba6a6060e2f6cb7c2fb175ef2d	90bbcfbf3d5d3816cfe6c1bff4da09551aeda1ba6a6060e2f6cb7c2fb175ef2d	False	File_S2_outgroup_rooting_20260908.zip
modules/S2/rooting_assessment_20260908/results/conditional_roots/new_runs/LTP_2S_all8.full.gappyout.nwk	5985	3740edbb7c785fd8c55158c2190fac9d1964f03f52eb9c5edc94e31ba4532a10	3740edbb7c785fd8c55158c2190fac9d1964f03f52eb9c5edc94e31ba4532a10	False	File_S2_outgroup_rooting_20260908.zip
modules/S2/rooting_assessment_20260908/results/conditional_roots/new_runs/LTP_2S_all8.full.untrimmed.nwk	6002	8d8f7fad18a0feeee0d3387b5ec3ec183678a4b92650a57303e45c07abe35965	8d8f7fad18a0feeee0d3387b5ec3ec183678a4b92650a57303e45c07abe35965	False	File_S2_outgroup_rooting_20260908.zip
modules/S2/rooting_assessment_20260908/results/conditional_roots/original_2S/nsLTP.core.gappyout.nwk	8009	44c01b298399db08f70da57995fa0f9e23a16eb0a07abb6fd8dd19464b75f3fd	44c01b298399db08f70da57995fa0f9e23a16eb0a07abb6fd8dd19464b75f3fd	False	File_S2_outgroup_rooting_20260908.zip
modules/S2/rooting_assessment_20260908/results/conditional_roots/original_2S/nsLTP.core.untrimmed.nwk	8017	868bdd58214728cf614d55616378d4066b825503c39546a2edc0f6af2907f138	868bdd58214728cf614d55616378d4066b825503c39546a2edc0f6af2907f138	False	File_S2_outgroup_rooting_20260908.zip
modules/S2/rooting_assessment_20260908/results/conditional_roots/original_2S/nsLTP.full.gappyout.nwk	8030	3ea23ccb98b4aee6c9aadbafca6ad81bcc915ff8862c9530c9de81af66373e03	3ea23ccb98b4aee6c9aadbafca6ad81bcc915ff8862c9530c9de81af66373e03	False	File_S2_outgroup_rooting_20260908.zip
modules/S2/rooting_assessment_20260908/results/conditional_roots/original_2S/nsLTP.full.untrimmed.nwk	8024	6e3064c44d4a0eb82063b2d333c2973bc95312b517eb64b3f0850783e1b97ed7	6e3064c44d4a0eb82063b2d333c2973bc95312b517eb64b3f0850783e1b97ed7	False	File_S2_outgroup_rooting_20260908.zip
modules/S2/rooting_assessment_20260908/results/conditional_roots/original_Pinus/Defensin.core.gappyout.nwk	4716	cc80bf0f5fcc2c397b223683e3a3cc268dd2af5973e7d69950907c1c53c2979a	cc80bf0f5fcc2c397b223683e3a3cc268dd2af5973e7d69950907c1c53c2979a	False	File_S2_outgroup_rooting_20260908.zip
modules/S2/rooting_assessment_20260908/results/conditional_roots/original_Pinus/Defensin.core.untrimmed.nwk	4723	4e3ec1ebefc9bae17548a22746a4d5c3273943be23baa8a2e7ce37cc1dc8a2ef	4e3ec1ebefc9bae17548a22746a4d5c3273943be23baa8a2e7ce37cc1dc8a2ef	False	File_S2_outgroup_rooting_20260908.zip
modules/S2/rooting_assessment_20260908/results/conditional_roots/original_Pinus/Defensin.full.untrimmed.nwk	4757	f23c9d4d99c02db45b0336c42e37ac87de0e0675e40f01eac5be0108324f46be	f23c9d4d99c02db45b0336c42e37ac87de0e0675e40f01eac5be0108324f46be	False	File_S2_outgroup_rooting_20260908.zip
modules/S2/rooting_assessment_20260908/results/config.json	1685	c0a60701714cb29581bd1ecfcbb3c95f5ea928383fab439c798365e44276bd79	c0a60701714cb29581bd1ecfcbb3c95f5ea928383fab439c798365e44276bd79	False	File_S2_outgroup_rooting_20260908.zip
modules/S2/rooting_assessment_20260908/results/datasets.json	21804	077a4c92d0eb8389616cb50a1d7914cfe720f0094dcb156f5740a9f8d659bf85	cb73a7d1bb68dcdded00cdb93090b2a8342ab74a8891643a420ec15ac71dbb12	True	File_S2_outgroup_rooting_20260908.zip
modules/S2/rooting_assessment_20260908/results/defensin_datasets.json	5128	e2d0d1f2cfe3a9984805215801e80c155e5e34dad2d62220502280624e131110	47de25f6fbb992a738cf0dd4d1e30991bbeee3ffe207711329d1342149630851	True	File_S2_outgroup_rooting_20260908.zip
modules/S2/rooting_assessment_20260908/results/defensin_driver.log	0	e3b0c44298fc1c149afbf4c8996fb92427ae41e4649b934ca495991b7852b855	e3b0c44298fc1c149afbf4c8996fb92427ae41e4649b934ca495991b7852b855	False	File_S2_outgroup_rooting_20260908.zip
modules/S2/rooting_assessment_20260908/results/defensin_driver_parallel.log	0	e3b0c44298fc1c149afbf4c8996fb92427ae41e4649b934ca495991b7852b855	e3b0c44298fc1c149afbf4c8996fb92427ae41e4649b934ca495991b7852b855	False	File_S2_outgroup_rooting_20260908.zip
modules/S2/rooting_assessment_20260908/results/defensin_status.json	46	76b5f9d35cb93dfd2eff2c833b9ff3f35135d5924fbe334383500c1fb6d11229	76b5f9d35cb93dfd2eff2c833b9ff3f35135d5924fbe334383500c1fb6d11229	False	File_S2_outgroup_rooting_20260908.zip
modules/S2/rooting_assessment_20260908/results/driver.log	498	11485d06be05051915587ed8366436e600820b1170d6cf28e2b0b6c0d096218a	11485d06be05051915587ed8366436e600820b1170d6cf28e2b0b6c0d096218a	False	File_S2_outgroup_rooting_20260908.zip
modules/S2/rooting_assessment_20260908/results/early_land_plant_Defensin_UniProt.tsv	61	ce296abd10618b80afead40a0219881844c787d3a4deec3d3751244b0df0de16	ce296abd10618b80afead40a0219881844c787d3a4deec3d3751244b0df0de16	False	File_S2_outgroup_rooting_20260908.zip
modules/S2/rooting_assessment_20260908/results/early_land_plant_Defensin_source_url.txt	242	93885f3f46f3db62f7fd73f33ac1b47b579663095dfd0d8e7d83dbe2fc24e0a6	93885f3f46f3db62f7fd73f33ac1b47b579663095dfd0d8e7d83dbe2fc24e0a6	False	File_S2_outgroup_rooting_20260908.zip
modules/S2/rooting_assessment_20260908/results/gymnosperm_Defensin_UniProt.tsv	1701	5a2dcf569ec6281427d7402b8c0e21f81c173688166a50db19250540ec9d9ed2	5a2dcf569ec6281427d7402b8c0e21f81c173688166a50db19250540ec9d9ed2	False	File_S2_outgroup_rooting_20260908.zip
modules/S2/rooting_assessment_20260908/results/gymnosperm_Defensin_source_url.txt	327	6bc1db09e07c9f737511dcafb47b0b198a79b3b66059cbffa631b940061b6dbe	6bc1db09e07c9f737511dcafb47b0b198a79b3b66059cbffa631b940061b6dbe	False	File_S2_outgroup_rooting_20260908.zip
modules/S2/rooting_assessment_20260908/results/gymnosperm_config.json	3105	6edf1da60d222d444dc80eb4a3cb82abd96550e6d5962b226ede276fb2a34555	6edf1da60d222d444dc80eb4a3cb82abd96550e6d5962b226ede276fb2a34555	False	File_S2_outgroup_rooting_20260908.zip
modules/S2/rooting_assessment_20260908/results/inputs/DEF_Gymnosperms10.core.faa	6963	d0d101556c4595dd76032c52fd515759ded29ac101eaad853e5031662f7bbd9c	d0d101556c4595dd76032c52fd515759ded29ac101eaad853e5031662f7bbd9c	False	File_S2_outgroup_rooting_20260908.zip
modules/S2/rooting_assessment_20260908/results/inputs/DEF_Gymnosperms10.full.faa	9245	8bbcdb5120bf06427222332b2a51b9c2fc88afa8a7c1ddbf42ed76f6cee22fce	8bbcdb5120bf06427222332b2a51b9c2fc88afa8a7c1ddbf42ed76f6cee22fce	False	File_S2_outgroup_rooting_20260908.zip
modules/S2/rooting_assessment_20260908/results/inputs/GASA_Selaginella3.core.faa	3861	6048c59facd1d56c9032a38825e9b3816e40846cd7e74698f1496ccedb7232a4	6048c59facd1d56c9032a38825e9b3816e40846cd7e74698f1496ccedb7232a4	False	File_S2_outgroup_rooting_20260908.zip
modules/S2/rooting_assessment_20260908/results/inputs/GASA_Selaginella3.full.faa	5807	95b78847d864e4027c66bce1f6f8927de8ed6869eecd4e69230177b0f8b61755	95b78847d864e4027c66bce1f6f8927de8ed6869eecd4e69230177b0f8b61755	False	File_S2_outgroup_rooting_20260908.zip
modules/S2/rooting_assessment_20260908/results/inputs/LTP_2S_Arabidopsis5.core.faa	12958	6d8d9edb859d6f723a1bceb2008448a65d2d703f2620e579c758c423e855399c	6d8d9edb859d6f723a1bceb2008448a65d2d703f2620e579c758c423e855399c	False	File_S2_outgroup_rooting_20260908.zip
modules/S2/rooting_assessment_20260908/results/inputs/LTP_2S_Arabidopsis5.full.faa	18729	82ae24a60be3d82919fcadd32cf5811d1d13093bf7cb1dce774d9a79554d00bc	82ae24a60be3d82919fcadd32cf5811d1d13093bf7cb1dce774d9a79554d00bc	False	File_S2_outgroup_rooting_20260908.zip
modules/S2/rooting_assessment_20260908/results/inputs/LTP_2S_G7_3.core.faa	12514	22fbcb9328ad22d47a92b9a887e04d035e0a2da4897585bf355a0e6f5068f77f	22fbcb9328ad22d47a92b9a887e04d035e0a2da4897585bf355a0e6f5068f77f	False	File_S2_outgroup_rooting_20260908.zip
modules/S2/rooting_assessment_20260908/results/inputs/LTP_2S_G7_3.full.faa	18280	e041144d25b3e986cae47149b6d3d03df29fdf439701f5f20df1f3788932b414	e041144d25b3e986cae47149b6d3d03df29fdf439701f5f20df1f3788932b414	False	File_S2_outgroup_rooting_20260908.zip
modules/S2/rooting_assessment_20260908/results/inputs/LTP_2S_all8.core.faa	13320	a56a7e519d6d5761c69369850a834708123532af51817fbe4963fe35a63c55ab	a56a7e519d6d5761c69369850a834708123532af51817fbe4963fe35a63c55ab	False	File_S2_outgroup_rooting_20260908.zip
modules/S2/rooting_assessment_20260908/results/inputs/LTP_2S_all8.full.faa	19214	c3a5a878f709f4665a273847f5d064ce090cb6f1347e847d3c9b5f005cf686e8	c3a5a878f709f4665a273847f5d064ce090cb6f1347e847d3c9b5f005cf686e8	False	File_S2_outgroup_rooting_20260908.zip
modules/S2/rooting_assessment_20260908/results/new_rooting_results.json	87573	7d54234adc857da1dac511b007231eda889dc0ad27558e2c37f3ed0975ee5060	7d54234adc857da1dac511b007231eda889dc0ad27558e2c37f3ed0975ee5060	False	File_S2_outgroup_rooting_20260908.zip
modules/S2/rooting_assessment_20260908/results/run_assessment.py	6019	9a89fe8fe7969df9779bf5e39d0d3627cd37f5415eaeb92011210ba963a65f85	cf4fbe71142f53702eb8ce3ecae0cf590c42ee83e02f60102b642023656fde83	True	File_S2_outgroup_rooting_20260908.zip
modules/S2/rooting_assessment_20260908/results/run_assessment_initial.py	5936	8791ebf96070d6705da12f657665c5d6c5318c698a5bea7b27c6c20ab6d9eada	31879b65b83ce8f86079df3dd672ee072dae963ee1caa41429fb7ed3d7ffb0ba	True	File_S2_outgroup_rooting_20260908.zip
modules/S2/rooting_assessment_20260908/results/run_defensin_extension.py	1960	c2acc7323f1477e3b08a3aa41b7c1adfbae400c11ecc2fbe7e0a07da6516f748	c2acc7323f1477e3b08a3aa41b7c1adfbae400c11ecc2fbe7e0a07da6516f748	False	File_S2_outgroup_rooting_20260908.zip
modules/S2/rooting_assessment_20260908/results/run_defensin_extension_queued.py	1922	6e28e007326b816d3aaec22bd13f1c3e8c6c5fd068fa7d8e954505b605821198	6e28e007326b816d3aaec22bd13f1c3e8c6c5fd068fa7d8e954505b605821198	False	File_S2_outgroup_rooting_20260908.zip
modules/S2/rooting_assessment_20260908/results/run_metadata.json	280	f90a6734f615303459e63da26c13e30302ab645966e3fe2d584aa0bd7345477e	f90a6734f615303459e63da26c13e30302ab645966e3fe2d584aa0bd7345477e	False	File_S2_outgroup_rooting_20260908.zip
modules/S2/rooting_assessment_20260908/results/runs/DEF_Gymnosperms10/core/aligned.faa	11144	08724d52cdc4396f8bad93e96ca8488a5eff3e00e8f09914d6ae745fc6157d3f	08724d52cdc4396f8bad93e96ca8488a5eff3e00e8f09914d6ae745fc6157d3f	False	File_S2_outgroup_rooting_20260908.zip
modules/S2/rooting_assessment_20260908/results/runs/DEF_Gymnosperms10/core/gappyout.command.json	398	a7560acb8d44c527e1bfe8deefeb27a1775449a235eb4f3f1abcefd058ba4a5d	8a5a36c2864c6c444f2e938b40d63ff7add0a68a53dca348f5cff9b506964054	True	File_S2_outgroup_rooting_20260908.zip
modules/S2/rooting_assessment_20260908/results/runs/DEF_Gymnosperms10/core/gappyout.completed.json	2594	7b476701eae0a3023d6e2cc81e61982c1965dca8e0cf4ca279501ee467132fd0	1fae6420a65a82d277193f1e6a5b979be62e2c8514102fb9ae6c60d8387733c7	True	File_S2_outgroup_rooting_20260908.zip
modules/S2/rooting_assessment_20260908/results/runs/DEF_Gymnosperms10/core/gappyout.contree	4610	8b60e38375b725b84510985a6f00147076dc569a42dc1174c1044c41c5e8ec59	8b60e38375b725b84510985a6f00147076dc569a42dc1174c1044c41c5e8ec59	False	File_S2_outgroup_rooting_20260908.zip
modules/S2/rooting_assessment_20260908/results/runs/DEF_Gymnosperms10/core/gappyout.faa	6328	184adaaebebcfc8ec4e1371ef1c8a70ad99c93b22aaa7fd77f68ec6c1848f936	184adaaebebcfc8ec4e1371ef1c8a70ad99c93b22aaa7fd77f68ec6c1848f936	False	File_S2_outgroup_rooting_20260908.zip
modules/S2/rooting_assessment_20260908/results/runs/DEF_Gymnosperms10/core/gappyout.iqtree	43894	68227422102859f15cf469923cb356ab211eed71a723e6d843d60d99d1106e1f	850d8278cc99a70f4712192523f047db93f766b0af11a7ff3f41db9a280a757d	True	File_S2_outgroup_rooting_20260908.zip
modules/S2/rooting_assessment_20260908/results/runs/DEF_Gymnosperms10/core/gappyout.log	93845	c65e96a8398e4463699420778855da8bce8e60a866d816150dcc8c07dc73a814	686ac91bc562716ab80de194ccdd2c0359a1fa54560b96f2ba4e40f53105d8be	True	File_S2_outgroup_rooting_20260908.zip
modules/S2/rooting_assessment_20260908/results/runs/DEF_Gymnosperms10/core/gappyout.stdout.log	93845	c65e96a8398e4463699420778855da8bce8e60a866d816150dcc8c07dc73a814	686ac91bc562716ab80de194ccdd2c0359a1fa54560b96f2ba4e40f53105d8be	True	File_S2_outgroup_rooting_20260908.zip
modules/S2/rooting_assessment_20260908/results/runs/DEF_Gymnosperms10/core/gappyout.treefile	5081	c70d64071eb23c5971fd678919334f8efdd7797c4016edb8bbded20520c360c0	c70d64071eb23c5971fd678919334f8efdd7797c4016edb8bbded20520c360c0	False	File_S2_outgroup_rooting_20260908.zip
modules/S2/rooting_assessment_20260908/results/runs/DEF_Gymnosperms10/core/mafft.log	33615	c19eb0107bbceead7af81c20c46783cf7ba4606cbd636c41ca80bfd01d8a741d	c19eb0107bbceead7af81c20c46783cf7ba4606cbd636c41ca80bfd01d8a741d	False	File_S2_outgroup_rooting_20260908.zip
modules/S2/rooting_assessment_20260908/results/runs/DEF_Gymnosperms10/core/mafft_command.json	198	e748da5fcba3f62ea17f76203240bbe7b19b73b1e7386ea8e73b42287d46d608	cf1503b9464e6c721c7c560d62a19781364e5f13c2e3635cd227cd4e8d262a2f	True	File_S2_outgroup_rooting_20260908.zip
modules/S2/rooting_assessment_20260908/results/runs/DEF_Gymnosperms10/core/trimal.log	0	e3b0c44298fc1c149afbf4c8996fb92427ae41e4649b934ca495991b7852b855	e3b0c44298fc1c149afbf4c8996fb92427ae41e4649b934ca495991b7852b855	False	File_S2_outgroup_rooting_20260908.zip
modules/S2/rooting_assessment_20260908/results/runs/DEF_Gymnosperms10/core/trimal_command.json	270	735d4fa59d1690e3ae9f8fbe4df5f69494f97ae34aab0ec887c2a4a1e062556f	9debcc7021cd308c80d16ab8571aa892e979b27a4aa202f475d7453fc64127c4	True	File_S2_outgroup_rooting_20260908.zip
modules/S2/rooting_assessment_20260908/results/runs/DEF_Gymnosperms10/core/untrimmed.command.json	398	075dde7783d64a5fa3216918e64e0e8e2cf52957d5c9f0963866e0bc19465d42	109122a2090dd7026cc99cae43080122cc3bae43bd5660f1ebe5773f68fe578a	True	File_S2_outgroup_rooting_20260908.zip
modules/S2/rooting_assessment_20260908/results/runs/DEF_Gymnosperms10/core/untrimmed.completed.json	2595	85b93c569c52400fe6d4405b8253e5d34d3e829ccf4f7dfeccd58847f47053c6	61de82d9cc168a51d6bba2380cf8507a815516ad03a523fe9227ba3caec42d49	True	File_S2_outgroup_rooting_20260908.zip
modules/S2/rooting_assessment_20260908/results/runs/DEF_Gymnosperms10/core/untrimmed.contree	4608	f4980b082a0b053ad2739a44395b0b5327847f0cba41b718511aa93c2074865b	f4980b082a0b053ad2739a44395b0b5327847f0cba41b718511aa93c2074865b	False	File_S2_outgroup_rooting_20260908.zip
modules/S2/rooting_assessment_20260908/results/runs/DEF_Gymnosperms10/core/untrimmed.iqtree	41901	ede947a66dc3b6c9cf27aa3a93047f65a52e8abf2e9d3a361209be0ea36076ca	5397d4c5e18cd33c497bcb5c9d8457c71a2370731ad18148da0954fe8ceecff9	True	File_S2_outgroup_rooting_20260908.zip
modules/S2/rooting_assessment_20260908/results/runs/DEF_Gymnosperms10/core/untrimmed.log	92078	357eb99ded5dca9b8762e1f89fb7d694a384539a90f8f99ee3f60734e0304ebb	3e79799740b4d9128076205b20ad76f9972d818eddb056ea5f05d909d77c25cb	True	File_S2_outgroup_rooting_20260908.zip
modules/S2/rooting_assessment_20260908/results/runs/DEF_Gymnosperms10/core/untrimmed.stdout.log	92078	357eb99ded5dca9b8762e1f89fb7d694a384539a90f8f99ee3f60734e0304ebb	3e79799740b4d9128076205b20ad76f9972d818eddb056ea5f05d909d77c25cb	True	File_S2_outgroup_rooting_20260908.zip
modules/S2/rooting_assessment_20260908/results/runs/DEF_Gymnosperms10/core/untrimmed.treefile	5076	cefad623971f52eb2ec41cf23284acb4c4405db71b640acf7a2b7544c1d241c6	cefad623971f52eb2ec41cf23284acb4c4405db71b640acf7a2b7544c1d241c6	False	File_S2_outgroup_rooting_20260908.zip
modules/S2/rooting_assessment_20260908/results/runs/DEF_Gymnosperms10/full/aligned.faa	24584	b22746475e8b7cd6b886a9c6bf9c1c772fc122c40a19dab4d9dac862a2230697	b22746475e8b7cd6b886a9c6bf9c1c772fc122c40a19dab4d9dac862a2230697	False	File_S2_outgroup_rooting_20260908.zip
modules/S2/rooting_assessment_20260908/results/runs/DEF_Gymnosperms10/full/gappyout.command.json	398	4e2b46689afeb255f43d94e1c944959a7ce391d4a48ad5c12ba66ad4a456eeea	96833f94a18eec0c7daab896c89f0c5154f59098ffedf5fbd895949f7b4162e2	True	File_S2_outgroup_rooting_20260908.zip
modules/S2/rooting_assessment_20260908/results/runs/DEF_Gymnosperms10/full/gappyout.completed.json	2595	9a8ee0bcc695f5399f809e25855b75fabeb6912ea49b2ed759befa640d7ea396	5b04366ea944cb261e93a17c5ff75d34cf53fb3196dc57959e9bec5e2fed0eaa	True	File_S2_outgroup_rooting_20260908.zip
modules/S2/rooting_assessment_20260908/results/runs/DEF_Gymnosperms10/full/gappyout.contree	4608	583c00c5490b451fc3cedcf2b135910e3be093e97c44e3aac40d9fdaa5146cda	583c00c5490b451fc3cedcf2b135910e3be093e97c44e3aac40d9fdaa5146cda	False	File_S2_outgroup_rooting_20260908.zip
modules/S2/rooting_assessment_20260908/results/runs/DEF_Gymnosperms10/full/gappyout.faa	6552	73f91b4b652b88c79fc9d1668b7b8087889a9535464ccd6f37e20dea02875360	73f91b4b652b88c79fc9d1668b7b8087889a9535464ccd6f37e20dea02875360	False	File_S2_outgroup_rooting_20260908.zip
modules/S2/rooting_assessment_20260908/results/runs/DEF_Gymnosperms10/full/gappyout.iqtree	45224	913bd458b91c4ab7a2cc9825297ecde866de78718ed909f99226845c2d4bd4f2	fd03d0df717ace6f6bbc7eb15740b3fabae3e3e58cff3f60a3820c2f54227570	True	File_S2_outgroup_rooting_20260908.zip
modules/S2/rooting_assessment_20260908/results/runs/DEF_Gymnosperms10/full/gappyout.log	96690	5b9c9d21b072d472da0df37c5239e55d19adc11c44e2e62d74bd8328f748234b	b192c8267b6b93872d9b1c8b91e0cdd2d8e593f3daed1f69dd5d0d9998003d7d	True	File_S2_outgroup_rooting_20260908.zip
modules/S2/rooting_assessment_20260908/results/runs/DEF_Gymnosperms10/full/gappyout.stdout.log	96690	5b9c9d21b072d472da0df37c5239e55d19adc11c44e2e62d74bd8328f748234b	b192c8267b6b93872d9b1c8b91e0cdd2d8e593f3daed1f69dd5d0d9998003d7d	True	File_S2_outgroup_rooting_20260908.zip
modules/S2/rooting_assessment_20260908/results/runs/DEF_Gymnosperms10/full/gappyout.treefile	5063	d3e93360c7aba4c1847eb5ee39292101a2d8af8a558840a5bec09cd8fd785217	d3e93360c7aba4c1847eb5ee39292101a2d8af8a558840a5bec09cd8fd785217	False	File_S2_outgroup_rooting_20260908.zip
modules/S2/rooting_assessment_20260908/results/runs/DEF_Gymnosperms10/full/mafft.log	35991	2576ca3097bde25680143dc8e42166f78f8d69c0333eea5c9377c6912ac6d00c	2576ca3097bde25680143dc8e42166f78f8d69c0333eea5c9377c6912ac6d00c	False	File_S2_outgroup_rooting_20260908.zip
modules/S2/rooting_assessment_20260908/results/runs/DEF_Gymnosperms10/full/mafft_command.json	198	7c727b7024a06c0c66e28ee9e9e24bfc80a2a51f935df621492e061e066bf4a1	58677fcea398e01a5256fa51774aa108022ec912276ab22c6a907fa571a03c8a	True	File_S2_outgroup_rooting_20260908.zip
modules/S2/rooting_assessment_20260908/results/runs/DEF_Gymnosperms10/full/trimal.log	0	e3b0c44298fc1c149afbf4c8996fb92427ae41e4649b934ca495991b7852b855	e3b0c44298fc1c149afbf4c8996fb92427ae41e4649b934ca495991b7852b855	False	File_S2_outgroup_rooting_20260908.zip
modules/S2/rooting_assessment_20260908/results/runs/DEF_Gymnosperms10/full/trimal_command.json	270	2ed5775f3299fa70f94767bda26c69a90823c1e51b1c3c8235d6e3dcdff703b2	c09dff7fb2ea14d2eca363c9cbb29a6fc4f11fd2b3afe2ee21a051b64b8ebe3a	True	File_S2_outgroup_rooting_20260908.zip
modules/S2/rooting_assessment_20260908/results/runs/DEF_Gymnosperms10/full/untrimmed.command.json	398	bc4206d6d24ba082ae479fd8f6dd432fc1b9ed28d1bc3897df9bcfcd64e99e7e	a79e15f50899a246268f72e69ec8396066a969a43525bef600669e6777a7d222	True	File_S2_outgroup_rooting_20260908.zip
modules/S2/rooting_assessment_20260908/results/runs/DEF_Gymnosperms10/full/untrimmed.completed.json	2595	2d92bbad5e742865d5adb71c256941b1e4a05cf9d1fd852af7a3cace849891dc	2dc0a089cc177cae4bc65ebee390f06ac0fd9b4f8ef3078e4449c17901d7d80e	True	File_S2_outgroup_rooting_20260908.zip
modules/S2/rooting_assessment_20260908/results/runs/DEF_Gymnosperms10/full/untrimmed.contree	4611	4a13997c774331f4be6844a352f158f17dc39c71e38105e01b6d19c9d9862d7b	4a13997c774331f4be6844a352f158f17dc39c71e38105e01b6d19c9d9862d7b	False	File_S2_outgroup_rooting_20260908.zip
modules/S2/rooting_assessment_20260908/results/runs/DEF_Gymnosperms10/full/untrimmed.iqtree	42933	79c8cc8da71e4a130ece5af81cdd4ba124cd39d4e0531f0312cc244db243ab33	9044824ad0769ebaf995cc78455d9f4dd91e153b36685f1c7b0756ec02f44eb6	True	File_S2_outgroup_rooting_20260908.zip
modules/S2/rooting_assessment_20260908/results/runs/DEF_Gymnosperms10/full/untrimmed.log	25379	daa9b28c1dfa1de4bddd18dfba9bd2f57701cf3278ff34d24efb6a3a4ebd4ea1	fd4af8154d89aceacff49bbf7973c0fece1d455a9554ddc6c12e60b2cea32dbb	True	File_S2_outgroup_rooting_20260908.zip
modules/S2/rooting_assessment_20260908/results/runs/DEF_Gymnosperms10/full/untrimmed.stdout.log	25379	daa9b28c1dfa1de4bddd18dfba9bd2f57701cf3278ff34d24efb6a3a4ebd4ea1	fd4af8154d89aceacff49bbf7973c0fece1d455a9554ddc6c12e60b2cea32dbb	True	File_S2_outgroup_rooting_20260908.zip
modules/S2/rooting_assessment_20260908/results/runs/DEF_Gymnosperms10/full/untrimmed.treefile	5119	c095969b169711589c229e28a53546ffee687fd2c98fc421c2efa9d689294ead	c095969b169711589c229e28a53546ffee687fd2c98fc421c2efa9d689294ead	False	File_S2_outgroup_rooting_20260908.zip
modules/S2/rooting_assessment_20260908/results/runs/GASA_Selaginella3/core/aligned.faa	8477	acfed71d57787bfd50c897c68765962643c6333deb8675629783da6ee0af624c	acfed71d57787bfd50c897c68765962643c6333deb8675629783da6ee0af624c	False	File_S2_outgroup_rooting_20260908.zip
modules/S2/rooting_assessment_20260908/results/runs/GASA_Selaginella3/core/gappyout.command.json	398	7ba0691bcca0f5145155c144230d13a5d9136e04f5c296562a67f57e60017979	c6aabe2d237881dfaac85d782e3650d45139cbbe89ede969f5c8a47f88d90174	True	File_S2_outgroup_rooting_20260908.zip
modules/S2/rooting_assessment_20260908/results/runs/GASA_Selaginella3/core/gappyout.completed.json	1455	ff2695eb465f912e2d21edc4593fadf3b8c28125d0090596a55688900ae47723	a1df2107964ecc3e983db03aea147cbb0ca04ea7c76c51fbaea8d06c6003acd5	True	File_S2_outgroup_rooting_20260908.zip
modules/S2/rooting_assessment_20260908/results/runs/GASA_Selaginella3/core/gappyout.contree	1944	2c521f3dd11e68e2ea4be62c2d77edf8930c69fbff8cd08b1830020431812655	2c521f3dd11e68e2ea4be62c2d77edf8930c69fbff8cd08b1830020431812655	False	File_S2_outgroup_rooting_20260908.zip
modules/S2/rooting_assessment_20260908/results/runs/GASA_Selaginella3/core/gappyout.faa	3371	a1c270488ca5d3723249f67e52403e61855d408e094117b46d6817ee53664e4e	a1c270488ca5d3723249f67e52403e61855d408e094117b46d6817ee53664e4e	False	File_S2_outgroup_rooting_20260908.zip
modules/S2/rooting_assessment_20260908/results/runs/GASA_Selaginella3/core/gappyout.iqtree	23963	a02609be55a1ab8a1e9095565b4d574730e04226a41a27ef9cec7986326e498b	5722ac0774a77e734c048ae8e54c08582a58a5736fde589b1ec0276112d88f46	True	File_S2_outgroup_rooting_20260908.zip
modules/S2/rooting_assessment_20260908/results/runs/GASA_Selaginella3/core/gappyout.log	51614	1e52f7b64ca9404df38c8afff3e1efc2c310c38d5216a1b13a3c1a6f56b4fd6f	e67dbe7dc25dcb172da93559168564e625641589d14b27c61fbc628fb712c980	True	File_S2_outgroup_rooting_20260908.zip
modules/S2/rooting_assessment_20260908/results/runs/GASA_Selaginella3/core/gappyout.stdout.log	51614	1e52f7b64ca9404df38c8afff3e1efc2c310c38d5216a1b13a3c1a6f56b4fd6f	e67dbe7dc25dcb172da93559168564e625641589d14b27c61fbc628fb712c980	True	File_S2_outgroup_rooting_20260908.zip
modules/S2/rooting_assessment_20260908/results/runs/GASA_Selaginella3/core/gappyout.treefile	2142	96aaebcae1d0e7f62f290016f7874fa4e6bfdc27a92abcd3598e0526f7e65bc5	96aaebcae1d0e7f62f290016f7874fa4e6bfdc27a92abcd3598e0526f7e65bc5	False	File_S2_outgroup_rooting_20260908.zip
modules/S2/rooting_assessment_20260908/results/runs/GASA_Selaginella3/core/mafft.log	16444	e0f38afe63845d7cf9bcaf7a04624784183ae0e458d89a45b47c57d3382f1cb9	e0f38afe63845d7cf9bcaf7a04624784183ae0e458d89a45b47c57d3382f1cb9	False	File_S2_outgroup_rooting_20260908.zip
modules/S2/rooting_assessment_20260908/results/runs/GASA_Selaginella3/core/mafft_command.json	198	8e1ff231512903e9689b2206afe86d11d3b1170dd288821421ce0dc11570505e	35ce0f5c68b7eda5e581bffa24b4deb321312074c1bcfb68b99aa600b7f2731d	True	File_S2_outgroup_rooting_20260908.zip
modules/S2/rooting_assessment_20260908/results/runs/GASA_Selaginella3/core/trimal.log	0	e3b0c44298fc1c149afbf4c8996fb92427ae41e4649b934ca495991b7852b855	e3b0c44298fc1c149afbf4c8996fb92427ae41e4649b934ca495991b7852b855	False	File_S2_outgroup_rooting_20260908.zip
modules/S2/rooting_assessment_20260908/results/runs/GASA_Selaginella3/core/trimal_command.json	270	5013fc70a7a9e694bf0fa9a1054d06c9c1064f6bc730c49573b2d4db48cb1280	6430deb5cf1e0431e98e1b6e32c749384c6945c60e399b8c983377bbcd53da56	True	File_S2_outgroup_rooting_20260908.zip
modules/S2/rooting_assessment_20260908/results/runs/GASA_Selaginella3/core/untrimmed.command.json	398	e0b02f4d17886c2da8c485ef6a39d249189960beee4ac1b425974cb3d2e58238	8b2cf4249befbef4e17070a0bf73e0d1fb3575e1c6a65bab6f3e73e8ca2fad94	True	File_S2_outgroup_rooting_20260908.zip
modules/S2/rooting_assessment_20260908/results/runs/GASA_Selaginella3/core/untrimmed.completed.json	1457	bcc3e340614982cc3201353af27dc18569dc9ae10bc30ac852a34c3ae1eac1b8	501a5fd9a2b9587d76c322911ab22de6f85fb9db0bd4b073480a48d301bbf561	True	File_S2_outgroup_rooting_20260908.zip
modules/S2/rooting_assessment_20260908/results/runs/GASA_Selaginella3/core/untrimmed.contree	1944	b43ffd86042fdb8a606a705eeea0ed959f2d548901fd0b29e4c163bf1aa7b942	b43ffd86042fdb8a606a705eeea0ed959f2d548901fd0b29e4c163bf1aa7b942	False	File_S2_outgroup_rooting_20260908.zip
modules/S2/rooting_assessment_20260908/results/runs/GASA_Selaginella3/core/untrimmed.iqtree	22392	0ab96d9b84415b0c9adbf479893c289ba83b03c68809d33141f532f993d27973	9d83ad700640837eb739e9d75e1b5d971762faeed4903a7fc6437931e5a598bc	True	File_S2_outgroup_rooting_20260908.zip
modules/S2/rooting_assessment_20260908/results/runs/GASA_Selaginella3/core/untrimmed.log	15301	1095c031f62a8cc797df2d19490289483a47f9a0183515f956a8867a89218664	0d919da807010c462cb5729f49c409dda29026e94d8d09df3585c4cf497da491	True	File_S2_outgroup_rooting_20260908.zip
modules/S2/rooting_assessment_20260908/results/runs/GASA_Selaginella3/core/untrimmed.stdout.log	15301	1095c031f62a8cc797df2d19490289483a47f9a0183515f956a8867a89218664	0d919da807010c462cb5729f49c409dda29026e94d8d09df3585c4cf497da491	True	File_S2_outgroup_rooting_20260908.zip
modules/S2/rooting_assessment_20260908/results/runs/GASA_Selaginella3/core/untrimmed.treefile	2148	9add533c73642cf6e410e55d50c1dcc5e019889811e73df06a63180cb9ed0807	9add533c73642cf6e410e55d50c1dcc5e019889811e73df06a63180cb9ed0807	False	File_S2_outgroup_rooting_20260908.zip
modules/S2/rooting_assessment_20260908/results/runs/GASA_Selaginella3/full/aligned.faa	18551	4170674ff6c539db41bb18546062a030161117c7afa288038e7acf00dd0a79de	4170674ff6c539db41bb18546062a030161117c7afa288038e7acf00dd0a79de	False	File_S2_outgroup_rooting_20260908.zip
modules/S2/rooting_assessment_20260908/results/runs/GASA_Selaginella3/full/gappyout.command.json	398	0b325397207698861ef75a90e5f5a1605abf96a6ef5f80cafbb24c84831b11de	a58c3ee3c7e375dd612df6aae0633f1ddb5811d41ba0e5c2f7a2c2671d7d7a29	True	File_S2_outgroup_rooting_20260908.zip
modules/S2/rooting_assessment_20260908/results/runs/GASA_Selaginella3/full/gappyout.completed.json	1456	f335e382cee167d754dba067317787a2d55edba83ad1c6554f8ea2a4e865c29f	b370d8ccf1c71aa855cc431c30a8c7139899b19707275a0d3ded788f7650964b	True	File_S2_outgroup_rooting_20260908.zip
modules/S2/rooting_assessment_20260908/results/runs/GASA_Selaginella3/full/gappyout.contree	1947	93ca7b017459f2f9e05a3dd9809f0eedb3ff61b027f1e7d38a3474678fdec048	93ca7b017459f2f9e05a3dd9809f0eedb3ff61b027f1e7d38a3474678fdec048	False	File_S2_outgroup_rooting_20260908.zip
modules/S2/rooting_assessment_20260908/results/runs/GASA_Selaginella3/full/gappyout.faa	6039	bf93bee5374aa15cdc8e1037321de97350745133f7aef55fedb3d3d4c1665940	bf93bee5374aa15cdc8e1037321de97350745133f7aef55fedb3d3d4c1665940	False	File_S2_outgroup_rooting_20260908.zip
modules/S2/rooting_assessment_20260908/results/runs/GASA_Selaginella3/full/gappyout.iqtree	20907	f8ac7d68e1fb570b523da9de44e8f5386bd554a56d32322851cca9e65bd8656f	8a329b222335f1abce2124f69bbe19a1b740ab9a10d44f7d6cd06d21678421e9	True	File_S2_outgroup_rooting_20260908.zip
modules/S2/rooting_assessment_20260908/results/runs/GASA_Selaginella3/full/gappyout.log	14525	974f5a17dc9638177989756b34b75269eab7b991f1e2db20ee7b31ab94a998b4	bbaef4be7ace1e7066310f40172966ab5ec544532888a262c0b5e4b433fed434	True	File_S2_outgroup_rooting_20260908.zip
modules/S2/rooting_assessment_20260908/results/runs/GASA_Selaginella3/full/gappyout.stdout.log	14525	974f5a17dc9638177989756b34b75269eab7b991f1e2db20ee7b31ab94a998b4	bbaef4be7ace1e7066310f40172966ab5ec544532888a262c0b5e4b433fed434	True	File_S2_outgroup_rooting_20260908.zip
modules/S2/rooting_assessment_20260908/results/runs/GASA_Selaginella3/full/gappyout.treefile	2158	5e1c650d8be6d67c75e017c17ce99bf2d4ca37d97b47561464af75e11dbb54ce	5e1c650d8be6d67c75e017c17ce99bf2d4ca37d97b47561464af75e11dbb54ce	False	File_S2_outgroup_rooting_20260908.zip
modules/S2/rooting_assessment_20260908/results/runs/GASA_Selaginella3/full/mafft.log	31370	50c4abe6be10587e0bbb0d5d22025537481b3cda57b5deeaa1b701795ba63467	50c4abe6be10587e0bbb0d5d22025537481b3cda57b5deeaa1b701795ba63467	False	File_S2_outgroup_rooting_20260908.zip
modules/S2/rooting_assessment_20260908/results/runs/GASA_Selaginella3/full/mafft_command.json	198	6b9ecefd54c6fa9a10db99f1e6e7a880fb285fb362a728b62e34be86337179b5	84c6422cea11850c0e792283d43aab5b63be28340d063fd8cc81bc7fd00c1f76	True	File_S2_outgroup_rooting_20260908.zip
modules/S2/rooting_assessment_20260908/results/runs/GASA_Selaginella3/full/trimal.log	0	e3b0c44298fc1c149afbf4c8996fb92427ae41e4649b934ca495991b7852b855	e3b0c44298fc1c149afbf4c8996fb92427ae41e4649b934ca495991b7852b855	False	File_S2_outgroup_rooting_20260908.zip
modules/S2/rooting_assessment_20260908/results/runs/GASA_Selaginella3/full/trimal_command.json	270	ca077bd910d97eb9bd75cca1a506f1ba563230a26a425cd803ccbcd6370dd09d	a4ed64e58be9e78d74ecae8b53b397de6fff466d0b70cbdd2e7de67570c060ae	True	File_S2_outgroup_rooting_20260908.zip
modules/S2/rooting_assessment_20260908/results/runs/GASA_Selaginella3/full/untrimmed.command.json	398	0e7b20bcd44bd0bf34433cf5b192be201fd8a9f2d79bbfaf58e9dba6276e001e	2f8486dcd8164fb8f224b4abc2bede2c53184d5aab6473a20fdb8b4f6769e63b	True	File_S2_outgroup_rooting_20260908.zip
modules/S2/rooting_assessment_20260908/results/runs/GASA_Selaginella3/full/untrimmed.completed.json	1457	8538c6bd2123f8d98155ae1143f8f94afafc7d94bf545145ac3c79b5e2d93526	cafcb2ecf6ac67401ce3a2f750db11d1a64b46c8ec4e5032feafa6a5c4327a0b	True	File_S2_outgroup_rooting_20260908.zip
modules/S2/rooting_assessment_20260908/results/runs/GASA_Selaginella3/full/untrimmed.contree	1948	45b29289c3118832237808e30702bd53fabfd161a9a0483b291834dc82ee51c4	45b29289c3118832237808e30702bd53fabfd161a9a0483b291834dc82ee51c4	False	File_S2_outgroup_rooting_20260908.zip
modules/S2/rooting_assessment_20260908/results/runs/GASA_Selaginella3/full/untrimmed.iqtree	22842	38a5159ee85c0c81a33ae0a8ac9bffbe25c9f52a8fe6a977460406a48f80e005	47f8607526babd63da30ffdaaaeb6a58211db9746d2ac0479d2805e1571745b8	True	File_S2_outgroup_rooting_20260908.zip
modules/S2/rooting_assessment_20260908/results/runs/GASA_Selaginella3/full/untrimmed.log	14427	cda8254d40b256978d3b995ab8bffb9185cff7cef69ac42227b354af4c91b0e1	29b529e43aef8ed1b4bd5cc59100adea89ec05cae928b3e9cb75c09946beb93f	True	File_S2_outgroup_rooting_20260908.zip
modules/S2/rooting_assessment_20260908/results/runs/GASA_Selaginella3/full/untrimmed.stdout.log	14427	cda8254d40b256978d3b995ab8bffb9185cff7cef69ac42227b354af4c91b0e1	29b529e43aef8ed1b4bd5cc59100adea89ec05cae928b3e9cb75c09946beb93f	True	File_S2_outgroup_rooting_20260908.zip
modules/S2/rooting_assessment_20260908/results/runs/GASA_Selaginella3/full/untrimmed.treefile	2153	5be8ecd903903ae69b454c6121fa24dacf8679e09da14c2fb2fc3994030c32d6	5be8ecd903903ae69b454c6121fa24dacf8679e09da14c2fb2fc3994030c32d6	False	File_S2_outgroup_rooting_20260908.zip
modules/S2/rooting_assessment_20260908/results/runs/LTP_2S_Arabidopsis5/core/aligned.faa	40236	75bf644974f0fa9a8e8966e9ae76ba316e0980d2bcae87e3b91c3650d6bd9a7e	75bf644974f0fa9a8e8966e9ae76ba316e0980d2bcae87e3b91c3650d6bd9a7e	False	File_S2_outgroup_rooting_20260908.zip
modules/S2/rooting_assessment_20260908/results/runs/LTP_2S_Arabidopsis5/core/gappyout.command.json	402	e49fb03f245ac4b2aa2dfa3c468a2fe4f6c8c22306d9f57ff7e844445aa9bae4	aca8bf64f89bd7b1b7af0d71b20af4004952fa2715e6c6ffc3ed35232132be40	True	File_S2_outgroup_rooting_20260908.zip
modules/S2/rooting_assessment_20260908/results/runs/LTP_2S_Arabidopsis5/core/gappyout.completed.json	3233	4f1e1108a2556bd6b68eea3e02408152c135281ce227dde168244d264bba553b	17329b9625cec4cc270225095c4bdc1f4df3fbd15320cf2be3bb98aeb61a9edd	True	File_S2_outgroup_rooting_20260908.zip
modules/S2/rooting_assessment_20260908/results/runs/LTP_2S_Arabidopsis5/core/gappyout.contree	5285	a741701c764f1076e8e8b32e6a3ee97ccc6d9adb4f4be6fe21184f36fd5c4b70	a741701c764f1076e8e8b32e6a3ee97ccc6d9adb4f4be6fe21184f36fd5c4b70	False	File_S2_outgroup_rooting_20260908.zip
modules/S2/rooting_assessment_20260908/results/runs/LTP_2S_Arabidopsis5/core/gappyout.faa	14246	78db1bc7b07e89075f7a8563f19606c12df91ad6d0fe54454580a73cec6fad7a	78db1bc7b07e89075f7a8563f19606c12df91ad6d0fe54454580a73cec6fad7a	False	File_S2_outgroup_rooting_20260908.zip
modules/S2/rooting_assessment_20260908/results/runs/LTP_2S_Arabidopsis5/core/gappyout.iqtree	49356	d3b1d22b73075b50f449ba6d31e8f88695eed82f8970b96f641b77a4b079611e	38ddebf16cc49217a3e0463dcbb16dff78d96be0b3f923db62ea17d3dea51d78	True	File_S2_outgroup_rooting_20260908.zip
modules/S2/rooting_assessment_20260908/results/runs/LTP_2S_Arabidopsis5/core/gappyout.log	24734	dc8582042adaa3190c25152791cbc3eb5a08fd2827c79b984dd5d138cc3a2e77	90269a0118e37a45f4263bf883c1f14d96646e9a328986ecd3fd52d82a855097	True	File_S2_outgroup_rooting_20260908.zip
modules/S2/rooting_assessment_20260908/results/runs/LTP_2S_Arabidopsis5/core/gappyout.stdout.log	24734	dc8582042adaa3190c25152791cbc3eb5a08fd2827c79b984dd5d138cc3a2e77	90269a0118e37a45f4263bf883c1f14d96646e9a328986ecd3fd52d82a855097	True	File_S2_outgroup_rooting_20260908.zip
modules/S2/rooting_assessment_20260908/results/runs/LTP_2S_Arabidopsis5/core/gappyout.treefile	5804	57a90d26992f3a375894b91f292f27e16f33153a185d384beb01ba02b3b8d1b1	57a90d26992f3a375894b91f292f27e16f33153a185d384beb01ba02b3b8d1b1	False	File_S2_outgroup_rooting_20260908.zip
modules/S2/rooting_assessment_20260908/results/runs/LTP_2S_Arabidopsis5/core/mafft.log	62637	80231ff8d1355d92c5e1aa37cb159d6b14bd27e4b7c84949950b417e94856163	80231ff8d1355d92c5e1aa37cb159d6b14bd27e4b7c84949950b417e94856163	False	File_S2_outgroup_rooting_20260908.zip
modules/S2/rooting_assessment_20260908/results/runs/LTP_2S_Arabidopsis5/core/mafft_command.json	200	0671ea3426aa69f2bcbf8302b5cba6b096389b144bac1ea50cb4fc57fc9c32a6	15c58a8a82822dfc2928778c93bb55ece6f947306aa1a60d3fbca65e4062622c	True	File_S2_outgroup_rooting_20260908.zip
modules/S2/rooting_assessment_20260908/results/runs/LTP_2S_Arabidopsis5/core/trimal.log	0	e3b0c44298fc1c149afbf4c8996fb92427ae41e4649b934ca495991b7852b855	e3b0c44298fc1c149afbf4c8996fb92427ae41e4649b934ca495991b7852b855	False	File_S2_outgroup_rooting_20260908.zip
modules/S2/rooting_assessment_20260908/results/runs/LTP_2S_Arabidopsis5/core/trimal_command.json	274	9471e03ee1f5a32a8a0fe1dcf8d156627e71afa912aa98cada4f69467abfd57e	1b72e07ac489d9a9ab87dfe4fd91125c024957323421c8367469db6f85f1917a	True	File_S2_outgroup_rooting_20260908.zip
modules/S2/rooting_assessment_20260908/results/runs/LTP_2S_Arabidopsis5/full/aligned.faa	56847	e1ce74008eaf9a8da381f93d09d97a289034d41d665bf65ca035f6c65d6ce1fc	e1ce74008eaf9a8da381f93d09d97a289034d41d665bf65ca035f6c65d6ce1fc	False	File_S2_outgroup_rooting_20260908.zip
modules/S2/rooting_assessment_20260908/results/runs/LTP_2S_Arabidopsis5/full/gappyout.command.json	402	e8492b169144ca905f94f5fefd2fe726663dda037b68dca982e5b7ff2f0a99d5	d815da530733802ebc4a35cf6e3ad6f612a0efdf31cfe8360881256aab3e71ee	True	File_S2_outgroup_rooting_20260908.zip
modules/S2/rooting_assessment_20260908/results/runs/LTP_2S_Arabidopsis5/full/gappyout.completed.json	3234	ca78d3dd906ab4e6466b103433c7dae4fd5e8e1721fb4d48c98324b518484660	98dcf0bfcd4182181bf165212cc012850804734197bd41c8bc20c1c20f55952b	True	File_S2_outgroup_rooting_20260908.zip
modules/S2/rooting_assessment_20260908/results/runs/LTP_2S_Arabidopsis5/full/gappyout.contree	5285	804fc823f8c63ce794c3e429573c48826aa452df3395c7d9243406c09f89fe02	804fc823f8c63ce794c3e429573c48826aa452df3395c7d9243406c09f89fe02	False	File_S2_outgroup_rooting_20260908.zip
modules/S2/rooting_assessment_20260908/results/runs/LTP_2S_Arabidopsis5/full/gappyout.faa	12664	e4ec2ade5f604cbc7616ac0659b4b57db6c1fe3c26255289c05a416da2e25383	e4ec2ade5f604cbc7616ac0659b4b57db6c1fe3c26255289c05a416da2e25383	False	File_S2_outgroup_rooting_20260908.zip
modules/S2/rooting_assessment_20260908/results/runs/LTP_2S_Arabidopsis5/full/gappyout.iqtree	47285	d46b676d990dc3aaf0af9c6e2459f9c78d84b66eb466cadce4c6e5ad0873655e	332cd6f7dbd09416d85df15e9415b5e3d3782aa187b2a715e1e3f89a513bc96e	True	File_S2_outgroup_rooting_20260908.zip
modules/S2/rooting_assessment_20260908/results/runs/LTP_2S_Arabidopsis5/full/gappyout.log	24642	68968e62b098ee52ad290766bb2ca7389c581ea54bc39bb2ca2710ddf856e7a5	432687ebb8b9f4a0076960a3b010602ba49d3b006cb58b018b0d687a5d59df10	True	File_S2_outgroup_rooting_20260908.zip
modules/S2/rooting_assessment_20260908/results/runs/LTP_2S_Arabidopsis5/full/gappyout.stdout.log	24642	68968e62b098ee52ad290766bb2ca7389c581ea54bc39bb2ca2710ddf856e7a5	432687ebb8b9f4a0076960a3b010602ba49d3b006cb58b018b0d687a5d59df10	True	File_S2_outgroup_rooting_20260908.zip
modules/S2/rooting_assessment_20260908/results/runs/LTP_2S_Arabidopsis5/full/gappyout.treefile	5801	d3a2013d35276b38dbc35f8c635f5518cf3ae089b6495d9f1e15249cb680706e	d3a2013d35276b38dbc35f8c635f5518cf3ae089b6495d9f1e15249cb680706e	False	File_S2_outgroup_rooting_20260908.zip
modules/S2/rooting_assessment_20260908/results/runs/LTP_2S_Arabidopsis5/full/mafft.log	158454	88484bf9e53a2d9cb922ff9ac57bba2bb70c32955ec3ad3e2eeba2d1bfead7bc	88484bf9e53a2d9cb922ff9ac57bba2bb70c32955ec3ad3e2eeba2d1bfead7bc	False	File_S2_outgroup_rooting_20260908.zip
modules/S2/rooting_assessment_20260908/results/runs/LTP_2S_Arabidopsis5/full/mafft_command.json	200	c382fff1b4b212aeafdf801059074adde1b0c51ddcceaf66879c245dff114df2	ba8ac83733c6761484c5bbf104be89732eb027e6837f6c564fe14a3e4d567c15	True	File_S2_outgroup_rooting_20260908.zip
modules/S2/rooting_assessment_20260908/results/runs/LTP_2S_Arabidopsis5/full/trimal.log	0	e3b0c44298fc1c149afbf4c8996fb92427ae41e4649b934ca495991b7852b855	e3b0c44298fc1c149afbf4c8996fb92427ae41e4649b934ca495991b7852b855	False	File_S2_outgroup_rooting_20260908.zip
modules/S2/rooting_assessment_20260908/results/runs/LTP_2S_Arabidopsis5/full/trimal_command.json	274	4841827bc2401fd0309aae3dfe38c508ec17c9cbc3eff38f609741f29c147145	740e0daab88f8ae9720efe6115b6cdba24382a0a4ebc592d0b00c847f4726e8f	True	File_S2_outgroup_rooting_20260908.zip
modules/S2/rooting_assessment_20260908/results/runs/LTP_2S_G7_3/core/aligned.faa	37189	c29a21d01ed277c6d126e9e9cbe49cfd845142a1a6e0b53557f0649376e571a9	c29a21d01ed277c6d126e9e9cbe49cfd845142a1a6e0b53557f0649376e571a9	False	File_S2_outgroup_rooting_20260908.zip
modules/S2/rooting_assessment_20260908/results/runs/LTP_2S_G7_3/core/gappyout.command.json	386	7d40e6e476b0b224d3328875f259a9d9e95c96aeac44b19dea2cd10d079bd629	0c8551fbde50e30ed0d7b519a09d32e2239db231f7213604a58e9468db509f49	True	File_S2_outgroup_rooting_20260908.zip
modules/S2/rooting_assessment_20260908/results/runs/LTP_2S_G7_3/core/gappyout.completed.json	3149	5566558bddef31b1d079b6ed3d45891e53d781816332a24ef659437bce2d522d	6b5e5f41a32f59ac92ac941957662835a2362fbc87ed3f56b7a956361d1c4f78	True	File_S2_outgroup_rooting_20260908.zip
modules/S2/rooting_assessment_20260908/results/runs/LTP_2S_G7_3/core/gappyout.contree	5187	2a316a46ae10005706c87e6a5c2e917aefc8084d0dc6d57a8997cd03ca93f609	2a316a46ae10005706c87e6a5c2e917aefc8084d0dc6d57a8997cd03ca93f609	False	File_S2_outgroup_rooting_20260908.zip
modules/S2/rooting_assessment_20260908/results/runs/LTP_2S_G7_3/core/gappyout.faa	13990	90c287840fc29552ee9dd5edaf0585ce3763eb1413d2d794da3e8a75ece31299	90c287840fc29552ee9dd5edaf0585ce3763eb1413d2d794da3e8a75ece31299	False	File_S2_outgroup_rooting_20260908.zip
modules/S2/rooting_assessment_20260908/results/runs/LTP_2S_G7_3/core/gappyout.iqtree	46451	c4cd49150a9774d55bc76a92d8ec3a49281201492a99a152e8d529050009b0ee	50616b8e0c6b0358f34b6a03baea37eb1a9b412b492cd7aa44c2b8c905a15629	True	File_S2_outgroup_rooting_20260908.zip
modules/S2/rooting_assessment_20260908/results/runs/LTP_2S_G7_3/core/gappyout.log	25071	f8553b8f8c78912e2d82020e08a2946bca7a3f14c11353cf23280ebe0ebe1a36	2acc70fadee7afc12258371c9586a61ee80a9f738870579a580587c2e1d71517	True	File_S2_outgroup_rooting_20260908.zip
modules/S2/rooting_assessment_20260908/results/runs/LTP_2S_G7_3/core/gappyout.stdout.log	25071	f8553b8f8c78912e2d82020e08a2946bca7a3f14c11353cf23280ebe0ebe1a36	2acc70fadee7afc12258371c9586a61ee80a9f738870579a580587c2e1d71517	True	File_S2_outgroup_rooting_20260908.zip
modules/S2/rooting_assessment_20260908/results/runs/LTP_2S_G7_3/core/gappyout.treefile	5698	96ced780f8f28dce80201153bff17052bcdf22e5b40aa96590bf42d10d8531bc	96ced780f8f28dce80201153bff17052bcdf22e5b40aa96590bf42d10d8531bc	False	File_S2_outgroup_rooting_20260908.zip
modules/S2/rooting_assessment_20260908/results/runs/LTP_2S_G7_3/core/mafft.log	61109	1c3eb69c7b9b8aa3952c77c968796c31b85110bd6966f045d182273f8e5dac3e	1c3eb69c7b9b8aa3952c77c968796c31b85110bd6966f045d182273f8e5dac3e	False	File_S2_outgroup_rooting_20260908.zip
modules/S2/rooting_assessment_20260908/results/runs/LTP_2S_G7_3/core/mafft_command.json	192	d4acb651ad9795f45308ee27188b39ad43623fe5f1e3b5456a14d6ec6cff5db8	26b3c847184efae2f30ff3c9f4f771748ebd8056abf95fe5ef25346df2b84b5d	True	File_S2_outgroup_rooting_20260908.zip
modules/S2/rooting_assessment_20260908/results/runs/LTP_2S_G7_3/core/trimal.log	0	e3b0c44298fc1c149afbf4c8996fb92427ae41e4649b934ca495991b7852b855	e3b0c44298fc1c149afbf4c8996fb92427ae41e4649b934ca495991b7852b855	False	File_S2_outgroup_rooting_20260908.zip
modules/S2/rooting_assessment_20260908/results/runs/LTP_2S_G7_3/core/trimal_command.json	258	522aaef4f8926d9b09b095a0607ae97f52dcd9fd05a8fcea9ffd13a3075c16a0	0e809e219436c016186ca04c40796c15f9475d10b9656ef6efe63ba63dbc305e	True	File_S2_outgroup_rooting_20260908.zip
modules/S2/rooting_assessment_20260908/results/runs/LTP_2S_G7_3/full/aligned.faa	55060	f64723ec501e81a147d1b091c3e552a7ca44814958a1a924bae4a32f60249ab6	f64723ec501e81a147d1b091c3e552a7ca44814958a1a924bae4a32f60249ab6	False	File_S2_outgroup_rooting_20260908.zip
modules/S2/rooting_assessment_20260908/results/runs/LTP_2S_G7_3/full/gappyout.command.json	386	8b2174c3e741c7f109e42ef436f31a4f2690bb6f1425016e6a902286bd5fe9c7	87c7814c14bbe936fc8b9b53a512c931cba57b547349263f01a882958d461eb7	True	File_S2_outgroup_rooting_20260908.zip
modules/S2/rooting_assessment_20260908/results/runs/LTP_2S_G7_3/full/gappyout.completed.json	3149	55c217cee9354d7fd15b499c30775b8c2714ed242e50f489416709b36234eb29	2c2d2820c8b3393331a89aa9f69cc8d982f8a95cd8f1714a0315075d98b8417c	True	File_S2_outgroup_rooting_20260908.zip
modules/S2/rooting_assessment_20260908/results/runs/LTP_2S_G7_3/full/gappyout.contree	5187	6cc0d758eec2dbe87374298fa4d6315d08f88ad45a70556ab44abcfb030cd51b	6cc0d758eec2dbe87374298fa4d6315d08f88ad45a70556ab44abcfb030cd51b	False	File_S2_outgroup_rooting_20260908.zip
modules/S2/rooting_assessment_20260908/results/runs/LTP_2S_G7_3/full/gappyout.faa	12769	f828f8428492983574dab287dc353d30a4ba14bf00875f5af1aaa9a4578391f9	f828f8428492983574dab287dc353d30a4ba14bf00875f5af1aaa9a4578391f9	False	File_S2_outgroup_rooting_20260908.zip
modules/S2/rooting_assessment_20260908/results/runs/LTP_2S_G7_3/full/gappyout.iqtree	46007	23ed626ad8600f8fdbd64e463e27467637de8e85a43966f738128bbbd06a32ab	87d504838ee5051b65c7d65bd09d92443c4399086ed5099f609a94c7988655c0	True	File_S2_outgroup_rooting_20260908.zip
modules/S2/rooting_assessment_20260908/results/runs/LTP_2S_G7_3/full/gappyout.log	26293	2387444b76ca0acb5ad4884788c05079c22947c051f39876e4506a96cd1e3842	fc432201cd468fb0756e66bacdf8b9697d16ef330bb0a720104ab9b62c859f6c	True	File_S2_outgroup_rooting_20260908.zip
modules/S2/rooting_assessment_20260908/results/runs/LTP_2S_G7_3/full/gappyout.stdout.log	26293	2387444b76ca0acb5ad4884788c05079c22947c051f39876e4506a96cd1e3842	fc432201cd468fb0756e66bacdf8b9697d16ef330bb0a720104ab9b62c859f6c	True	File_S2_outgroup_rooting_20260908.zip
modules/S2/rooting_assessment_20260908/results/runs/LTP_2S_G7_3/full/gappyout.treefile	5698	365b6b5cc1f469854b6a40a66c0ee416bb6a360fbe1f7e30255e13710918b7e9	365b6b5cc1f469854b6a40a66c0ee416bb6a360fbe1f7e30255e13710918b7e9	False	File_S2_outgroup_rooting_20260908.zip
modules/S2/rooting_assessment_20260908/results/runs/LTP_2S_G7_3/full/mafft.log	127033	b417638e1b7641d67db97fa9e150fbcece2128a7570bd370143d804900215b8f	b417638e1b7641d67db97fa9e150fbcece2128a7570bd370143d804900215b8f	False	File_S2_outgroup_rooting_20260908.zip
modules/S2/rooting_assessment_20260908/results/runs/LTP_2S_G7_3/full/mafft_command.json	192	0a3fec9a9b99dc89c3c05c5808da178745c18f3530166e7dcaa654b492e8341d	94f98822600521baaac1f5849fc422059eb344ed047d19c8a54b0c7fae6881e1	True	File_S2_outgroup_rooting_20260908.zip
modules/S2/rooting_assessment_20260908/results/runs/LTP_2S_G7_3/full/trimal.log	0	e3b0c44298fc1c149afbf4c8996fb92427ae41e4649b934ca495991b7852b855	e3b0c44298fc1c149afbf4c8996fb92427ae41e4649b934ca495991b7852b855	False	File_S2_outgroup_rooting_20260908.zip
modules/S2/rooting_assessment_20260908/results/runs/LTP_2S_G7_3/full/trimal_command.json	258	5a786811a8201c3436bbcbbea2d496707838dedecc94f94211108d5a4817da1f	5627c21dfabca6d12be9a773e5ef41daa9145790430f4571bf3c17186618dc20	True	File_S2_outgroup_rooting_20260908.zip
modules/S2/rooting_assessment_20260908/results/runs/LTP_2S_all8/core/aligned.faa	40846	cfa6c9ec3244777e15dd3d3817da74ae0b961c3425c9ad7fa931ac7f242bc247	cfa6c9ec3244777e15dd3d3817da74ae0b961c3425c9ad7fa931ac7f242bc247	False	File_S2_outgroup_rooting_20260908.zip
modules/S2/rooting_assessment_20260908/results/runs/LTP_2S_all8/core/gappyout.command.json	386	8f96fa602b79e9d82f04c54f1eca1d528c459ae211b6118826c793e2af9a5d0c	2325818a804f7fd872cf9a80cc6ecf469a1b104f66298da521d38aa57fb72f7d	True	File_S2_outgroup_rooting_20260908.zip
modules/S2/rooting_assessment_20260908/results/runs/LTP_2S_all8/core/gappyout.completed.json	3297	1a65c392f762b0ca5fce9e2aaac01adc34b2f5621623f7c0272d893af07b9464	d61b214856da30852710699c45cb44ee2e90be48d19c13ad395c5f29b14dac65	True	File_S2_outgroup_rooting_20260908.zip
modules/S2/rooting_assessment_20260908/results/runs/LTP_2S_all8/core/gappyout.contree	5430	1a4a4d62d65e2832c944b00fdf7d275abb978fb1025228109af2ba517c51a583	1a4a4d62d65e2832c944b00fdf7d275abb978fb1025228109af2ba517c51a583	False	File_S2_outgroup_rooting_20260908.zip
modules/S2/rooting_assessment_20260908/results/runs/LTP_2S_all8/core/gappyout.faa	10918	3d5287f154baef992c86af3dbcc1268efe1bae2176eb14d468937e87097506de	3d5287f154baef992c86af3dbcc1268efe1bae2176eb14d468937e87097506de	False	File_S2_outgroup_rooting_20260908.zip
modules/S2/rooting_assessment_20260908/results/runs/LTP_2S_all8/core/gappyout.iqtree	51141	008747c11fface66f2633815f6f035ac15ce09e7c1f3eaccbce0b74e8b3fe4e0	a137a1de63c8db88d8850a107c48a8157c63c9191ed5a57b1d8a4cf171b4eedf	True	File_S2_outgroup_rooting_20260908.zip
modules/S2/rooting_assessment_20260908/results/runs/LTP_2S_all8/core/gappyout.log	33002	ebeee6e955ec477843ebbd4aadd1361f0f1162d9ba8ee6d490bf9f61c6f67993	638b5540f520e6b01643147e6bbb7bf5546dd082f9ac48b7c8db94be9fbf4644	True	File_S2_outgroup_rooting_20260908.zip
modules/S2/rooting_assessment_20260908/results/runs/LTP_2S_all8/core/gappyout.stdout.log	33002	ebeee6e955ec477843ebbd4aadd1361f0f1162d9ba8ee6d490bf9f61c6f67993	638b5540f520e6b01643147e6bbb7bf5546dd082f9ac48b7c8db94be9fbf4644	True	File_S2_outgroup_rooting_20260908.zip
modules/S2/rooting_assessment_20260908/results/runs/LTP_2S_all8/core/gappyout.treefile	5950	f3e3e9464ac038fbdf562ced919a15819bbb89887cc760b8de2616d3f4375231	f3e3e9464ac038fbdf562ced919a15819bbb89887cc760b8de2616d3f4375231	False	File_S2_outgroup_rooting_20260908.zip
modules/S2/rooting_assessment_20260908/results/runs/LTP_2S_all8/core/mafft.log	62048	98d3c30b1b3ffb746e0c987955e4e8c025ade1ff4b2416c6619c347973821808	98d3c30b1b3ffb746e0c987955e4e8c025ade1ff4b2416c6619c347973821808	False	File_S2_outgroup_rooting_20260908.zip
modules/S2/rooting_assessment_20260908/results/runs/LTP_2S_all8/core/mafft_command.json	192	6d0e6ff523af9d3d6241cf9aa18d6e1ae4b7d717833b249c630bcb94ca761425	5834f9ef19329cae975b644f5b597ab7c41a39e1386fe7d7ce3a20766f3c5916	True	File_S2_outgroup_rooting_20260908.zip
modules/S2/rooting_assessment_20260908/results/runs/LTP_2S_all8/core/trimal.log	0	e3b0c44298fc1c149afbf4c8996fb92427ae41e4649b934ca495991b7852b855	e3b0c44298fc1c149afbf4c8996fb92427ae41e4649b934ca495991b7852b855	False	File_S2_outgroup_rooting_20260908.zip
modules/S2/rooting_assessment_20260908/results/runs/LTP_2S_all8/core/trimal_command.json	258	f44696ea27e6aa5e579b9a7286dc4855e45d21803592038e0ccd8dd25d495f93	c02d7408a974413afd9c94aa56b08aa857485fd0ae84a3f5f13422cdff10c5b4	True	File_S2_outgroup_rooting_20260908.zip
modules/S2/rooting_assessment_20260908/results/runs/LTP_2S_all8/core/untrimmed.command.json	386	2cbc2e840949ebf205c296e8f91629b78484ce746e1aaae5616131cd0cbe9f1c	aef2f82b052575cd879bfd6156e47d7b2c23c5f5f295f69124fffa20c5487608	True	File_S2_outgroup_rooting_20260908.zip
modules/S2/rooting_assessment_20260908/results/runs/LTP_2S_all8/core/untrimmed.completed.json	3297	b3341e77f939381fef62b7d26294205337eac02f1db830c86500a9520c2b60f7	cc50e3ebc23547febd40e1e21c2abc3021c2aa50ac577371514c5bba2f074c7c	True	File_S2_outgroup_rooting_20260908.zip
modules/S2/rooting_assessment_20260908/results/runs/LTP_2S_all8/core/untrimmed.contree	5436	1d4c85e6e8ad23bd3adee35bf68d2eac6e5fd3da1b38cd605cbb21eee8262906	1d4c85e6e8ad23bd3adee35bf68d2eac6e5fd3da1b38cd605cbb21eee8262906	False	File_S2_outgroup_rooting_20260908.zip
modules/S2/rooting_assessment_20260908/results/runs/LTP_2S_all8/core/untrimmed.iqtree	51194	e7663c4cb4dec7c10838e5b033439d53655e4796a7e41d4e5e574e78e54eaf88	f3ed9426fd31c950b308c011c1ec970c7976f7e6b546741322642f39b784875d	True	File_S2_outgroup_rooting_20260908.zip
modules/S2/rooting_assessment_20260908/results/runs/LTP_2S_all8/core/untrimmed.log	26171	7ab78f7b9113a181d2e9b682d2e3bbc1d4b01e75905ec45a03263841ea685d9d	bac96cf1fc9e2167f1339dea16d0babe03f76f6d30242b253eea76032b174cbc	True	File_S2_outgroup_rooting_20260908.zip
modules/S2/rooting_assessment_20260908/results/runs/LTP_2S_all8/core/untrimmed.stdout.log	26171	7ab78f7b9113a181d2e9b682d2e3bbc1d4b01e75905ec45a03263841ea685d9d	bac96cf1fc9e2167f1339dea16d0babe03f76f6d30242b253eea76032b174cbc	True	File_S2_outgroup_rooting_20260908.zip
modules/S2/rooting_assessment_20260908/results/runs/LTP_2S_all8/core/untrimmed.treefile	5972	4c7700d842972511f788237b873aa9a48b69fff23367296369758397c060b70a	4c7700d842972511f788237b873aa9a48b69fff23367296369758397c060b70a	False	File_S2_outgroup_rooting_20260908.zip
modules/S2/rooting_assessment_20260908/results/runs/LTP_2S_all8/full/aligned.faa	60334	c7e4e8ee60b2e919978422e0342a54dc3ac6c64c5449e1398e7d71bb9ccd7f61	c7e4e8ee60b2e919978422e0342a54dc3ac6c64c5449e1398e7d71bb9ccd7f61	False	File_S2_outgroup_rooting_20260908.zip
modules/S2/rooting_assessment_20260908/results/runs/LTP_2S_all8/full/gappyout.command.json	386	bdb108352da327f827e83167bb774605623dec7bc9b37dfcb6d7f41238449ba3	d767bcc8e2749f977ed476e93a551ee9425cd3c9c53484205fa1b2140e6b1664	True	File_S2_outgroup_rooting_20260908.zip
modules/S2/rooting_assessment_20260908/results/runs/LTP_2S_all8/full/gappyout.completed.json	3297	a40b93aa9e9a97cbc77ef8342dfbcce8ae6ac3767d5a2d4ef639c5f00c2a2786	5a7b06d83c8b91aa49c1bc10eea6088dbf7791a078b6808559dcc4b38260b105	True	File_S2_outgroup_rooting_20260908.zip
modules/S2/rooting_assessment_20260908/results/runs/LTP_2S_all8/full/gappyout.contree	5430	dcef17145770879f4990365a6b4d69dece6ffb92a6f77a0d6932f8968c5d2996	dcef17145770879f4990365a6b4d69dece6ffb92a6f77a0d6932f8968c5d2996	False	File_S2_outgroup_rooting_20260908.zip
modules/S2/rooting_assessment_20260908/results/runs/LTP_2S_all8/full/gappyout.faa	13122	98cc8a75afbce723dcd8a08f6b8002b30b503462b16a88a4d212ad059b59487b	98cc8a75afbce723dcd8a08f6b8002b30b503462b16a88a4d212ad059b59487b	False	File_S2_outgroup_rooting_20260908.zip
modules/S2/rooting_assessment_20260908/results/runs/LTP_2S_all8/full/gappyout.iqtree	46938	3c211dcd2ccced0d7dfbc3327760bf6f7cd572a7b8e38547db12ea8d813f4649	de3dd12dc9defcc72b2a44aefdb06a033a13fb6ef099eefccfdb189eeaf03742	True	File_S2_outgroup_rooting_20260908.zip
modules/S2/rooting_assessment_20260908/results/runs/LTP_2S_all8/full/gappyout.log	26455	840cdc391bcbf60bf5f9df59825be5b828eb1b574b714bbe2250ac31d005d3fb	c0bc503b114ba8ea12c4e300b3271d03ea1826b94dfbc9b69740c7f41c509846	True	File_S2_outgroup_rooting_20260908.zip
modules/S2/rooting_assessment_20260908/results/runs/LTP_2S_all8/full/gappyout.stdout.log	26455	840cdc391bcbf60bf5f9df59825be5b828eb1b574b714bbe2250ac31d005d3fb	c0bc503b114ba8ea12c4e300b3271d03ea1826b94dfbc9b69740c7f41c509846	True	File_S2_outgroup_rooting_20260908.zip
modules/S2/rooting_assessment_20260908/results/runs/LTP_2S_all8/full/gappyout.treefile	5957	5dbd7e57c0c63b31397f6c62a2159007864e062608f08a52a8db6208944cadba	5dbd7e57c0c63b31397f6c62a2159007864e062608f08a52a8db6208944cadba	False	File_S2_outgroup_rooting_20260908.zip
modules/S2/rooting_assessment_20260908/results/runs/LTP_2S_all8/full/mafft.log	132386	c45250ecdc133db694bf1aa5e4dac910d5b564ee1018ec3669f1275800f53862	c45250ecdc133db694bf1aa5e4dac910d5b564ee1018ec3669f1275800f53862	False	File_S2_outgroup_rooting_20260908.zip
modules/S2/rooting_assessment_20260908/results/runs/LTP_2S_all8/full/mafft_command.json	192	f82d9c28ee729a23fc0032e86378f2167b473426605f00e34d30fb19777d3a06	a5183a9498906b91c46c777bd67eb4dffba0b367ad7c8115094caf8676e905f6	True	File_S2_outgroup_rooting_20260908.zip
modules/S2/rooting_assessment_20260908/results/runs/LTP_2S_all8/full/trimal.log	0	e3b0c44298fc1c149afbf4c8996fb92427ae41e4649b934ca495991b7852b855	e3b0c44298fc1c149afbf4c8996fb92427ae41e4649b934ca495991b7852b855	False	File_S2_outgroup_rooting_20260908.zip
modules/S2/rooting_assessment_20260908/results/runs/LTP_2S_all8/full/trimal_command.json	258	ab80c2b13c48f9d557c1234ad3c3b0b186247267fe6d4faf20011311747cbeaf	9cc98b1473abf05de7c37c337bb1916f24fb178acbfad2a0a86ddf1f683d43a1	True	File_S2_outgroup_rooting_20260908.zip
modules/S2/rooting_assessment_20260908/results/runs/LTP_2S_all8/full/untrimmed.command.json	386	8e73cafa9a749462296edc46b4758f6acea49748c6cb046bc8b0a04ad556c9ca	a8a369130701f0374609fdcea2d5d7303a7843229134a8bd65107b8eed9d08ab	True	File_S2_outgroup_rooting_20260908.zip
modules/S2/rooting_assessment_20260908/results/runs/LTP_2S_all8/full/untrimmed.completed.json	3298	7af306b0d6d45bc52d32d7eee2433111939553b69ac3320ea88931e29c588df7	307e1e196e7f0ef6171223aac6faa59f10c2407e7ddc812a0738ccc7782e09d7	True	File_S2_outgroup_rooting_20260908.zip
modules/S2/rooting_assessment_20260908/results/runs/LTP_2S_all8/full/untrimmed.contree	5440	48a2c830ee08ee6880cf53b0263d868398c7f8373f6ed15e240c17d2ad66a8db	48a2c830ee08ee6880cf53b0263d868398c7f8373f6ed15e240c17d2ad66a8db	False	File_S2_outgroup_rooting_20260908.zip
modules/S2/rooting_assessment_20260908/results/runs/LTP_2S_all8/full/untrimmed.iqtree	46659	ee8d19995b18020ed354beaab394484799d65e6ed9e78945174f720ea70d9438	2a09ab68f7be6a2d30aa83ad77edcffd732b815562df4b5c8d160faef448c184	True	File_S2_outgroup_rooting_20260908.zip
modules/S2/rooting_assessment_20260908/results/runs/LTP_2S_all8/full/untrimmed.log	24207	cfa1e6e7767974507df3a8741a67285bfbd308ca65f06a3c9e5678022db5f590	38bd75f41ae10d1eab39aece581bffb17a5fab9c686b655540659c28eb55a103	True	File_S2_outgroup_rooting_20260908.zip
modules/S2/rooting_assessment_20260908/results/runs/LTP_2S_all8/full/untrimmed.stdout.log	24207	cfa1e6e7767974507df3a8741a67285bfbd308ca65f06a3c9e5678022db5f590	38bd75f41ae10d1eab39aece581bffb17a5fab9c686b655540659c28eb55a103	True	File_S2_outgroup_rooting_20260908.zip
modules/S2/rooting_assessment_20260908/results/runs/LTP_2S_all8/full/untrimmed.treefile	5974	e54bf2fc071587c1d73961c131d2ad5ead051f9c623bfca4798ef206dd46e054	e54bf2fc071587c1d73961c131d2ad5ead051f9c623bfca4798ef206dd46e054	False	File_S2_outgroup_rooting_20260908.zip
modules/S2/rooting_assessment_20260908/results/scheduling_update.json	370	d9b5edd09fcafdf29d5d460659844d260b4376417b182e40950b9471e54e391f	d9b5edd09fcafdf29d5d460659844d260b4376417b182e40950b9471e54e391f	False	File_S2_outgroup_rooting_20260908.zip
modules/S2/rooting_assessment_20260908/results/source_hashes.json	563	5d746e5f37979f182670ba7f3bec9b9c5381c7d06527fa993f696d29c9aba18d	4450959e62bb6b9c691a8ef95df8f65978c82f996eb76051f614640aec02dd7c	True	File_S2_outgroup_rooting_20260908.zip
modules/S2/rooting_assessment_20260908/results/status.json	114	efe49184f75f20ce33c1e5d21828e8ccb4d6736650b87fffd5aaa71d3c4216ff	efe49184f75f20ce33c1e5d21828e8ccb4d6736650b87fffd5aaa71d3c4216ff	False	File_S2_outgroup_rooting_20260908.zip
modules/S2/rooting_assessment_20260908/run_assessment.py	6019	9a89fe8fe7969df9779bf5e39d0d3627cd37f5415eaeb92011210ba963a65f85	cf4fbe71142f53702eb8ce3ecae0cf590c42ee83e02f60102b642023656fde83	True	File_S2_outgroup_rooting_20260908.zip
modules/S2/rooting_assessment_20260908/run_assessment_initial.py	5936	8791ebf96070d6705da12f657665c5d6c5318c698a5bea7b27c6c20ab6d9eada	31879b65b83ce8f86079df3dd672ee072dae963ee1caa41429fb7ed3d7ffb0ba	True	File_S2_outgroup_rooting_20260908.zip
modules/S2/rooting_assessment_20260908/run_defensin_extension.py	1960	c2acc7323f1477e3b08a3aa41b7c1adfbae400c11ecc2fbe7e0a07da6516f748	c2acc7323f1477e3b08a3aa41b7c1adfbae400c11ecc2fbe7e0a07da6516f748	False	File_S2_outgroup_rooting_20260908.zip
modules/S2/rooting_assessment_20260908/run_defensin_extension_queued.py	1922	6e28e007326b816d3aaec22bd13f1c3e8c6c5fd068fa7d8e954505b605821198	6e28e007326b816d3aaec22bd13f1c3e8c6c5fd068fa7d8e954505b605821198	False	File_S2_outgroup_rooting_20260908.zip
modules/S2/rooting_assessment_20260908/scheduling_update.json	353	9e37ef17d6e341dcdbd137f2208d36d66a7cf219f12221db8894d5fa012f59e2	9e37ef17d6e341dcdbd137f2208d36d66a7cf219f12221db8894d5fa012f59e2	False	File_S2_outgroup_rooting_20260908.zip
modules/S2/rooting_assessment_20260908/summary_statistics.json	853	a9091507748abef6bb9372c6cdc7d055de06721ff8398438161b6bd3e0a49648	a9091507748abef6bb9372c6cdc7d055de06721ff8398438161b6bd3e0a49648	False	File_S2_outgroup_rooting_20260908.zip
modules/S2/rooting_assessment_20260908/sync_results.py	1716	fcd4979d2ea0f82140c1ad626566ecb080eecf0111f1dcc8ab7b0fe4573ec1c1	9108a618c41987923f12e7c29e62f88f85179843bac0544b50a78e968d4564c1	True	File_S2_outgroup_rooting_20260908.zip
modules/S2/rooting_assessment_20260908/synced_file_manifest.json	42244	25e70c8f02eaa6682a675d8ae4972fb2148ce24245ffefdc44452a3d11322ea9	25e70c8f02eaa6682a675d8ae4972fb2148ce24245ffefdc44452a3d11322ea9	False	File_S2_outgroup_rooting_20260908.zip
modules/S2/rooting_assessment_20260908/候选外群来源与审核状态.tsv	4949	154ddfe69923f572a5fd522896e1f7da3ee68a18b92bea051b81e2afa1952827	7f21339827de760bce34939291de4a01df04aeb2eef06c42ba4d0e5d562038c6	True	File_S2_outgroup_rooting_20260908.zip
modules/S2/rooting_assessment_20260908/定根试验结果_16次.tsv	3333	08a9393af1ab04b5284b0b3398ad953e71ab860dc25ba87841c5e9bb91aea6df	d5c319f97de5ea72f305cbf1c74fa3ea251d7a5208a41f04391614e538623149	True	File_S2_outgroup_rooting_20260908.zip
modules/S2/rooting_assessment_20260908/实验设计与判定标准.md	5567	710655dc39e9ead76ade543b55ed342fec7c1a60ab7466439b66dfee3d21f6b0	710655dc39e9ead76ade543b55ed342fec7c1a60ab7466439b66dfee3d21f6b0	False	File_S2_outgroup_rooting_20260908.zip
modules/S2/rooting_assessment_20260908/根位置对应成员.tsv	21499	bd8c5532bf02cd0fb66fe95b9bf192711b136eecf4e84601ff686f5292cc282d	c6dfa95e17ee20354dfa94e33a7d1fb56591d731dd26a2c322d47d12ddd3f90b	True	File_S2_outgroup_rooting_20260908.zip
modules/S2/外群定根_先看这一页.html	8459	887a692e6aad1c8d70afc0a75989fbd16e7586813ca8d2e3864a1480d00678ee	887a692e6aad1c8d70afc0a75989fbd16e7586813ca8d2e3864a1480d00678ee	False	File_S2_outgroup_rooting_20260908.zip
modules/S2/外群定根评估报告_20260908.md	10096	24bb082dae439615db7a049a26d81f64557e5dd059833738a17097e9442f75db	db8f95828302827e8a95b0d632437f62ce0d7e7c577c35804cea43c526d3ee3b	True	File_S2_outgroup_rooting_20260908.zip
modules/S3/audit/analysis/all_candidate_records.json	150179	39a6e60f3fde04f99235ef8eda453b4e8c11ccf9158a80f19878793682b61123	39a6e60f3fde04f99235ef8eda453b4e8c11ccf9158a80f19878793682b61123	False	File_S3_comparative_audit_20260909.zip
modules/S3/audit/analysis/all_family_collinear_extract.json	8834	ebb1d2cd375dbcb80dfc60794e190d0c64aab5898a88d2c0ca704ad5cfd44623	32ee7df6b8e5b14c76cb81cd1cab63d4ee7063e26fb80d03961973ee2e8823a9	True	File_S3_comparative_audit_20260909.zip
modules/S3/audit/analysis/all_family_comparison_provenance.json	1240	15487b094a0ef9569de3c6fe279f70090746c00d4e16e8fec36bda17c84d87fe	9e00237bd14677c1f7e552698fbf4424eec27fb80a5fd19ffbdd3462aabbfc64	True	File_S3_comparative_audit_20260909.zip
modules/S3/audit/analysis/all_family_cross_species.blast.tsv	241587	8741b2a2a095c07229269bb6f645a96c30682c819e55331e35c15d2f4c974863	8741b2a2a095c07229269bb6f645a96c30682c819e55331e35c15d2f4c974863	False	File_S3_comparative_audit_20260909.zip
modules/S3/audit/analysis/candidate_gene_coordinates.json	16653	5073e87f4a7cd90de7294fad522707059566643e771c63224938a4fd91e5a5dd	5073e87f4a7cd90de7294fad522707059566643e771c63224938a4fd91e5a5dd	False	File_S3_comparative_audit_20260909.zip
modules/S3/audit/analysis/classification_validation.json	384	4528dc230ef27299e5d83f39e0655b22bf53a52f1ac9cab7136371d0afb0c46d	4528dc230ef27299e5d83f39e0655b22bf53a52f1ac9cab7136371d0afb0c46d	False	File_S3_comparative_audit_20260909.zip
modules/S3/audit/analysis/final99_v2_aligned.faa	95959	a4e5ffd748c986fcc6651ba6d32367e94c638aa65130cc1db0d2a8dbeeb880a7	a4e5ffd748c986fcc6651ba6d32367e94c638aa65130cc1db0d2a8dbeeb880a7	False	File_S3_comparative_audit_20260909.zip
modules/S3/audit/analysis/final99_v2_aligned.iqtree	107703	526165699347295f2ecd59a1d7561a6b8dff8c503c4a6149fe9aeeebcfadae60	c532c7a78a0fcae9076c6581d86a0d658841376d53822e06fc251949e8df697d	True	File_S3_comparative_audit_20260909.zip
modules/S3/audit/analysis/final99_v2_aligned.treefile	12970	ea69aadb6f799faca2ec47f6c321f600bc4e0970a13e281bd12380ba8ae651b1	ea69aadb6f799faca2ec47f6c321f600bc4e0970a13e281bd12380ba8ae651b1	False	File_S3_comparative_audit_20260909.zip
modules/S3/audit/analysis/final99_v2_commands.json	1367	3261bffc7e5101810eefd2838b5495e9dbafaa3e4e3d7b863a2a3f8a5e5506a4	a4c274662774fb5e27ee71d023bb3c1fae3abf46ad049724d1a90591a7532c52	True	File_S3_comparative_audit_20260909.zip
modules/S3/audit/analysis/final99_v2_gappyout.faa	29431	8b611e9f520eff18ad2e433a724938ec622be75d7ec200c31ecb944dfb5f162e	8b611e9f520eff18ad2e433a724938ec622be75d7ec200c31ecb944dfb5f162e	False	File_S3_comparative_audit_20260909.zip
modules/S3/audit/analysis/final99_v2_gappyout.iqtree	114544	8626d6c511e2e86d1657608f5c2c0404b2c3024f2f7602c4f48ebc146ddea4e1	3e4cc59279174170914a4267f35e71cb68a72babf9afcb354dd7cdb26f520fec	True	File_S3_comparative_audit_20260909.zip
modules/S3/audit/analysis/final99_v2_gappyout.treefile	12977	27fd19650f0698573e235415cb88db8eb7c2b1c68d2752a3c3e0e83636f03b19	27fd19650f0698573e235415cb88db8eb7c2b1c68d2752a3c3e0e83636f03b19	False	File_S3_comparative_audit_20260909.zip
modules/S3/audit/analysis/final99_v2_status.json	72	f6a2c9890e64cf2ff17506543891c4461ce1dea20c9ea7cb1a267468d9d8cc46	f6a2c9890e64cf2ff17506543891c4461ce1dea20c9ea7cb1a267468d9d8cc46	False	File_S3_comparative_audit_20260909.zip
modules/S3/audit/analysis/proteome_manifest.json	432	e3d3d713532fea93eb2af4ea559c832622231d949176a4f4f9e54361864aa52a	087e4adac84994d79986694ef191d3d58784275849d5c9826b9084d12fddb52f	True	File_S3_comparative_audit_20260909.zip
modules/S3/audit/analysis/reference_90pct_core_clusters.json	4406	c2cf75c8960e304d87bd4fe057cc46ffeb10e5a013b95af35c249bb98040ffdb	c2cf75c8960e304d87bd4fe057cc46ffeb10e5a013b95af35c249bb98040ffdb	False	File_S3_comparative_audit_20260909.zip
modules/S3/audit/analysis/reference_cluster_holdout_details.tsv	19676	00781b70762040627e3e435fb5bd2175338d2e447420f95e0bc6b4ea4dfe1996	00781b70762040627e3e435fb5bd2175338d2e447420f95e0bc6b4ea4dfe1996	False	File_S3_comparative_audit_20260909.zip
modules/S3/audit/analysis/reference_manifest.tsv	61547	03ce824e34b4d41e60bc4b50094c698b312e557bd0b6aefaa507c3eff454b607	03ce824e34b4d41e60bc4b50094c698b312e557bd0b6aefaa507c3eff454b607	False	File_S3_comparative_audit_20260909.zip
modules/S3/audit/analysis/reference_records.json	287465	7524e0d928912b40f39e219559782e327a8c31ec1eb8679abb2a8aac228025f7	7524e0d928912b40f39e219559782e327a8c31ec1eb8679abb2a8aac228025f7	False	File_S3_comparative_audit_20260909.zip
modules/S3/audit/analysis/shared_candidate_evidence_matrix.tsv	56183	1058c8c65656658287a8b0dc6d0928a0cf75e6f39de0878d90a8b3039c387e16	1058c8c65656658287a8b0dc6d0928a0cf75e6f39de0878d90a8b3039c387e16	False	File_S3_comparative_audit_20260909.zip
modules/S3/audit/analysis/synteny_parser_regression_audit.json	4340	5dbc6d1afe4e71dc5f4ffa88355791e849c488ec64c9daa6a49899c5b844d1d9	6732a6028279fe09433a441568468d7b1eb1f37766f71f217f82b5559e7ed345	True	File_S3_comparative_audit_20260909.zip
modules/S3/audit/analysis/tool_versions.json	416	84dded20f60d7a952a89ab908a17cf5b7ab246eed4ab62803f567167ecf29e5d	cb402416d33eaaca027596bdb788b40e2079236918a080eaacee0251babeae28	True	File_S3_comparative_audit_20260909.zip
modules/S3/audit/results/Control_calibration.tsv	1497	0ad60b7c9b7c47f052bf3c83079ca8e9e3bcfe06a54eb20f7a400c534559e90d	0ad60b7c9b7c47f052bf3c83079ca8e9e3bcfe06a54eb20f7a400c534559e90d	False	File_S3_comparative_audit_20260909.zip
modules/S3/audit/results/Membership_changes.tsv	7088	449b861c69d57e54c4c889d9693152a42b8f6773760979ac3bf0ba364526d2de	449b861c69d57e54c4c889d9693152a42b8f6773760979ac3bf0ba364526d2de	False	File_S3_comparative_audit_20260909.zip
modules/S3/audit/results/nsLTP_核准数量与S19-S21.xlsx	94993	b1292aca42b1d4c024e73d02efbcfa58dea592e47582b7eaa05035670f3ee5a8	b1292aca42b1d4c024e73d02efbcfa58dea592e47582b7eaa05035670f3ee5a8	False	File_S3_comparative_audit_20260909.zip
modules/S3/audit/results/Phylogenetic_evidence.tsv	124282	9a9baa28bc5ea41b0702676f0768c731b386401b8c2c7a032be71fdefb79c940	9a9baa28bc5ea41b0702676f0768c731b386401b8c2c7a032be71fdefb79c940	False	File_S3_comparative_audit_20260909.zip
modules/S3/audit/results/Reference_dependence.tsv	444	4cc0e8d8fe4d60bfdd9e8bc934858a9ba667b29030ee2e8f3dba6b99fde6ac7e	4cc0e8d8fe4d60bfdd9e8bc934858a9ba667b29030ee2e8f3dba6b99fde6ac7e	False	File_S3_comparative_audit_20260909.zip
modules/S3/audit/results/Reference_omission.tsv	2714	8f546c029eaece5c3e8e295844a45cc3ac3fe7729b358b2d542940887b75d510	8f546c029eaece5c3e8e295844a45cc3ac3fe7729b358b2d542940887b75d510	False	File_S3_comparative_audit_20260909.zip
modules/S3/audit/results/S19_Counts.tsv	977	9ebd28f94be94f5d6033f0398ab0d1110ca64aed969ce52e748f241c2aa8972d	9ebd28f94be94f5d6033f0398ab0d1110ca64aed969ce52e748f241c2aa8972d	False	File_S3_comparative_audit_20260909.zip
modules/S3/audit/results/S19_nsLTP_Audit.tsv	56183	1058c8c65656658287a8b0dc6d0928a0cf75e6f39de0878d90a8b3039c387e16	1058c8c65656658287a8b0dc6d0928a0cf75e6f39de0878d90a8b3039c387e16	False	File_S3_comparative_audit_20260909.zip
modules/S3/audit/results/S19_Roster.tsv	9275	55e1c5d80d9f9b47c6d8040d75c562007d9f1c633e3311fff4685e196ec7c192	55e1c5d80d9f9b47c6d8040d75c562007d9f1c633e3311fff4685e196ec7c192	False	File_S3_comparative_audit_20260909.zip
modules/S3/audit/results/S20_Best_hit_audit.tsv	21560	4171e218a659559d5f542541b2a009f0c609e7535a9d03b2a66983ca2ac9d894	4171e218a659559d5f542541b2a009f0c609e7535a9d03b2a66983ca2ac9d894	False	File_S3_comparative_audit_20260909.zip
modules/S3/audit/results/S20_RBH_pairs.tsv	5788	8e170cc2a6a608d5f4d68b29a5b3d0e4739d30e84e87c53881e789951ba52195	8e170cc2a6a608d5f4d68b29a5b3d0e4739d30e84e87c53881e789951ba52195	False	File_S3_comparative_audit_20260909.zip
modules/S3/audit/results/S21_Collinear_pairs.tsv	4818	1b17eafc8506836145ae28674e1d46362696cc1da9b1c80d396ddc90e77ed4d6	1b17eafc8506836145ae28674e1d46362696cc1da9b1c80d396ddc90e77ed4d6	False	File_S3_comparative_audit_20260909.zip
modules/S3/audit/results/Threshold_sensitivity.tsv	1305	33db695e2a4e0c56db21a2a06f91033c1427b85f2022307a4924dc32cbfc2253	33db695e2a4e0c56db21a2a06f91033c1427b85f2022307a4924dc32cbfc2253	False	File_S3_comparative_audit_20260909.zip
modules/S3/audit/results/比较支持筛查_非物种特有判定.tsv	22652	cc025ad805edfda02e507d4eff64f1220a16a59047230f6973bda0ff24c5098b	cc025ad805edfda02e507d4eff64f1220a16a59047230f6973bda0ff24c5098b	False	File_S3_comparative_audit_20260909.zip
modules/S3/audit/source/audit_synteny_parser.py	1623	412f12d5dfddef0696c380fa21340892b6ccd0d98ae32aa1eef97d72b45ffe35	3d1ebe799419919862172889135498671d3f1072f66fb38a16cc78c6cd08085c	True	File_S3_comparative_audit_20260909.zip
modules/S3/audit/source/build_final_tables.py	5929	c5e34252a044307feacedc967b77d13ceb232cf0379d9200385bfbb0702a7afb	c5e34252a044307feacedc967b77d13ceb232cf0379d9200385bfbb0702a7afb	False	File_S3_comparative_audit_20260909.zip
modules/S3/audit/source/classify_shared.py	8358	a983570d0234361c868856d35323f2e565ce8e51706ac7ce0ca2892b6e7236bd	a983570d0234361c868856d35323f2e565ce8e51706ac7ce0ca2892b6e7236bd	False	File_S3_comparative_audit_20260909.zip
modules/S3/audit/source/prepare_analysis.py	7062	0a517eb1b3b2da17c7e4b04977e524b92ac00059bc0090b014852e82d30cd0eb	0a517eb1b3b2da17c7e4b04977e524b92ac00059bc0090b014852e82d30cd0eb	False	File_S3_comparative_audit_20260909.zip
modules/S3/audit/source/reference_sensitivity.py	1721	cfb730178733bd23a1adfbd3b8b4f88def5e8ff67b5e06017b31b5598f854c01	cfb730178733bd23a1adfbd3b8b4f88def5e8ff67b5e06017b31b5598f854c01	False	File_S3_comparative_audit_20260909.zip
modules/S3/audit/source/run_all_family_comparison.py	3200	bdf5ca2ca5d9e13489644dcd5dfce88faf4bdca59547a678e1096910da9ee635	4dee3d21fc5e857646a4d282382f1f9859bf5d53f23ed9fbfe36204452f51c1b	True	File_S3_comparative_audit_20260909.zip
modules/S3/audit/source/统一判定规则_v1.md	6251	aa66c4913208de7dbd356f6f5ab612e61350501f0a83bd8ceab69b825313f949	aa66c4913208de7dbd356f6f5ab612e61350501f0a83bd8ceab69b825313f949	False	File_S3_comparative_audit_20260909.zip
modules/S3/figure8/data/all_pair_neighbourhood_genes.tsv	84152	2931fea2307cf6b206b1955c5b9981a8749334e97598444af2c5e0e7abcbeca1	2931fea2307cf6b206b1955c5b9981a8749334e97598444af2c5e0e7abcbeca1	False	File_S3_comparative_audit_20260909.zip
modules/S3/figure8/data/annotation_mrna.tsv	2457238	340e67d80e9a8d2801fdc1a12b9aa5b33db39de9a57b228f6799bf12e52e7974	340e67d80e9a8d2801fdc1a12b9aa5b33db39de9a57b228f6799bf12e52e7974	False	File_S3_comparative_audit_20260909.zip
modules/S3/figure8/data/combined_id_manifest.tsv	4052076	584502c5200a98c754e1af76e18a9439f297a439008046beb586c1dd05c567be	584502c5200a98c754e1af76e18a9439f297a439008046beb586c1dd05c567be	False	File_S3_comparative_audit_20260909.zip
modules/S3/figure8/data/figure_QA.json	499	f48e0142aa78ab92869a4045594097fcea297acd3d2ac3a906221a3072f7dcb9	f48e0142aa78ab92869a4045594097fcea297acd3d2ac3a906221a3072f7dcb9	False	File_S3_comparative_audit_20260909.zip
modules/S3/figure8/data/plot_data.json	12911220	60eb2dd0f9a1c3687c9a5cbcda18b665ab111e12b7a1f16ee9c1cfc1f7ee0a5f	60eb2dd0f9a1c3687c9a5cbcda18b665ab111e12b7a1f16ee9c1cfc1f7ee0a5f	False	File_S3_comparative_audit_20260909.zip
modules/S3/figure8/data/reader_validation.json	766	313e89046bfabc2160ae7d5f26ac7b6e33b041e00213d5bc30472e707ca578e3	313e89046bfabc2160ae7d5f26ac7b6e33b041e00213d5bc30472e707ca578e3	False	File_S3_comparative_audit_20260909.zip
modules/S3/figure8/data/rso_genome.fai	12428	d31e8975a26cae757d7509551b18e4fae5b240555dd1ef8ff1a71334f11a5717	d31e8975a26cae757d7509551b18e4fae5b240555dd1ef8ff1a71334f11a5717	False	File_S3_comparative_audit_20260909.zip
modules/S3/figure8/data/rso_tau.collinearity	1594030	1a8cd6046fbcca01eed6caa94eae9ddc3d60895af08526b8a12b75cfc432a4e2	1a8cd6046fbcca01eed6caa94eae9ddc3d60895af08526b8a12b75cfc432a4e2	False	File_S3_comparative_audit_20260909.zip
modules/S3/figure8/data/S19_Counts.tsv	1058	1a8a4d79acde64eeb9e20adb73710e7c7c369c1ee53d00bdd998f45a6fcbad85	1a8a4d79acde64eeb9e20adb73710e7c7c369c1ee53d00bdd998f45a6fcbad85	False	File_S3_comparative_audit_20260909.zip
modules/S3/figure8/data/S19_RetainedSources.tsv	8721	110881ed05d3cb7260a0fcab32837f26b6978b62cf21c7b8c1e02f9e11f9ec70	110881ed05d3cb7260a0fcab32837f26b6978b62cf21c7b8c1e02f9e11f9ec70	False	File_S3_comparative_audit_20260909.zip
modules/S3/figure8/data/S21_CollinearPairs.tsv	4818	1b17eafc8506836145ae28674e1d46362696cc1da9b1c80d396ddc90e77ed4d6	1b17eafc8506836145ae28674e1d46362696cc1da9b1c80d396ddc90e77ed4d6	False	File_S3_comparative_audit_20260909.zip
modules/S3/figure8/data/S21_CollinearPairs_reparsed.tsv	4705	01649dba76eef2f40c308abb874ae763fd5d4b4aeb8992a19474517cef8a37bb	01649dba76eef2f40c308abb874ae763fd5d4b4aeb8992a19474517cef8a37bb	False	File_S3_comparative_audit_20260909.zip
modules/S3/figure8/data/source_manifest.json	2911	1ce582ccac8aa967d1f9ccfdb4f1bdff75003e94bd08220d01130f1ae60aa78c	36f6e49e851282da062a9b6ab0f3af516f45d3f3cb2e044c556290913a6d0080	True	File_S3_comparative_audit_20260909.zip
modules/S3/figure8/data/tamarix_defensin_miniprot_models.tsv	773	c61e505f0fd0d2646a1743cbd6b2d3bbee0c6d36c2226a3d48727a347ce4bdce	c61e505f0fd0d2646a1743cbd6b2d3bbee0c6d36c2226a3d48727a347ce4bdce	False	File_S3_comparative_audit_20260909.zip
modules/S3/figure8/data/tau_genome.fai	16311	1778acd5f13ac090bdde59f9b4c07e6ddea4f7906e66de5a349a054f565474de	1778acd5f13ac090bdde59f9b4c07e6ddea4f7906e66de5a349a054f565474de	False	File_S3_comparative_audit_20260909.zip
modules/S3/figure8/Figure8_comparative_synced_20260909.pdf	109564	0fb42e506f2a7a59046db53f7e11efe30ed0f7f2bfeb9484ff50340b0859f692	0fb42e506f2a7a59046db53f7e11efe30ed0f7f2bfeb9484ff50340b0859f692	False	File_S3_comparative_audit_20260909.zip
modules/S3/figure8/prepare_plot_data.py	8761	80cd068fe3e2670210b43a3d431afb51b108723d5df144ade3c02c451fa710bf	80cd068fe3e2670210b43a3d431afb51b108723d5df144ade3c02c451fa710bf	False	File_S3_comparative_audit_20260909.zip
modules/S3/figure8/redraw_figure8.py	14846	5ff719e330f417edc58e29964f0219ef8a1e72e8d57efb2432226bfa59bede92	5ff719e330f417edc58e29964f0219ef8a1e72e8d57efb2432226bfa59bede92	False	File_S3_comparative_audit_20260909.zip
modules/S3/figure8/全部31对_局部共线性核对.pdf	151330	d18d29681e9dc83f779f1c4a793644ee6f167589da0125b08215501a2d61c167	d18d29681e9dc83f779f1c4a793644ee6f167589da0125b08215501a2d61c167	False	File_S3_comparative_audit_20260909.zip
modules/S3/integration_source/prepare_comparative_figure.py	3532	15fb3aae58bb0a6f2702810c8dabc41e3b6d6365cfd7e32bcfd31d74dd3f4622	15fb3aae58bb0a6f2702810c8dabc41e3b6d6365cfd7e32bcfd31d74dd3f4622	False	File_S3_comparative_audit_20260909.zip
modules/S3/PREPUBLICATION_MANIFEST_SHA256.tsv	7186	87687291c6f17417623488b721a8c7cf7ba5b0c75a541e6858c8c17850ce5793	6908cd4fdf3892c7204e2d135b2c21f19146bda6adf8b750575dd9eff4f84a83	True	File_S3_comparative_audit_20260909.zip
modules/S3/README.md	3224	3814b9ab182c4db52344cf350e49e5b5cf1888ae7be7befb287a59c13d8a5a42	3814b9ab182c4db52344cf350e49e5b5cf1888ae7be7befb287a59c13d8a5a42	False	File_S3_comparative_audit_20260909.zip
modules/S3/verify_comparison.py	2929	a1231932bf6d336750d882b9708a5e443cac072ba77c2d45f81757e33628ba63	a1231932bf6d336750d882b9708a5e443cac072ba77c2d45f81757e33628ba63	False	File_S3_comparative_audit_20260909.zip
modules/S4/File_S4/PREPUBLICATION_FILE_MANIFEST_SHA256.tsv	14540	8b0a110efce42a9abf75cc6039f36155ab3f5d51ff6cb64bac56d4357e0f6389	8b0a110efce42a9abf75cc6039f36155ab3f5d51ff6cb64bac56d4357e0f6389	False	File_S4_M6_candidate_evidence_20260909.zip
modules/S4/File_S4/models/CAND02_M35_sensitivity_only.faa	134	b71f7929d70f9879dcfb499c34560757bd30724ee7d69ba4b8bbf18b4ab6f6e1	b71f7929d70f9879dcfb499c34560757bd30724ee7d69ba4b8bbf18b4ab6f6e1	False	File_S4_M6_candidate_evidence_20260909.zip
modules/S4/File_S4/models/connection_model.cds_with_stop.fna	287	e55e3d01b9f6deb469828ac79b1f7d4f257e0e0826835516dfd6545771e4eb44	e55e3d01b9f6deb469828ac79b1f7d4f257e0e0826835516dfd6545771e4eb44	False	File_S4_M6_candidate_evidence_20260909.zip
modules/S4/File_S4/models/connection_model.protein.faa	126	15c2fe2e9dbe38a59c23e239666638e1f6e44dbe05d4abc17dd725f544445e2c	15c2fe2e9dbe38a59c23e239666638e1f6e44dbe05d4abc17dd725f544445e2c	False	File_S4_M6_candidate_evidence_20260909.zip
modules/S4/File_S4/models/recursive_supplementary_genomic_ORFs.cds_with_stop.fna	1773	fcc0b18358c038acf85ad061e6d0b766e8f7896c0ec2845975796053427dbd93	fcc0b18358c038acf85ad061e6d0b766e8f7896c0ec2845975796053427dbd93	False	File_S4_M6_candidate_evidence_20260909.zip
modules/S4/File_S4/models/recursive_supplementary_genomic_ORFs.protein.faa	630	215cc1f9ae499cfb1f2c1181777e56f26d19ae4480786aaeab2f267496661d7a	215cc1f9ae499cfb1f2c1181777e56f26d19ae4480786aaeab2f267496661d7a	False	File_S4_M6_candidate_evidence_20260909.zip
modules/S4/File_S4/models/seven_accepted.cds_with_stop.fna	2213	bad3baaa898c96e8343b314461b256f44f3d642ec4861fa0d942fe3594b2cfbd	bad3baaa898c96e8343b314461b256f44f3d642ec4861fa0d942fe3594b2cfbd	False	File_S4_M6_candidate_evidence_20260909.zip
modules/S4/File_S4/models/seven_accepted.protein.faa	950	8dcc29cd4b09223709094350bf24c56f9b44fdcaca03334077d9c92d6a1edcbe	8dcc29cd4b09223709094350bf24c56f9b44fdcaca03334077d9c92d6a1edcbe	False	File_S4_M6_candidate_evidence_20260909.zip
modules/S4/File_S4/models/seven_accepted.provisional_models.gff3	4880	6c9f00854986c8fedfc62c09edae55020d650fd7e97a2a92590ddad08634850e	6c9f00854986c8fedfc62c09edae55020d650fd7e97a2a92590ddad08634850e	False	File_S4_M6_candidate_evidence_20260909.zip
modules/S4/File_S4/models/ten_priority.cds_with_stop.fna	3251	e4dab95aa4ec0ca0adef3e228b2d7aeee6a2fb0eb5e4fe9bde0703334db4ed74	e4dab95aa4ec0ca0adef3e228b2d7aeee6a2fb0eb5e4fe9bde0703334db4ed74	False	File_S4_M6_candidate_evidence_20260909.zip
modules/S4/File_S4/models/ten_priority.protein.faa	1387	9eaa839bdfd184766c450dd67ed09e630a16cc60434f419af2239b0c8ee1a9d7	9eaa839bdfd184766c450dd67ed09e630a16cc60434f419af2239b0c8ee1a9d7	False	File_S4_M6_candidate_evidence_20260909.zip
modules/S4/File_S4/models/two_supplementary.cds_with_stop.fna	751	03ef2ee6c9d83ff79a8df1e77ef7f288819805cddd3cbc10bcea3929ae4ad599	03ef2ee6c9d83ff79a8df1e77ef7f288819805cddd3cbc10bcea3929ae4ad599	False	File_S4_M6_candidate_evidence_20260909.zip
modules/S4/File_S4/models/two_supplementary.protein.faa	311	7631daab759ea207ed03e43d3210ba8841386a6762d604f5491ddf4e701b906e	7631daab759ea207ed03e43d3210ba8841386a6762d604f5491ddf4e701b906e	False	File_S4_M6_candidate_evidence_20260909.zip
modules/S4/File_S4/processed/blast/queries_vs_original_panel.same_settings.tsv	94947	e317a6f406111a12bdab8375d350b2f426a1a0dfc7fe6a98f803a1d8af177edb	e317a6f406111a12bdab8375d350b2f426a1a0dfc7fe6a98f803a1d8af177edb	False	File_S4_M6_candidate_evidence_20260909.zip
modules/S4/File_S4/processed/blast/queries_vs_reviewed_plants.tsv	365909	1a459a8f2f0e930e6b2c398cdcfa82956e39657ba134172a10bded5cc8bafcca	1a459a8f2f0e930e6b2c398cdcfa82956e39657ba134172a10bded5cc8bafcca	False	File_S4_M6_candidate_evidence_20260909.zip
modules/S4/File_S4/processed/CAND08_junction_records.tsv	7580	7c0a855b29b57fddb834d9e3a314459833f77cf2243eee88d4173373799e7ef2	7c0a855b29b57fddb834d9e3a314459833f77cf2243eee88d4173373799e7ef2	False	File_S4_M6_candidate_evidence_20260909.zip
modules/S4/File_S4/processed/cysteine_framework.tsv	996	52dda58d5266bfd59980ae0c794d4fa02db2c2586cd459148033a06584242a11	52dda58d5266bfd59980ae0c794d4fa02db2c2586cd459148033a06584242a11	False	File_S4_M6_candidate_evidence_20260909.zip
modules/S4/File_S4/processed/hmm/AMP.cutga.domtbl	5122	bd011d6779de98ac610b2a6dc498a8297c9af6f3269aa64788077a6d7ef002a4	bf8d99958ad7147986643c47a2f98d2bf2cd8d6d1cb74f86aeadf295ba80cb5a	True	File_S4_M6_candidate_evidence_20260909.zip
modules/S4/File_S4/processed/hmm/AMP.cutga.txt	25770	1917afdbd651a4eb0d9fe343170d2dd0bfe439066c291b7da19b44e09551ca81	b42deb4ca2543e8d74dae29aa7cf4da6a2581bd4f1a7947b78ecdec807defe83	True	File_S4_M6_candidate_evidence_20260909.zip
modules/S4/File_S4/processed/hmm/PF00304.aligned.faa	6643	80297059545a48c74ede5da8685f657c4e5597cb0fc519135556b0e07da3073e	80297059545a48c74ede5da8685f657c4e5597cb0fc519135556b0e07da3073e	False	File_S4_M6_candidate_evidence_20260909.zip
modules/S4/File_S4/processed/hmm/PF00304.relaxed.domtbl	6634	eb0661e9d3dc448339906dd5d209bf0f44148fd8151cbea952fc5506b65563f0	41dc66e18ccb73378acbdc6f8dfdefca544ba4bd3bee79b511e2c3096edfeaf9	True	File_S4_M6_candidate_evidence_20260909.zip
modules/S4/File_S4/processed/hmm/PF00304.relaxed.tbl	4396	a4aea11bd8da33dfc8929a2eafb47292f673778009fa2043f8b917b09fa5c639	0ee05b99c0a420a72389566ece9d9594bc67abac9231d2c6b6ada301537a097f	True	File_S4_M6_candidate_evidence_20260909.zip
modules/S4/File_S4/processed/hmm/PF00304.relaxed.txt	20496	dcfedfdc132f93cc09b95ffe3c0beeac7f05013375848b2a8ac1cc3b305cff49	8fda3f846574ff2684c3cbefc7b32f92bf67cfcbd64e12554d6f58dc72e59be1	True	File_S4_M6_candidate_evidence_20260909.zip
modules/S4/File_S4/processed/homology_hits_annotated.json	1353300	67793ca2970eb920be73e8d00bedfe70bae8316042420cfd77224e2ab631bc7f	67793ca2970eb920be73e8d00bedfe70bae8316042420cfd77224e2ab631bc7f	False	File_S4_M6_candidate_evidence_20260909.zip
modules/S4/File_S4/processed/homology_top_hits.txt	8454	3d6750a25b205780756d3c0b5fc2fcad411ec20808ddff1127b43cf812354265	3d6750a25b205780756d3c0b5fc2fcad411ec20808ddff1127b43cf812354265	False	File_S4_M6_candidate_evidence_20260909.zip
modules/S4/File_S4/processed/interpro/audit.json	89868	f5643ef2749f5d7cad64b2e4bafcaa3383a2c728e0f2982ac518e5404b951687	f5643ef2749f5d7cad64b2e4bafcaa3383a2c728e0f2982ac518e5404b951687	False	File_S4_M6_candidate_evidence_20260909.zip
modules/S4/File_S4/processed/interpro/matches_annotated.tsv	25604	6d548d65c2fafd667863ccea2210512d113136694785f262ae72c10258b35591	6d548d65c2fafd667863ccea2210512d113136694785f262ae72c10258b35591	False	File_S4_M6_candidate_evidence_20260909.zip
modules/S4/File_S4/processed/interpro/queries.gff3	42453	91a6d4f8024eff922d83bb444570bf8341ca98db77d8331d9ab7dd9161fcbebd	91a6d4f8024eff922d83bb444570bf8341ca98db77d8331d9ab7dd9161fcbebd	False	File_S4_M6_candidate_evidence_20260909.zip
modules/S4/File_S4/processed/interpro/queries.tsv	25344	c3764f0b4bc88db75e9d572cd442123211d17ad86725ad4edd818bd5c0f6a346	c3764f0b4bc88db75e9d572cd442123211d17ad86725ad4edd818bd5c0f6a346	False	File_S4_M6_candidate_evidence_20260909.zip
modules/S4/File_S4/processed/interpro/queries.xml	125645	750b99ae67ec60ee3d9aa4fce9ad063804a117056f1a42a99d7eb896511a2bdd	750b99ae67ec60ee3d9aa4fce9ad063804a117056f1a42a99d7eb896511a2bdd	False	File_S4_M6_candidate_evidence_20260909.zip
modules/S4/File_S4/processed/phylogeny/defensin.core.aln.faa	3133	8f54617cae1c2247c3ee34e0ed8573fc9157fcc95f72debbf4b51a63e95f304e	8f54617cae1c2247c3ee34e0ed8573fc9157fcc95f72debbf4b51a63e95f304e	False	File_S4_M6_candidate_evidence_20260909.zip
modules/S4/File_S4/processed/phylogeny/defensin.core.gappyout.faa	2749	b9a1cef60600567ef9aa8fd0e89b91196a6d0cc86f142da980d991fcc5627751	b9a1cef60600567ef9aa8fd0e89b91196a6d0cc86f142da980d991fcc5627751	False	File_S4_M6_candidate_evidence_20260909.zip
modules/S4/File_S4/processed/phylogeny/defensin.core.gappyout.iqtree	21983	39826d7c9648e2d62a3800935e5c99aa27f36c5a5a4b3fbe2aa55befbc9f2b6a	39826d7c9648e2d62a3800935e5c99aa27f36c5a5a4b3fbe2aa55befbc9f2b6a	False	File_S4_M6_candidate_evidence_20260909.zip
modules/S4/File_S4/processed/phylogeny/defensin.core.gappyout.treefile	2133	da7b205be86e08392874fce10139e4eac26185b08625723f2701e2ebfd623adf	da7b205be86e08392874fce10139e4eac26185b08625723f2701e2ebfd623adf	False	File_S4_M6_candidate_evidence_20260909.zip
modules/S4/File_S4/processed/phylogeny/defensin.core.untrimmed.iqtree	21390	e603c2ce6f9cd79a995ac74d1286101893971644ba360e18037327b935073001	e603c2ce6f9cd79a995ac74d1286101893971644ba360e18037327b935073001	False	File_S4_M6_candidate_evidence_20260909.zip
modules/S4/File_S4/processed/phylogeny/defensin.core.untrimmed.treefile	2135	444f6359255a97db5102dbc4a1bad1a2ddb6f6f328afc2ef54b14a0c8cedb472	444f6359255a97db5102dbc4a1bad1a2ddb6f6f328afc2ef54b14a0c8cedb472	False	File_S4_M6_candidate_evidence_20260909.zip
modules/S4/File_S4/processed/phylogeny/defensin.full.aln.faa	9949	444eff8c0394bfb5739de56844ad84ed1be9cf75c64fcb0be60fda9cec5bf21d	444eff8c0394bfb5739de56844ad84ed1be9cf75c64fcb0be60fda9cec5bf21d	False	File_S4_M6_candidate_evidence_20260909.zip
modules/S4/File_S4/processed/phylogeny/defensin.full.faa	4295	948e7d3aef9a61ee206d079627454e48107b6003c9047ee0b94ce80e4ce03333	948e7d3aef9a61ee206d079627454e48107b6003c9047ee0b94ce80e4ce03333	False	File_S4_M6_candidate_evidence_20260909.zip
modules/S4/File_S4/processed/phylogeny/defensin.full.gappyout.faa	4189	2ab181587e27a6d3174a5c5371f41b39b94bab617d5a6add539c663f6afba457	2ab181587e27a6d3174a5c5371f41b39b94bab617d5a6add539c663f6afba457	False	File_S4_M6_candidate_evidence_20260909.zip
modules/S4/File_S4/processed/phylogeny/defensin.full.gappyout.iqtree	21338	06298fe9f0bcf655a02e681deaf0c18c060e0fa55585b1ecf6d09667717ea7b6	06298fe9f0bcf655a02e681deaf0c18c060e0fa55585b1ecf6d09667717ea7b6	False	File_S4_M6_candidate_evidence_20260909.zip
modules/S4/File_S4/processed/phylogeny/defensin.full.gappyout.treefile	2140	379a5755173058d4ca1316775509b749b6df5b3e612573517e35e1103676bc79	379a5755173058d4ca1316775509b749b6df5b3e612573517e35e1103676bc79	False	File_S4_M6_candidate_evidence_20260909.zip
modules/S4/File_S4/processed/phylogeny/defensin.full.untrimmed.iqtree	19240	ef2beb4cb3563069c576f55ab588259a307553e3df860cc474f48c2fb6b4a20f	ef2beb4cb3563069c576f55ab588259a307553e3df860cc474f48c2fb6b4a20f	False	File_S4_M6_candidate_evidence_20260909.zip
modules/S4/File_S4/processed/phylogeny/defensin.full.untrimmed.treefile	2147	3474c7273c3607a646b6c0fa841431130feb3959b4f0015429e59972faabe9d4	3474c7273c3607a646b6c0fa841431130feb3959b4f0015429e59972faabe9d4	False	File_S4_M6_candidate_evidence_20260909.zip
modules/S4/File_S4/processed/phylogeny/model_and_composition_audit.json	3241	d09561ad943cf04913db6932abd6a5b1b21c4f6e6848a7ba32ed1e59a592384e	d09561ad943cf04913db6932abd6a5b1b21c4f6e6848a7ba32ed1e59a592384e	False	File_S4_M6_candidate_evidence_20260909.zip
modules/S4/File_S4/processed/phylogeny/model_and_composition_audit.tsv	1626	7b3497d2cef7b944c45d4ed4f4af68ddbd6c931c5c1744740753e0cfe5970980	7b3497d2cef7b944c45d4ed4f4af68ddbd6c931c5c1744740753e0cfe5970980	False	File_S4_M6_candidate_evidence_20260909.zip
modules/S4/File_S4/processed/phylogeny/nearest_supported_neighborhood.tsv	104012	ca7938d7ff243e8ccbd3f6d2a192770e5a0dafe5cd6956351644b5339c72a30d	ca7938d7ff243e8ccbd3f6d2a192770e5a0dafe5cd6956351644b5339c72a30d	False	File_S4_M6_candidate_evidence_20260909.zip
modules/S4/File_S4/processed/phylogeny/nsltp.core.aln.faa	15856	35d9b679a16c04dd1447551902a5483b2995f1e54e7d3823c62d14e7259fb675	35d9b679a16c04dd1447551902a5483b2995f1e54e7d3823c62d14e7259fb675	False	File_S4_M6_candidate_evidence_20260909.zip
modules/S4/File_S4/processed/phylogeny/nsltp.core.gappyout.faa	15226	96c284c96673e0fe0e33a1d56e368ee49f2f5e818c4ea40260e83ff4ae8b6dbd	96c284c96673e0fe0e33a1d56e368ee49f2f5e818c4ea40260e83ff4ae8b6dbd	False	File_S4_M6_candidate_evidence_20260909.zip
modules/S4/File_S4/processed/phylogeny/nsltp.core.gappyout.iqtree	36440	1f631bc4c49e3a1739d9b96595599c90dc271157f5bf9104c0e4c7fc9fcbbe74	1f631bc4c49e3a1739d9b96595599c90dc271157f5bf9104c0e4c7fc9fcbbe74	False	File_S4_M6_candidate_evidence_20260909.zip
modules/S4/File_S4/processed/phylogeny/nsltp.core.gappyout.treefile	4085	f5eceabedb91decf0290e9eaa1bd7ecf5afc40863be758501aa1ee01c144df13	f5eceabedb91decf0290e9eaa1bd7ecf5afc40863be758501aa1ee01c144df13	False	File_S4_M6_candidate_evidence_20260909.zip
modules/S4/File_S4/processed/phylogeny/nsltp.core.untrimmed.iqtree	37143	4c2dc687b194b3a4120a511884c86ac8f3d86613f59429ca365c7f705ad4559a	4c2dc687b194b3a4120a511884c86ac8f3d86613f59429ca365c7f705ad4559a	False	File_S4_M6_candidate_evidence_20260909.zip
modules/S4/File_S4/processed/phylogeny/nsltp.core.untrimmed.treefile	4080	9440a446563bd4c92aa50aeead4e6c5249b97897995f02c87a15141f64d8c5f9	9440a446563bd4c92aa50aeead4e6c5249b97897995f02c87a15141f64d8c5f9	False	File_S4_M6_candidate_evidence_20260909.zip
modules/S4/File_S4/processed/phylogeny/nsltp.full.aln.faa	54016	130e511ce7840e1d8834ceff24f83d8f79bb17d42df4579c28c9dfc0d9174417	130e511ce7840e1d8834ceff24f83d8f79bb17d42df4579c28c9dfc0d9174417	False	File_S4_M6_candidate_evidence_20260909.zip
modules/S4/File_S4/processed/phylogeny/nsltp.full.faa	14513	20b16b67724987b2f463ee0aad423ee8ed42c7da00945be6bede7990b07b30a2	20b16b67724987b2f463ee0aad423ee8ed42c7da00945be6bede7990b07b30a2	False	File_S4_M6_candidate_evidence_20260909.zip
modules/S4/File_S4/processed/phylogeny/nsltp.full.gappyout.faa	6046	e365a58d6a476c1ea0c812940d12e18d7386e48805ecb05c67ea31d31b418133	e365a58d6a476c1ea0c812940d12e18d7386e48805ecb05c67ea31d31b418133	False	File_S4_M6_candidate_evidence_20260909.zip
modules/S4/File_S4/processed/phylogeny/nsltp.full.gappyout.iqtree	35221	cca7b7fd419986d59cd354b31b8d38ddf1b061c5fbda8e12e95d75a001a29f1d	cca7b7fd419986d59cd354b31b8d38ddf1b061c5fbda8e12e95d75a001a29f1d	False	File_S4_M6_candidate_evidence_20260909.zip
modules/S4/File_S4/processed/phylogeny/nsltp.full.gappyout.treefile	4068	aa804017c10ad95dac7c5466490784a33725f79993586136d0af26246b368bcc	aa804017c10ad95dac7c5466490784a33725f79993586136d0af26246b368bcc	False	File_S4_M6_candidate_evidence_20260909.zip
modules/S4/File_S4/processed/phylogeny/nsltp.full.untrimmed.iqtree	40753	4f1ec3a29a0108426f46a899d7cd6626fa11a7d658f52ea41039b7ca9701361e	4f1ec3a29a0108426f46a899d7cd6626fa11a7d658f52ea41039b7ca9701361e	False	File_S4_M6_candidate_evidence_20260909.zip
modules/S4/File_S4/processed/phylogeny/nsltp.full.untrimmed.treefile	4093	e27954e3fb56b5f6ae27422c258b6fe2e629c2bb13367a2bf3a44ac979d687ae	e27954e3fb56b5f6ae27422c258b6fe2e629c2bb13367a2bf3a44ac979d687ae	False	File_S4_M6_candidate_evidence_20260909.zip
modules/S4/File_S4/processed/phylogeny/panel_summary.json	714	d050392f363f47d8b4f180ef15fcba9c390af2c1b6c8d7856052ec7f28b76578	d050392f363f47d8b4f180ef15fcba9c390af2c1b6c8d7856052ec7f28b76578	False	File_S4_M6_candidate_evidence_20260909.zip
modules/S4/File_S4/processed/phylogeny/reference_manifest.tsv	24418	ccf0130805184d9748b3dc21e38897889f72d9a9efa391088543fc183bd09d63	ccf0130805184d9748b3dc21e38897889f72d9a9efa391088543fc183bd09d63	False	File_S4_M6_candidate_evidence_20260909.zip
modules/S4/File_S4/processed/phylogeny/split_audit.json	1305972	326469c02a346ce4f968480a72457b92e42c373545ba3abbdf4debe3fdf5a6a9	326469c02a346ce4f968480a72457b92e42c373545ba3abbdf4debe3fdf5a6a9	False	File_S4_M6_candidate_evidence_20260909.zip
modules/S4/File_S4/processed/pooled_cds_base_support.tsv	151835	c4b9f3479fc871ea47e48d7a74a514f01df6eeefbd26e29cf5d6d4c6c35e8bfc	c4b9f3479fc871ea47e48d7a74a514f01df6eeefbd26e29cf5d6d4c6c35e8bfc	False	File_S4_M6_candidate_evidence_20260909.zip
modules/S4/File_S4/processed/queries_controls.faa	2467	95924e96c6fc27921e715c52513d43e69ee23fb720a969d22d3c634ccc79798d	95924e96c6fc27921e715c52513d43e69ee23fb720a969d22d3c634ccc79798d	False	File_S4_M6_candidate_evidence_20260909.zip
modules/S4/File_S4/processed/queries_interpro.faa	2601	9d103887512cc6c11f691f9e5ef7bb84919aa6cbc3c1ff91d5e8ca24c6f8a9e1	9d103887512cc6c11f691f9e5ef7bb84919aa6cbc3c1ff91d5e8ca24c6f8a9e1	False	File_S4_M6_candidate_evidence_20260909.zip
modules/S4/File_S4/processed/read_sequence_per_sample.tsv	6478	0bed76d85f8491b8ee3f547ddfe0a0ac3adc89c950e2fdc0a9fa863b2751bbf9	0bed76d85f8491b8ee3f547ddfe0a0ac3adc89c950e2fdc0a9fa863b2751bbf9	False	File_S4_M6_candidate_evidence_20260909.zip
modules/S4/File_S4/processed/reference_panel_threshold_sensitivity.tsv	1678	6b4ebd46489784dcc4a9bef3f8dfbfeb97d2a7d2c40dc32f7d98188eac2be4a0	6b4ebd46489784dcc4a9bef3f8dfbfeb97d2a7d2c40dc32f7d98188eac2be4a0	False	File_S4_M6_candidate_evidence_20260909.zip
modules/S4/File_S4/processed/sequence_read_audit.json	19297	a25540f582a1c3a55a5123f0fc55a8332b719d468183184fb7d1b1cfcfa834e3	a25540f582a1c3a55a5123f0fc55a8332b719d468183184fb7d1b1cfcfa834e3	False	File_S4_M6_candidate_evidence_20260909.zip
modules/S4/File_S4/processed/single_variant_sensitivity.faa	2527	ca3f71964fc5299c9465488bac80b52d79548897e9f6a6a241558a85655485d7	ca3f71964fc5299c9465488bac80b52d79548897e9f6a6a241558a85655485d7	False	File_S4_M6_candidate_evidence_20260909.zip
modules/S4/File_S4/processed/single_variant_sensitivity_manifest.json	5530	02ff9cdccee84fb6df6e5643fe73e4f9a94fb03c62d3fdb06fc89321b6dffa17	02ff9cdccee84fb6df6e5643fe73e4f9a94fb03c62d3fdb06fc89321b6dffa17	False	File_S4_M6_candidate_evidence_20260909.zip
modules/S4/File_S4/processed/start_sensitivity/alternative.deepsig.gff3	135	58469ed35664f148f54be5d6eae605658575b8cde33575a7f5ffc18f914a65b8	58469ed35664f148f54be5d6eae605658575b8cde33575a7f5ffc18f914a65b8	False	File_S4_M6_candidate_evidence_20260909.zip
modules/S4/File_S4/processed/start_sensitivity/alternative.tmbed.pred	248	3c5fbc7c0e477ef6680261bd5a4f9a9652e7db99356f917727ec621b4171fe37	3c5fbc7c0e477ef6680261bd5a4f9a9652e7db99356f917727ec621b4171fe37	False	File_S4_M6_candidate_evidence_20260909.zip
modules/S4/File_S4/processed/variant_consequence_audit.tsv	4232	f37a65030d08c1c93e5914c25ab62ed1f24b383758c05eca840708fedec35512	f37a65030d08c1c93e5914c25ab62ed1f24b383758c05eca840708fedec35512	False	File_S4_M6_candidate_evidence_20260909.zip
modules/S4/File_S4/processed/variant_sensitivity/AMP.cutga.domtbl	4609	5ea0570a3cd6c13543be3389e406d1f77db2e96b8d4de60c4c4985942a2daaba	34804ff394890af9d6fb40b857c74eec21ca05f05c1da19e03b611dc98fa1dd9	True	File_S4_M6_candidate_evidence_20260909.zip
modules/S4/File_S4/processed/variant_sensitivity/AMP.cutga.txt	24042	d993fb16ae668d58f8f038e5af12bca2f87a4d8606dfc99282949ef7919f4216	bd64cb4282f92403b2c85c8e49371b0c20f18a094e527bc86dbfbf984f3b970e	True	File_S4_M6_candidate_evidence_20260909.zip
modules/S4/File_S4/processed/variant_sensitivity/PF00304.relaxed.tbl	4101	f0bc7f1f4648d2a79456b3911d58fc8f3a7d516ab9440e964ccb61fb86f95fa2	aacb2375565ffef73180b18099be961513254911a543d1f05bf16f0cec9cb9bf	True	File_S4_M6_candidate_evidence_20260909.zip
modules/S4/File_S4/processed/variant_sensitivity/PF00304.relaxed.txt	19576	12aa425e138b2fed80d736a003b200b68111459045a96821d45fe25eebab29c7	0052a276711e3dd1ce267b05e03071c553d9f3a43a13659619267b7463f2ed95	True	File_S4_M6_candidate_evidence_20260909.zip
modules/S4/File_S4/processed/variant_sensitivity/single.deepsig.gff3	2468	aa9e89bc04d4a3be3035030b3fd3348cf5a897b6a0dfbae1e46896cd1d5b054e	aa9e89bc04d4a3be3035030b3fd3348cf5a897b6a0dfbae1e46896cd1d5b054e	False	File_S4_M6_candidate_evidence_20260909.zip
modules/S4/File_S4/processed/variant_sensitivity/single.predgpi.json	7238	b94533b10c748422473ea7d8801bd647222608b2e130365d22382f61d30158b7	b94533b10c748422473ea7d8801bd647222608b2e130365d22382f61d30158b7	False	File_S4_M6_candidate_evidence_20260909.zip
modules/S4/File_S4/processed/variant_sensitivity/summary.json	8102	e439075dd11b34c1de24afc9501177c1fc805c0682d7de808b389f781c00410a	e439075dd11b34c1de24afc9501177c1fc805c0682d7de808b389f781c00410a	False	File_S4_M6_candidate_evidence_20260909.zip
modules/S4/File_S4/provenance/archived_candidate_manifest.json	427372	0d32c8475220a2437cc8c0a0749b70aa5ad43dec6ff8220d233ed85654536837	0d32c8475220a2437cc8c0a0749b70aa5ad43dec6ff8220d233ed85654536837	False	File_S4_M6_candidate_evidence_20260909.zip
modules/S4/File_S4/provenance/archived_correction_record.tsv	521	94229c2bd2dad40eaebd8936ea7b9969c341bafdf91be518b26582850885bbf2	0fd40de6bb52828411146db44f07d618aca7ee7f4cedd5bf51082024a5234474	True	File_S4_M6_candidate_evidence_20260909.zip
modules/S4/File_S4/provenance/archived_reconciliation_validation.json	6067	c800cb0a4cd341a7164daaa7203a3973d5683a7169c6760d09dd14058b70d650	c800cb0a4cd341a7164daaa7203a3973d5683a7169c6760d09dd14058b70d650	False	File_S4_M6_candidate_evidence_20260909.zip
modules/S4/File_S4/provenance/archived_run_provenance.json	9301	5bf02d96c2d04147da21c252fa61acd27846fe03dfb159c9ff862ab3c6efa18a	696bd96c0e2d62a25acfd8668cac90bebc44dfe7af4a6815075ab3ab516be01a	True	File_S4_M6_candidate_evidence_20260909.zip
modules/S4/File_S4/provenance/build_file_s4.py	22076	b4b6d24985d153536cae54b93d8931f567576ec84c3d907d35fd75298e4d2c44	b4b6d24985d153536cae54b93d8931f567576ec84c3d907d35fd75298e4d2c44	False	File_S4_M6_candidate_evidence_20260909.zip
modules/S4/File_S4/provenance/original_scripts/audit_interpro.py	2071	bb27091c5bd7e19e85e28b9263082187c65ae38dfa05c6c1396b4cd8c28b88d2	bb27091c5bd7e19e85e28b9263082187c65ae38dfa05c6c1396b4cd8c28b88d2	False	File_S4_M6_candidate_evidence_20260909.zip
modules/S4/File_S4/provenance/original_scripts/audit_phylogeny.py	4581	222443febec770a5187c2ba5980a915eadc965eeca7e4c4d06e7101b0a81a5ee	222443febec770a5187c2ba5980a915eadc965eeca7e4c4d06e7101b0a81a5ee	False	File_S4_M6_candidate_evidence_20260909.zip
modules/S4/File_S4/provenance/original_scripts/audit_sensitivity_results.py	2434	9deafe0fae678dbe70bc189b0f07c170350db07f8c9c4f222ec987e5f9713896	9deafe0fae678dbe70bc189b0f07c170350db07f8c9c4f222ec987e5f9713896	False	File_S4_M6_candidate_evidence_20260909.zip
modules/S4/File_S4/provenance/original_scripts/audit_sequence_reads.py	6321	ace5f173f825a1d28fc2c97c3082abe0c033c51041e5062ece4cf9a861a93bbc	ace5f173f825a1d28fc2c97c3082abe0c033c51041e5062ece4cf9a861a93bbc	False	File_S4_M6_candidate_evidence_20260909.zip
modules/S4/File_S4/provenance/original_scripts/build_m6_reconciliation.py	23945	6590e446d9e277648ccbee33483f3d0b559465d01721570398592a388eb47f57	6590e446d9e277648ccbee33483f3d0b559465d01721570398592a388eb47f57	False	File_S4_M6_candidate_evidence_20260909.zip
modules/S4/File_S4/provenance/original_scripts/download_references.py	1460	08c3ed59c33b9c7f8ea369b5cba4ec23f5ae47532494e8d8f58b4aff0bbedeaa	08c3ed59c33b9c7f8ea369b5cba4ec23f5ae47532494e8d8f58b4aff0bbedeaa	False	File_S4_M6_candidate_evidence_20260909.zip
modules/S4/File_S4/provenance/original_scripts/export_genome.py	691	712ce06a3c1f07820455c2bd00a285c837729f19e3417d61b9d42c84636a968b	2b18c73af57de500346f504a454e2a79f8cdf9ffdb299212d4b5f0cd2b5ae95c	True	File_S4_M6_candidate_evidence_20260909.zip
modules/S4/File_S4/provenance/original_scripts/framework_audit.py	1198	a0b262ff7e03ec28c715463704fb4640f43e0cb82f046a5cab8d92921ecb3d32	a0b262ff7e03ec28c715463704fb4640f43e0cb82f046a5cab8d92921ecb3d32	False	File_S4_M6_candidate_evidence_20260909.zip
modules/S4/File_S4/provenance/original_scripts/interpret_variants.py	2020	5c2c289db21984c74d882755edd384cd7cb2233e23a3c569d2f37b871532740e	5c2c289db21984c74d882755edd384cd7cb2233e23a3c569d2f37b871532740e	False	File_S4_M6_candidate_evidence_20260909.zip
modules/S4/File_S4/provenance/original_scripts/prepare_inputs.py	1897	26910047b895bf3ce30a85db741aa6a0ab326db2c16ee8db035e3c5e01d819e6	26910047b895bf3ce30a85db741aa6a0ab326db2c16ee8db035e3c5e01d819e6	False	File_S4_M6_candidate_evidence_20260909.zip
modules/S4/File_S4/provenance/original_scripts/prepare_phylogeny.py	2729	f1bdece434014bef1f0dde4c76a7ad827fdf7dd9e3afb2d35358c47abd86b7f2	f1bdece434014bef1f0dde4c76a7ad827fdf7dd9e3afb2d35358c47abd86b7f2	False	File_S4_M6_candidate_evidence_20260909.zip
modules/S4/File_S4/provenance/original_scripts/prepare_variant_sensitivity.py	1174	77c6b3be90d820bba71c54f9cdbb2f78d62879b217ba48b614ab90d49afac801	77c6b3be90d820bba71c54f9cdbb2f78d62879b217ba48b614ab90d49afac801	False	File_S4_M6_candidate_evidence_20260909.zip
modules/S4/File_S4/provenance/original_scripts/reference_sensitivity_audit.py	2299	f4b976f6fa2c2cb27beae7dbbbe6e23c80a35c58fbad699e640621d7d84ae5e2	f4b976f6fa2c2cb27beae7dbbbe6e23c80a35c58fbad699e640621d7d84ae5e2	False	File_S4_M6_candidate_evidence_20260909.zip
modules/S4/File_S4/provenance/original_scripts/run_alternative_start.sh	907	70bdf17f038930133173cc5415447c740b235a7800e5d800b41baeacbe59228f	9f2e7d86ef967784baec265dd4b5bf50b9d9162bfba16d85d06936491d296dd6	True	File_S4_M6_candidate_evidence_20260909.zip
modules/S4/File_S4/provenance/original_scripts/run_homology.sh	1437	dcfadda3a9de1732fc789aa2c81b38424e819665667813c710bfddb9d88e631f	54980e76d7b3dd9ccc86ee09ee5b0b09daa1ffafd3e9c75b117bfe16a2651eff	True	File_S4_M6_candidate_evidence_20260909.zip
modules/S4/File_S4/provenance/original_scripts/run_interpro.sh	648	9ba14ff6b1fdfa73478f364d24286234978c84c4f7e6439de94a51edcba32247	6777739542b1208445fddc84fa2da0f7840cb30c437d76696646e5d0fe67adf2	True	File_S4_M6_candidate_evidence_20260909.zip
modules/S4/File_S4/provenance/original_scripts/run_phylogeny.sh	1325	8f7db418562d24f3dbff4e43ee35d4a7f226ffe856d42513b733e30f96cd2052	e731751567122b64650dfb4ac409e4a1b56aad433b10b5f15f8bd49cd899a91d	True	File_S4_M6_candidate_evidence_20260909.zip
modules/S4/File_S4/provenance/original_scripts/run_reference_sensitivity.sh	865	166c9726aa6e65ba26b0f1d474ba234b9a1907f2d607c5518c7fd67609061386	b5daccc284e68ac41255e8a5fe02baf6592bfcb9b6796c919e96aa91292c2110	True	File_S4_M6_candidate_evidence_20260909.zip
modules/S4/File_S4/provenance/original_scripts/run_tmbed_retry.sh	623	9388cb840753a86debc05aa67018743c6659bf8ae7e27ccc5ed556816d9f261d	ffff4ef016f47ddfff24a9c62c5339e4c67d1dcb482bee10d21ea13b5d3a3336	True	File_S4_M6_candidate_evidence_20260909.zip
modules/S4/File_S4/provenance/original_scripts/run_variant_sensitivity.sh	1241	0bb18c49fbd0bb245651f7bacc075b8536ed47c2bc93d89f4d01bd4daa8493ee	9bbc5f98b86b7c621914ac80590bf50b24a2828f7f26171ab1b69601c6500a64	True	File_S4_M6_candidate_evidence_20260909.zip
modules/S4/File_S4/provenance/original_scripts/summarize_homology.py	2059	e8e38d67eb34d2f2c0bab9b6ee0197a89e549aafc6ef7d5e131091b9bb063281	e8e38d67eb34d2f2c0bab9b6ee0197a89e549aafc6ef7d5e131091b9bb063281	False	File_S4_M6_candidate_evidence_20260909.zip
modules/S4/File_S4/provenance/priority_genome_windows.json	49520	481e643604bfc6dbf710c1d3fe3fb6546da921fa11dcec3aae8f2dd361e393d7	481e643604bfc6dbf710c1d3fe3fb6546da921fa11dcec3aae8f2dd361e393d7	False	File_S4_M6_candidate_evidence_20260909.zip
modules/S4/File_S4/provenance/reconciliation_input_hashes.tsv	5450	b33fd9f14ff7314b620412bbab8cc22a967b5b38f059e5a7efcbb738d81fc447	ea5a88a5d39be889e5edbc8c3470903768be751f37ef4fd4a05d843815a27d6f	True	File_S4_M6_candidate_evidence_20260909.zip
modules/S4/File_S4/provenance/reviewed_reference_download.json	1679	08765dea31585fa552330805a40fdb2cfd9fda6698254efacab4f841c1f4ec39	08765dea31585fa552330805a40fdb2cfd9fda6698254efacab4f841c1f4ec39	False	File_S4_M6_candidate_evidence_20260909.zip
modules/S4/File_S4/README.md	7486	1c4f304c4b69021d0dbc94af1e964f96420151ebdeb0827e1d46e9b7b2ddf14f	1c4f304c4b69021d0dbc94af1e964f96420151ebdeb0827e1d46e9b7b2ddf14f	False	File_S4_M6_candidate_evidence_20260909.zip
modules/S4/File_S4/SOURCE_PROVENANCE.tsv	23621	7a21f29e5ccf88e4a8cf0e61c85b087198eff09744e37698e7041abaa9cf8be7	7a21f29e5ccf88e4a8cf0e61c85b087198eff09744e37698e7041abaa9cf8be7	False	File_S4_M6_candidate_evidence_20260909.zip
modules/S4/File_S4/tables/additional_supplementary_records.tsv	3677	0d85572362294e54398cfae3933383e5f83207724839152eff0f227da0a2c152	0d85572362294e54398cfae3933383e5f83207724839152eff0f227da0a2c152	False	File_S4_M6_candidate_evidence_20260909.zip
modules/S4/File_S4/tables/correction_CAND07_CAND08.tsv	410	6fe87f667f39ff1f015c17dab0e6cecc6e506251c58937c85e5f7b48a21bb5d7	6fe87f667f39ff1f015c17dab0e6cecc6e506251c58937c85e5f7b48a21bb5d7	False	File_S4_M6_candidate_evidence_20260909.zip
modules/S4/File_S4/tables/discovery_branch_scope.tsv	1094	dacf85438e135589a7de8f0e206e6fee6fb15ad53b878ff3a6f09079b746eb30	dacf85438e135589a7de8f0e206e6fee6fb15ad53b878ff3a6f09079b746eb30	False	File_S4_M6_candidate_evidence_20260909.zip
modules/S4/File_S4/tables/known_locus_61_ORF_records.tsv	21094	9d382149135f3d9ed3ac6fccb1dec4167dc1477831a3611ac84949297fdca070	3d79bd3f55697b4ea60c7a6a52d71dabb4b434a06cf8f0b89aced407c838f382	True	File_S4_M6_candidate_evidence_20260909.zip
modules/S4/File_S4/tables/overlapping_32_model_reconciliation.tsv	6306	89ed708d2db61b79cfe742944c85d76620b26d271841e028e97b75ae718db045	89ed708d2db61b79cfe742944c85d76620b26d271841e028e97b75ae718db045	False	File_S4_M6_candidate_evidence_20260909.zip
modules/S4/File_S4/tables/priority_CDS_and_legacy_nonredundancy.tsv	3027	bd0498dfd9c17ef6c2b925dd8e53af3131fc326fbc967e2ae3734c93e494d291	81b5db7155efa76a4f0d289fe9a9170747ca128f5f4f4f4892d0f6b26ac82497	True	File_S4_M6_candidate_evidence_20260909.zip
modules/S4/File_S4/tables/proposed_aliases_not_adopted.tsv	1194	299a3fdad44da50b808d74be7bef87b8b3483a4ce5c508249cdc6889480ab095	299a3fdad44da50b808d74be7bef87b8b3483a4ce5c508249cdc6889480ab095	False	File_S4_M6_candidate_evidence_20260909.zip
modules/S4/File_S4/tables/recursive_31_cluster_reconciliation.tsv	8100	45575d647e21e6dc8a976bb6e791789c782a244ca5ed6ab45c6390a3743bd29b	edc1d07d08c0a0fbb6953f7d2b7552e156b48251b60fedc17b8c194e50d64524	True	File_S4_M6_candidate_evidence_20260909.zip
modules/S4/File_S4/tables/ten_priority_candidate_evidence.tsv	9823	0dafd4271255f3d7a925fff220eece86fdd41fae0092587e75107e9a5366baa8	0dafd4271255f3d7a925fff220eece86fdd41fae0092587e75107e9a5366baa8	False	File_S4_M6_candidate_evidence_20260909.zip
modules/S4/File_S4/verify_file_s4.py	6111	df1444c38c3703a187857cab1ba9327b1568d33360d63679c4952f2dadd58913	df1444c38c3703a187857cab1ba9327b1568d33360d63679c4952f2dadd58913	False	File_S4_M6_candidate_evidence_20260909.zip
modules/S5/evidence/localization_rows.json	338067	6b08ab8b7d386eac9081759bd51007b8dbf9707d9e7ab5dfef4e7575ab18be96	b86d6b49cbbd5b309c649eee09b14598b5676b9cffe04e5d54d620c09e077547	True	File_S5_localization_20260909.zip
modules/S5/evidence/localization_summary.json	4177	a17b19ee15da248f31c227f48dd000d6ccd3a77b23a5294ca9f502c9c67f712f	a17b19ee15da248f31c227f48dd000d6ccd3a77b23a5294ca9f502c9c67f712f	False	File_S5_localization_20260909.zip
modules/S5/evidence/membrane_evidence_audit.json	27741	4cd483393f72aaccbc4a4f04cc7018c43ebc4e52c47f13fd0aa17893a6d4caec	3500815482d7da837fa194372b01ecc2a93f6378d8c4ae012844423eef73af52	True	File_S5_localization_20260909.zip
modules/S5/evidence/membrane_evidence_by_sequence.tsv	81465	d6efa8b09fb18820129354e207bfaa3b5923442abc6016d07166319e465fba7c	32c000eaaf43197f757aa372940ed958d4087e9d185098628f946c95dd170294	True	File_S5_localization_20260909.zip
modules/S5/evidence/predictions_by_sequence.json	109684	b68d773ea56f823e66cef879701933242bb97e89ff24d828f8824bbeacef4bf8	b68d773ea56f823e66cef879701933242bb97e89ff24d828f8824bbeacef4bf8	False	File_S5_localization_20260909.zip
modules/S5/evidence/predictions_by_sequence.tsv	16847	90a45a5b40f9acf6b19d19cc475b2faf837c50fd96cdb02e8743ef9b96ff6b4b	01486ca09df8ba13765dbaa8c2deb4df97d7b6a1146bce4d049cdb17ba573222	True	File_S5_localization_20260909.zip
modules/S5/inputs/union_full_proteins.faa	13364	bdfecbb653d6634ae283fc477a7ab484b94fd2b3c3399fd4dd7c592a4053f5d8	bdfecbb653d6634ae283fc477a7ab484b94fd2b3c3399fd4dd7c592a4053f5d8	False	File_S5_localization_20260909.zip
modules/S5/inputs/union_id_map.tsv	27876	122fb40c3a8d2c967632c2c7abcb1bb5b178c4ccda8774281cce5818611542e1	0d9e98b1909cc1e9ff8787824833723973e2cee7f221137d5cc031b2067da2e3	True	File_S5_localization_20260909.zip
modules/S5/outputs/union.deepsig.gff3	11018	0a0943903b39a9bd1240f1ccc3af8103260a4fd0c512de0c658b747b5399896e	0a0943903b39a9bd1240f1ccc3af8103260a4fd0c512de0c658b747b5399896e	False	File_S5_localization_20260909.zip
modules/S5/outputs/wolfpsort.stderr.txt	0	e3b0c44298fc1c149afbf4c8996fb92427ae41e4649b934ca495991b7852b855	e3b0c44298fc1c149afbf4c8996fb92427ae41e4649b934ca495991b7852b855	False	File_S5_localization_20260909.zip
modules/S5/outputs/wolfpsort.stdout.txt	4100	77b3f78b191a1cd45757754fdaf0c89536644d56637f28b148554e064e40184c	77b3f78b191a1cd45757754fdaf0c89536644d56637f28b148554e064e40184c	False	File_S5_localization_20260909.zip
modules/S5/provenance/catalogue_audit.json	5597	19e9ae2d40c70b4808873a498dd6d3edffe07a21a8b97c6aab212f8ae680615b	4ded5b76bbb9c8529e871bffd0fadbf160b841c184f19a2fb7f78002580c4cac	True	File_S5_localization_20260909.zip
modules/S5/provenance/deepsig_environment_explicit.txt	7967	2ec6b40d3897bc07212cac41e4fdfce057ba078fd74433e852713e979ff06cfa	2ec6b40d3897bc07212cac41e4fdfce057ba078fd74433e852713e979ff06cfa	False	File_S5_localization_20260909.zip
modules/S5/provenance/input_manifest.json	53211	d45fd27ec2cfab8d2fd837f639c989f447fd08d5fec9b20dc4cb5c04b9d4b434	36a716d73ffd6edd37bc6b64d2e54a75e3becc8361f100ed68c68320bb17a934	True	File_S5_localization_20260909.zip
modules/S5/provenance/localization_input_provenance.tsv	28772	aaf6d704bc7a6126b4df0b6ef638bc3a7e1698cec518e23f195146a9d90a49fa	33f74c88a9203ff36f2b81ad8db74374ba4e2261570b6f1b8ab1c313037cda16	True	File_S5_localization_20260909.zip
modules/S5/provenance/prediction_validation.json	627	6ec8fbda8fd20c694ce01a0d3b7e744428f60be128666fc25037ae5cda1f5b8e	6ec8fbda8fd20c694ce01a0d3b7e744428f60be128666fc25037ae5cda1f5b8e	False	File_S5_localization_20260909.zip
modules/S5/provenance/run_status.json	1866	2e0afa4e19bbe3a07e70ccba9c98b3c56ce09dfcb3e1d38324e6488ce305bad0	9b30bd104a5360dfcfa65d5fd8d36cbe8ac940d8138234cef12c636d160562c3	True	File_S5_localization_20260909.zip
modules/S5/provenance/software_manifest.json	91401	fe64623cead5272fbb03795ef163449ba52b3c0ace9870ea622e2937e0eb183a	777d35b6bc8f28356777d43b75f10435049f602b0cc12fa9c9615afbab6ebd13	True	File_S5_localization_20260909.zip
modules/S5/README.md	3683	6f4629571eae6a52b8a022ed1a1a1b5a673563ce5addd3d547139ed1a997c8f4	6f4629571eae6a52b8a022ed1a1a1b5a673563ce5addd3d547139ed1a997c8f4	False	File_S5_localization_20260909.zip
modules/S5/scripts/original_run_predictions.py	4041	a3dc2f29b8cc3dd4d38c03b5a1bd4f0ce14935d66e3408dc009564f5e1edd152	ecb788a81bfb40c0083c58c4acec0f369cabce2e946b6d73bbfbd162070f14b6	True	File_S5_localization_20260909.zip
modules/S5/scripts/verify_localization.py	1919	062054caf26bcb80e2757ff36886aa173137a9a7a3cc151a874821df41ee63f7	062054caf26bcb80e2757ff36886aa173137a9a7a3cc151a874821df41ee63f7	False	File_S5_localization_20260909.zip
modules/S5/PREPUBLICATION_SHA256SUMS.tsv	2322	abc2a65a4d52dedb4a87c715e1cda0af444345fa69305d9855c949b92fe8e158	279b9a326c84af47ea1de709c929401525857a486c15870a780d5f9e5be153f3	True	File_S5_localization_20260909.zip
modules/S5/tables/localization_all98.tsv	141000	19fdfec61b9da57f733e54932cee0d4d622cc622b5cb4917dd455e68c122181d	5c353746aae6249bcd20b4ff62b690b2d8b102be08cde865a8810c075deea115	True	File_S5_localization_20260909.zip
modules/S6/PREPUBLICATION_MANIFEST_SHA256.tsv	22262	953da7a4f95670b844135543c5f4ed89cf421e65a51f6974dce17e2ca9be8eb4	acc7980a1ac0702fa052922460132c060bed560db9c9d518cb0e627f24017cea	True	File_S6_unified_catalogue_expression_20260909.zip
modules/S6/README.md	2243	e9a76fe94c1b40ee691dd555675f05f224cf3e366ab679615e69ee91714e1841	e9a76fe94c1b40ee691dd555675f05f224cf3e366ab679615e69ee91714e1841	False	File_S6_unified_catalogue_expression_20260909.zip
modules/S6/Workspace/M2_M6_落实核验_20260909/package_file_s6.py	5109	1b153a0097b901e796e1f96760bb593a3da12a0d1b49cd9f34fae7197a704fea	1b153a0097b901e796e1f96760bb593a3da12a0d1b49cd9f34fae7197a704fea	False	File_S6_unified_catalogue_expression_20260909.zip
modules/S6/Workspace/M2_M6_落实核验_20260909/tables/S30_UnifiedPrimary.tsv	123099	6e6fa8e637a3f1beed7401a2c343079a5302ff8e4267d8471b5b8637c99b3ad7	83dfeaa230ac41d0ffe06876db81a9d9d8f3ea693396d8ed6d15736d5a6b5bbd	True	File_S6_unified_catalogue_expression_20260909.zip
modules/S6/Workspace/M2_M6_落实核验_20260909/tables/S31_ExtendedCandidates.tsv	125359	d6b3e05a24488e521a92cf686f7338339519c904e5dbe4b1941d20fdad62fabb	0794542cb8223dac8df4d7339a32209ddc78773cc3b67e137735200571394f81	True	File_S6_unified_catalogue_expression_20260909.zip
modules/S6/Workspace/M2_M6_落实核验_20260909/tables/S34_AnalysisScopes.tsv	1773	63ef7ee6e235b91419a3f9d8d155b8c10358243b11b41287d2a8c384047a1f2e	0f45cf49f0df4abd199d3dd51ca78c82431ab3d05a61a0641e20485298f39b46	True	File_S6_unified_catalogue_expression_20260909.zip
modules/S6/Workspace/M2_M6_落实核验_20260909/tables/rso_EXTENDED.faa	10823	74ad8a9442e3df57caa17c1e9c89799a001d5ffc90022532fa3f4ad20f64d2ca	74ad8a9442e3df57caa17c1e9c89799a001d5ffc90022532fa3f4ad20f64d2ca	False	File_S6_unified_catalogue_expression_20260909.zip
modules/S6/Workspace/M2_M6_落实核验_20260909/tables/rso_PRIMARY.faa	10684	e16286dc41e7daeac80b93d599454adc27b274aad9bd220a2613cde3d35d5dc8	e16286dc41e7daeac80b93d599454adc27b274aad9bd220a2613cde3d35d5dc8	False	File_S6_unified_catalogue_expression_20260909.zip
modules/S6/Workspace/M2_M6_落实核验_20260909/tables/tau_EXTENDED.faa	6858	72e1bdccc908ac2ff67c612b91bdbda71036683811c5390f614a7de6999793ae	72e1bdccc908ac2ff67c612b91bdbda71036683811c5390f614a7de6999793ae	False	File_S6_unified_catalogue_expression_20260909.zip
modules/S6/Workspace/M2_M6_落实核验_20260909/tables/tau_PRIMARY.faa	6671	608d0ba15e39316f93b79931b26e67e021d89887ba1a7d9d08739e5b266448c0	608d0ba15e39316f93b79931b26e67e021d89887ba1a7d9d08739e5b266448c0	False	File_S6_unified_catalogue_expression_20260909.zip
modules/S6/Workspace/M2_M6_落实核验_20260909/敏感性/Figure2C_依赖成员位置.tsv	632	9d647f63b74d7cc55fa8da50f7f5d91468e1926fbd954166dfb4162ff3000fda	8444e6651e01d44c47be36f1155051a1e844a3dc38db2d585e47f9db693e5a16	True	File_S6_unified_catalogue_expression_20260909.zip
modules/S6/Workspace/M2_M6_落实核验_20260909/敏感性/Figure2_关键分支成员影响.tsv	5765	a79e8e5b69e8fe515495effaec951021d0859572837a2b9a2c31d4eed44e1e40	99a34b7895aafec06aca2e52dca8cc5a46931059edd3cf65755a3973c4fd8d07	True	File_S6_unified_catalogue_expression_20260909.zip
modules/S6/Workspace/M2_M6_落实核验_20260909/敏感性/M6七模型_表达未定量_DE.tsv	6097	5c605527bc183d4fa96cdbb7fcfcc5f5975bc613530961303eb2574ee1e47ecc	e66a7f61ee9d198fae549b3f70b13127dd13e2cbe5ce0ad8586a6d75b871f5ba	True	File_S6_unified_catalogue_expression_20260909.zip
modules/S6/Workspace/M2_M6_落实核验_20260909/敏感性/M6七模型_表达未定量_TPM.tsv	1684	a28cd2db4aae8cd969fcacc4d263e72f2eec277dc868e7ee3e486992bd5e5eb0	b4a249b48ac38357f5a4c402675e5d32320e5e96e895ef8de00ac233f4c08400	True	File_S6_unified_catalogue_expression_20260909.zip
modules/S6/Workspace/M2_M6_落实核验_20260909/敏感性/M6七模型_表达未定量_预过滤.tsv	1864	cda976583f8e519e8a90eb0c3a6048ee7de6d99330bb92f3d319b1cb85c331a5	fe0e26082b545cb85a9b05b4730fac865b2bf2fb1eca45c8e453585319f13342	True	File_S6_unified_catalogue_expression_20260909.zip
modules/S6/Workspace/M2_M6_落实核验_20260909/敏感性/input_manifest.json	9730	748931e3d24a45307f6823ab0adefb59990abf9c5e4ca37057db0ddf7732855c	1f230a983af1f553f0cff408b1fc14e9ccdf260047b6beb47f4fb89d11f9f6ae	True	File_S6_unified_catalogue_expression_20260909.zip
modules/S6/Workspace/M2_M6_落实核验_20260909/敏感性/inputs/Figure2C_nsLTP_key_clades.nwk	2256	8e54c287108e913c2af3a76c5a6523344e0761e52bdba5e5dbf9560fd436f3bc	8e54c287108e913c2af3a76c5a6523344e0761e52bdba5e5dbf9560fd436f3bc	False	File_S6_unified_catalogue_expression_20260909.zip
modules/S6/Workspace/M2_M6_落实核验_20260909/敏感性/inputs/M2_IPR044741_admission_dependent_1_1.tsv	4079	4424cd4d58ddc6dd20f18a10f1936045e6c2be2a8a56c84decc7a75d1f3631aa	9c3952d9d7992f51b43a065843153c56746a9c4077abf7b93604fb6e1b8acf95	True	File_S6_unified_catalogue_expression_20260909.zip
modules/S6/Workspace/M2_M6_落实核验_20260909/敏感性/inputs/M2_all99_tiered_evidence.tsv	140671	c10f16789b72ab9f536979ed6c9f221aa6d8e2734e897fb83d25da84e6caeb93	d4f1b987269b23b22b17325178e38abce890e78c9f0197c75c85c5e4ceb7c88e	True	File_S6_unified_catalogue_expression_20260909.zip
modules/S6/Workspace/M2_M6_落实核验_20260909/敏感性/inputs/M2_extended_40_27.tsv	95703	4f786cdcd4eea2635a913872d5dd4170517b7f3c70b8f4b406baa1d50a8336bf	167698240f99d7705460d7c224d50750627b44d2e72b809bcc749b5d44691f49	True	File_S6_unified_catalogue_expression_20260909.zip
modules/S6/Workspace/M2_M6_落实核验_20260909/敏感性/inputs/M2_primary_39_26.tsv	92867	b3acb3d039a525e96cf5871f0f5e86907155f03dbd217ec161504f3aa33535a0	e1e14c03cc32215255bd78f65a3d73a07f35812d9b06027ed3d04416d944eb81	True	File_S6_unified_catalogue_expression_20260909.zip
modules/S6/Workspace/M2_M6_落实核验_20260909/敏感性/inputs/M2_reference_dependent_1_1.tsv	4328	3f4fd638763ed6628c628f1b98135f06998b40ff167b90c657614c3fd4c793ca	edf67675d92cb602514fb5bba38f56b74d9d8b1828f6a27a0ed6ab44467236c0	True	File_S6_unified_catalogue_expression_20260909.zip
modules/S6/Workspace/M2_M6_落实核验_20260909/敏感性/inputs/M6_七个可合并成员.tsv	10991	fd68a6967100ae897a858bb77be51d967d3ae6a3c8b8c52cec5b37a9b32a376c	65efcd47f960ee2ed40d4307b8904e0039add2f9b1c7cc2227e1cf330676a623	True	File_S6_unified_catalogue_expression_20260909.zip
modules/S6/Workspace/M2_M6_落实核验_20260909/敏感性/inputs/S19_Counts.tsv	977	9ebd28f94be94f5d6033f0398ab0d1110ca64aed969ce52e748f241c2aa8972d	9ebd28f94be94f5d6033f0398ab0d1110ca64aed969ce52e748f241c2aa8972d	False	File_S6_unified_catalogue_expression_20260909.zip
modules/S6/Workspace/M2_M6_落实核验_20260909/敏感性/inputs/S19_Roster.tsv	9275	55e1c5d80d9f9b47c6d8040d75c562007d9f1c633e3311fff4685e196ec7c192	55e1c5d80d9f9b47c6d8040d75c562007d9f1c633e3311fff4685e196ec7c192	False	File_S6_unified_catalogue_expression_20260909.zip
modules/S6/Workspace/M2_M6_落实核验_20260909/敏感性/inputs/S20_RBH_pairs.tsv	5788	8e170cc2a6a608d5f4d68b29a5b3d0e4739d30e84e87c53881e789951ba52195	8e170cc2a6a608d5f4d68b29a5b3d0e4739d30e84e87c53881e789951ba52195	False	File_S6_unified_catalogue_expression_20260909.zip
modules/S6/Workspace/M2_M6_落实核验_20260909/敏感性/inputs/S21_Collinear_pairs.tsv	4818	1b17eafc8506836145ae28674e1d46362696cc1da9b1c80d396ddc90e77ed4d6	1b17eafc8506836145ae28674e1d46362696cc1da9b1c80d396ddc90e77ed4d6	False	File_S6_unified_catalogue_expression_20260909.zip
modules/S6/Workspace/M2_M6_落实核验_20260909/敏感性/inputs/Supplementary_snapshot.xlsx	1928176	97be80632871206e58e891d19d71f51d06edc67c897a827887a56d8cb22e6ce6	65977e2eaa8fe8d35483d2b1e188da7d61f7312518306d7ecfa2a5424efa045f	True	File_S6_unified_catalogue_expression_20260909.zip
modules/S6/Workspace/M2_M6_落实核验_20260909/敏感性/inputs/all_gene_DE_results.csv	9207159	4e4e2362c6c947e1c46c951107a19ad7ed0ffda76f14affa1f32bbbc5987c189	4e4e2362c6c947e1c46c951107a19ad7ed0ffda76f14affa1f32bbbc5987c189	False	File_S6_unified_catalogue_expression_20260909.zip
modules/S6/Workspace/M2_M6_落实核验_20260909/敏感性/inputs/all_gene_prefilter_audit.tsv	1611103	7aa65b4b90ac8dd961f5555741fa1b842276b6e92bd5ee68bc43bf190ba7a63d	7aa65b4b90ac8dd961f5555741fa1b842276b6e92bd5ee68bc43bf190ba7a63d	False	File_S6_unified_catalogue_expression_20260909.zip
modules/S6/Workspace/M2_M6_落实核验_20260909/敏感性/inputs/all_gene_prefilter_counts.tsv	1041611	a52607f2a40dec4145cec592363c152b1340d4c38d22b97790a40d9d47cfe0a9	a52607f2a40dec4145cec592363c152b1340d4c38d22b97790a40d9d47cfe0a9	False	File_S6_unified_catalogue_expression_20260909.zip
modules/S6/Workspace/M2_M6_落实核验_20260909/敏感性/inputs/coordinate_exceptions_and_explanations.tsv	8879	75bc78c97c7e2fa1bd12688f1b64f825f2881e7476ce811b5868c763da767d00	2ef4fe30899c314f7624ea496a9d5b1ff3a5a98ad89842c2e7ff8aa82d24556a	True	File_S6_unified_catalogue_expression_20260909.zip
modules/S6/Workspace/M2_M6_落实核验_20260909/敏感性/inputs/gene_TPM.csv	2084900	14cb83792ccbc934ac50c6f58d93f85d1900ef162217539bd046ed7d4d7e3d79	14cb83792ccbc934ac50c6f58d93f85d1900ef162217539bd046ed7d4d7e3d79	False	File_S6_unified_catalogue_expression_20260909.zip
modules/S6/Workspace/M2_M6_落实核验_20260909/敏感性/inputs/gene_normalized_counts.csv	3256442	3a1e8e298e7c80eb27f6c3753d72f5e78a74211c49cf1a4037b4a4c423c07467	3a1e8e298e7c80eb27f6c3753d72f5e78a74211c49cf1a4037b4a4c423c07467	False	File_S6_unified_catalogue_expression_20260909.zip
modules/S6/Workspace/M2_M6_落实核验_20260909/敏感性/inputs/key_branch_evidence.tsv	1554	ecd79e163fe9273c61da537c01922e19b083b1d18db8f7fc641dffb9361bdd7a	ecd79e163fe9273c61da537c01922e19b083b1d18db8f7fc641dffb9361bdd7a	False	File_S6_unified_catalogue_expression_20260909.zip
modules/S6/Workspace/M2_M6_落实核验_20260909/敏感性/inputs/run_expression_deseq2.R	4970	ed5bbd3061c0dd8e8c7c59b2a4c34ba2821675e9b5de02a258966b8f9b9adb10	8b63e0f480496d2c9c87950fb94cb115c79164cfc2d4d4710b1d958f8e8fc22f	True	File_S6_unified_catalogue_expression_20260909.zip
modules/S6/Workspace/M2_M6_落实核验_20260909/敏感性/inputs/transcript_to_gene.tsv	678912	50b6aa2e964b9466a6e54ef4cd359ce63f5f8d779c242201711fb32b8b12d01e	50b6aa2e964b9466a6e54ef4cd359ce63f5f8d779c242201711fb32b8b12d01e	False	File_S6_unified_catalogue_expression_20260909.zip
modules/S6/Workspace/M2_M6_落实核验_20260909/敏感性/profile_edge_input_manifest.json	492	6f06c6fd2f5f0bf1ac818eb2ce83055bb8f6d582f118e5d2571931832285fa41	1e0cdb6a97c7cf05c5d9e461ba4c8ae17f1d3fc6f890bce9ece4ff0a0344a23e	True	File_S6_unified_catalogue_expression_20260909.zip
modules/S6/Workspace/M2_M6_落实核验_20260909/敏感性/profile_edge_stdout.json	844	8f71b6f48dc55fb3a5300ec4659269a7093f3e736cd7509b4e6a3d8ffb68878e	8f71b6f48dc55fb3a5300ec4659269a7093f3e736cd7509b4e6a3d8ffb68878e	False	File_S6_unified_catalogue_expression_20260909.zip
modules/S6/Workspace/M2_M6_落实核验_20260909/敏感性/profile_edge_validation.json	1287	6e05cc561353dc69f4524b30da9d2b93725bc1ae8771baa99107efb6c809f727	6e05cc561353dc69f4524b30da9d2b93725bc1ae8771baa99107efb6c809f727	False	File_S6_unified_catalogue_expression_20260909.zip
modules/S6/Workspace/M2_M6_落实核验_20260909/敏感性/run_boundary_sensitivity.py	36033	ee153c533b2aec341052f0b88fd8365a3dca7e4984868ce11919ba9c2297a734	ee153c533b2aec341052f0b88fd8365a3dca7e4984868ce11919ba9c2297a734	False	File_S6_unified_catalogue_expression_20260909.zip
modules/S6/Workspace/M2_M6_落实核验_20260909/敏感性/run_profile_edge_sensitivity.py	11128	ad1cac67ad8b2884f530aa41e513b09b002bd1e4665f02f7f23cfc2fbf5a8443	ad1cac67ad8b2884f530aa41e513b09b002bd1e4665f02f7f23cfc2fbf5a8443	False	File_S6_unified_catalogue_expression_20260909.zip
modules/S6/Workspace/M2_M6_落实核验_20260909/敏感性/run_stdout.json	4396	276b12d344736a844f309110fffe4255dbd318b52a806ce1e31fda291f8743ef	276b12d344736a844f309110fffe4255dbd318b52a806ce1e31fda291f8743ef	False	File_S6_unified_catalogue_expression_20260909.zip
modules/S6/Workspace/M2_M6_落实核验_20260909/敏感性/validation.json	1270	163e30f699cae5cf6fcc9ea725a7ffd4033ba7fcdecdf473f674cc423a5d7bd8	163e30f699cae5cf6fcc9ea725a7ffd4033ba7fcdecdf473f674cc423a5d7bd8	False	File_S6_unified_catalogue_expression_20260909.zip
modules/S6/Workspace/M2_M6_落实核验_20260909/敏感性/五情景_既有注释集表达统计.tsv	10847	a67aedc1da09834afd4f030a4a060260e908879257e0b4b9e4533376475b509b	9a3259e3d1e9d5bf025b340c69cdeec5af79e8952c23d46c8ec672c86829e234	True	File_S6_unified_catalogue_expression_20260909.zip
modules/S6/Workspace/M2_M6_落实核验_20260909/敏感性/五情景_现有结果过滤汇总.tsv	1527	b6f50e1c65699cb6aef86271f4fb2f98acef5851a2f59a6da9571659a6317f88	b187ee231e5d2633cac712e1f19a79f693b9697ba412f9dbd519ebe84d2acdbf	True	File_S6_unified_catalogue_expression_20260909.zip
modules/S6/Workspace/M2_M6_落实核验_20260909/敏感性/PREPUBLICATION_交付_SHA256.tsv	7980	f841a5d3b5cbdb3f9cc401bb5e3e56db652d454a5e8c3601355c824d94fce691	a29d5df88b786cc13e5f93074e06fd37999eec419688d0eaaf9a0d1d6ad342cd	True	File_S6_unified_catalogue_expression_20260909.zip
modules/S6/Workspace/M2_M6_落实核验_20260909/敏感性/依赖成员_全转录组表达状态.tsv	439	766816605d459a71de65e6b499c321e71cba9f109d8e550d5fbb17e09c40dd03	0e4a329afffca7ad8b832ba52bcbc800c6c2bc8edba42dd2516e2cbf76e2384e	True	File_S6_unified_catalogue_expression_20260909.zip
modules/S6/Workspace/M2_M6_落实核验_20260909/敏感性/依赖成员_既有DE条目.tsv	708	7f5f74c22fa7ad0ae7c96b43a45a59f0ce0edbb730c422536ed2ceaca160a046	c3d31507c7636caed897a99396aba8da211ae87e7fedda039e3eb8ffc001dec4	True	File_S6_unified_catalogue_expression_20260909.zip
modules/S6/Workspace/M2_M6_落实核验_20260909/敏感性/依赖成员_既有TPM条目.tsv	308	ab7d4237b8e736768d3f22c06de0ebd5ffbd3f3926d2a20e7c113f7739e8f2e1	f9b56d60871204e9844b0cbe37001ff0baf750400a95babf35852c1a27ed05bd	True	File_S6_unified_catalogue_expression_20260909.zip
modules/S6/Workspace/M2_M6_落实核验_20260909/敏感性/依赖成员_既有可比对性条目.tsv	434	5965763e0f81a5658999dce931f897146e7b658ae9dc4a2f52c0e539445cd38e	3ef08095fd6673cd73716e22c1b938014cc49c263e9f14a524ae2d0a731be959	True	File_S6_unified_catalogue_expression_20260909.zip
modules/S6/Workspace/M2_M6_落实核验_20260909/敏感性/依赖成员_既有表达覆盖.tsv	732	b8b75116ba1a6eb15699a85a12b2da90925a165b0954cb58118b2140f5c93ba2	985d2f3c14d62084e644ebfb422fe0c84c4782fe8a63d654b726510f0eab9bf7	True	File_S6_unified_catalogue_expression_20260909.zip
modules/S6/Workspace/M2_M6_落实核验_20260909/敏感性/依赖成员_既有预过滤条目.tsv	391	b66468cbb7442e9d31c49ae5e224abe9ca7e3ea2ace70325b3abdfbe4447b242	1c6d5a93f0a4939148380b9eaff464b237c92469f4ec68587f967095689a68e1	True	File_S6_unified_catalogue_expression_20260909.zip
modules/S6/Workspace/M2_M6_落实核验_20260909/敏感性/先看这一页.md	5855	5cb669051a4aac1ee5361f4a869977a8b7251669c65d30a73a756e2de5cc4f57	5cb669051a4aac1ee5361f4a869977a8b7251669c65d30a73a756e2de5cc4f57	False	File_S6_unified_catalogue_expression_20260909.zip
modules/S6/Workspace/M2_M6_落实核验_20260909/敏感性/各情景_目录中缺旧表达结果成员.tsv	1723	4af72ef1c4d377182f825b8dbce61f880a86213720d183a239cb5a9b8c3f53c2	9502f1c7a2e1df8d022fdeb4b57a82c08884de3113dfd4225621ac4754af7465	True	File_S6_unified_catalogue_expression_20260909.zip
modules/S6/Workspace/M2_M6_落实核验_20260909/敏感性/四情景_保留既有RBH.tsv	23239	d1258ce3196c61cc5a31c2681bbd191f11cf7c3b191d6131ee5492329dfb5c41	1b03b0dfeda615d3c83ec001f12f60c5c4415cc54eb862bbd6efc4f4d30f1f77	True	File_S6_unified_catalogue_expression_20260909.zip
modules/S6/Workspace/M2_M6_落实核验_20260909/敏感性/四情景_保留既有共线性.tsv	20479	c505bd1279c9ca3adfb3d7e26fb49bd8850c1543105f50b3b62eb1d7ff81d4fa	d262a36aa35f79e6b89f088dea1da51c6c6201250d01d0fc66c42c7ea63dcc7e	True	File_S6_unified_catalogue_expression_20260909.zip
modules/S6/Workspace/M2_M6_落实核验_20260909/敏感性/四情景_旧表达子集统计.tsv	6520	e80a6cfa3f341647242937dcc3d57e9734695c88bcfec5f17ede103c88930338	eaff6a0bfa6630f1f88f398b73f735251e137fc01a2c01402eafc66196469c10	True	File_S6_unified_catalogue_expression_20260909.zip
modules/S6/Workspace/M2_M6_落实核验_20260909/敏感性/四情景_现有成员家族数量.tsv	999	a041692a2b24950540aa0a11fc36e3a90e1f39ab6c090e34aa8fd90bf78d9a74	2c19ab9bc2a76ab7585b2ca1f5ae98ca6073051bd66ef46622d3a54a2b8ca4fa	True	File_S6_unified_catalogue_expression_20260909.zip
modules/S6/Workspace/M2_M6_落实核验_20260909/敏感性/四情景_现有注释集全转录组提取统计.tsv	8540	4fc23b414fd3c259b8f72f9db95c14186edf0dd4cf6e4b400a44e30917be5250	c91ef6bdcaea0a537b6f525976539d39f5e4a95486ffa9631dd8740cd1e3a48d	True	File_S6_unified_catalogue_expression_20260909.zip
modules/S6/Workspace/M2_M6_落实核验_20260909/敏感性/四情景_现有结果过滤汇总.tsv	1155	0af2ba98a457e047df0fcce69d0b3a15fb15687a9018432426e2286e4930959d	b91d36d39587546e4ccbe45efdf94506aaf0091571a2fceaeb552bc25e024e66	True	File_S6_unified_catalogue_expression_20260909.zip
modules/S6/Workspace/M2_M6_落实核验_20260909/敏感性/四情景_移出既有配对.tsv	913	d81202a7fd5243d47c02ba55c35a144228cc51eda3baa6faac0271e3295bc91b	96abed9639879e715c283bd3a0996263d176e6bf4f5f7fe8e0bd8478d56a0c92	True	File_S6_unified_catalogue_expression_20260909.zip
modules/S6/Workspace/M2_M6_落实核验_20260909/敏感性/现有注释67成员_全转录组提取Counts.tsv	6985	161f9e3a974c85d10c92af27f713f69f759be5f6b4d53a510cc690ec96017955	8687204c7094a56d01e9d037f47c8a6f48ba4a60a631c7d312b0999e29fc859d	True	File_S6_unified_catalogue_expression_20260909.zip
modules/S6/Workspace/M2_M6_落实核验_20260909/敏感性/现有注释67成员_全转录组提取DE.tsv	57673	6ce767f974a6dd0af42dfd4a819a34c1a600927ca486609777c61ce81d38b14c	ffb0a4f38d5567ec1b15d9872f62fb67e1a1a61d384e4fa3ae88001801d8d5c5	True	File_S6_unified_catalogue_expression_20260909.zip
modules/S6/Workspace/M2_M6_落实核验_20260909/敏感性/现有注释67成员_全转录组提取NormalizedCounts.tsv	12911	727c12716771590d43a0aaff6f155848cab963d5931021c33a54f4be46a1806a	cacd3223a53aa6993b2ff407652f6fc78e366a88f1f4169bb3ebf55efb7dcb24	True	File_S6_unified_catalogue_expression_20260909.zip
modules/S6/Workspace/M2_M6_落实核验_20260909/敏感性/现有注释67成员_全转录组提取TPM.tsv	9794	d68edf098db137728113d3fbf33a0c511140a0ea4f9da0b619c0e90c7e79c209	0dc650ec1914877f4c2f4e23c8aaab485bdff5271f3df0c3e749334d0b3a716b	True	File_S6_unified_catalogue_expression_20260909.zip
modules/S6/Workspace/M2_M6_落实核验_20260909/敏感性/现有注释67成员_全转录组预过滤.tsv	8807	08aeb8604c24ead02f7b902a77a4dc56a20f47b8865a99faa809f952727aaa51	44f6002a506ecedb0f8377333cbf0ee43ac55c1b743c6c96a7bc5c8145886dde	True	File_S6_unified_catalogue_expression_20260909.zip
modules/S6/Workspace/M2_M6_落实核验_20260909/敏感性/现有注释67成员_表达来源对应.tsv	12033	68d0b0a152398c9af9b933f4d13524e164ade63ed5e8ea910069c5a8697a6800	e55f1cee7992539ea59aadc72ff7fd5f576c1e41f983b64b2a6665d2d4be1ba5	True	File_S6_unified_catalogue_expression_20260909.zip
modules/S6/Workspace/M2_M6_落实核验_20260909/敏感性/现有注释主集66成员_Counts.tsv	6901	a081d7e0986b1d728f6bd15ca05cb8b9974bbc522bf1090d8ef5c5bac00121cc	422c50d747fa9d5b8d62f5ee193d289deefb186c97ec3f275376ccdcd204f74d	True	File_S6_unified_catalogue_expression_20260909.zip
modules/S6/Workspace/M2_M6_落实核验_20260909/敏感性/现有注释主集66成员_DE.tsv	57056	accd83fa740ddfd608e9677a608b02fcde597ff8e3f87425ff20321f2ba92cb0	8213f96a4261a27a1e2a834b71b8f3c444c35f12d59858ff31b3108b29c3d338	True	File_S6_unified_catalogue_expression_20260909.zip
modules/S6/Workspace/M2_M6_落实核验_20260909/敏感性/现有注释主集66成员_NormalizedCounts.tsv	12818	d7a5ece3df96e1937e1cd38f411ba13f1e8ab1aaf371fbe19821fa57e9b9c8b6	6b951d88eaca491d80e65188ad6cfca197b81a9359c12d417bf9bb29589f1fe4	True	File_S6_unified_catalogue_expression_20260909.zip
modules/S6/Workspace/M2_M6_落实核验_20260909/敏感性/现有注释主集66成员_TPM.tsv	9703	b777dac6ae8ec50afa59522fd91f8b0997ee63b249b84ec2c692f3d84edf98a4	a3dbeec837de309840ab8f885ba2ecb856a38c195835cb0dc21602240ef13093	True	File_S6_unified_catalogue_expression_20260909.zip
modules/S6/Workspace/M2_M6_落实核验_20260909/敏感性/现有注释主集66成员_预过滤.tsv	8688	b362bf21a65a73d031eb1b21409505dac99d81bdeef565766a4e3ea4086d064e	202ffbabe0067ec65b2f3fc84c9beda70b026bcb209d235fd555b5a77e57df97	True	File_S6_unified_catalogue_expression_20260909.zip
modules/S6/Workspace/M2_M6_落实核验_20260909/敏感性/第五情景_63注释成员既有DE.tsv	54316	d5d132c9b32b15c393145cf99c59e45e2df96ed966d154c2b99b19760382c582	48130d18879e6ecfa2f7f3209dfec3af15af2b2ddb26050668e823a9c79ad22a	True	File_S6_unified_catalogue_expression_20260909.zip
modules/S6/Workspace/M2_M6_落实核验_20260909/敏感性/第五情景_Figure2关键分支影响.tsv	1384	9d3522bc44ec130419d8cad33c41970d39cc0f016be714e0e83db2b20c5eaba5	36f2ac7f499d53c5c6a2b5ff3c23b6653fc5a532989d0805dce055b24ca2aeb8	True	File_S6_unified_catalogue_expression_20260909.zip
modules/S6/Workspace/M2_M6_落实核验_20260909/敏感性/第五情景_profile边缘原始证据.tsv	3673	39bd27ce7d5f22ab4770ee418287a666f34425b361d114394dc67fa2959df380	87a01d6840166141db0cc57d93c73e42ad29fadad8c23bc92031862394d2430b	True	File_S6_unified_catalogue_expression_20260909.zip
modules/S6/Workspace/M2_M6_落实核验_20260909/敏感性/第五情景_保留既有RBH.tsv	5386	b6986a98b4772762367e95d639614e5778c834a1e2fdc8648f9d15f76a014f5d	a55e95a57e2925b9dfbb8f75b61953232686ec13d1c56e63e1ba0e3b1704c5b8	True	File_S6_unified_catalogue_expression_20260909.zip
modules/S6/Workspace/M2_M6_落实核验_20260909/敏感性/第五情景_保留既有共线性.tsv	4510	edb9697492b467efc49a59f0c25218f815e28fceaebc5b78d0543da16466081a	ddaaed1b2ff972602b6d1d0c559b8f9a1c250f4877563b05305e8198a58920bc	True	File_S6_unified_catalogue_expression_20260909.zip
modules/S6/Workspace/M2_M6_落实核验_20260909/敏感性/第五情景_先看这一页.md	2111	3bd089eba43436c2f2f2e69048b560e63723684f8ca0310eac59004af11dee54	3bd089eba43436c2f2f2e69048b560e63723684f8ca0310eac59004af11dee54	False	File_S6_unified_catalogue_expression_20260909.zip
modules/S6/Workspace/M2_M6_落实核验_20260909/敏感性/第五情景_既有注释集表达统计.tsv	2519	84f4a2cec6f0c448cbcc9847c0dbed8a8b5a5cb18e26df787995ed1646918a54	1408bc40f5494db344af0f69781241f22647ac0c5d5df7256b063000e3448ae1	True	File_S6_unified_catalogue_expression_20260909.zip
modules/S6/Workspace/M2_M6_落实核验_20260909/敏感性/第五情景_现有结果过滤汇总.tsv	733	dbaec23e2f676d355c04a4a3f7fb20c8687f0c2c24f0c7b2f3aab0a90bb39cbc	6eee1cd86541835eb7b6fb6582441d89f51efb398b0ca67d93a1cf86062ba6a1	True	File_S6_unified_catalogue_expression_20260909.zip
modules/S6/Workspace/M2_M6_落实核验_20260909/敏感性/第五情景_相对主集新增移出配对.tsv	235	ef0e86b0326657ebe7e1fe86c68d0f1424973358afface4c0929fdde9bde2e06	d594cc7435e52413b1b5b306c8a76d2b3b8e23622c9c8436878ef0e17a9f9754	True	File_S6_unified_catalogue_expression_20260909.zip
modules/S6/Workspace/M2_M6_落实核验_20260909/敏感性/第五情景_移出profile边缘成员既有DE.tsv	2897	870887bb5b0ea80b60624c37385ac2f660d3d499edbe70e734dc1968dac8e68d	79fff2a0f08baeb355b8fd67f9a9464c2cc4014613dd97b5bce7e593b10b5618	True	File_S6_unified_catalogue_expression_20260909.zip
modules/S6/Workspace/M2_M6_落实核验_20260909/敏感性/补齐4成员_既有全转录组DE.tsv	3543	e7ea92802128b9101a4d6f9870e0a86d4e4f618995b1bcc50c9e685cd6f27385	5a01fa709623abb9bd5b798c6a8f5a2957c90d9a40e23ac79746f52bc7ff1f7f	True	File_S6_unified_catalogue_expression_20260909.zip
modules/S6/Workspace/M2_M6_落实核验_20260909/敏感性/PREPUBLICATION_输入_SHA256.tsv	6418	e826871d2ae2bad00f05240d6b5f5d8fc087f5e8770aeda1d2a2a6c343a21cfc	9e51d6cb5f91d06da268a2fea19986d69901b31377e0b5b0190de4b2a7aef84e	True	File_S6_unified_catalogue_expression_20260909.zip
modules/S6/Workspace/M2_M6_落实核验_20260909/统一判定与报告规则_v3.md	3227	b90a4d72f985db64ef5cbdcb3e54292ee7b3b7b8dafc9b766bfd9d6379a4543f	b90a4d72f985db64ef5cbdcb3e54292ee7b3b7b8dafc9b766bfd9d6379a4543f	False	File_S6_unified_catalogue_expression_20260909.zip
modules/S6/Workspace/M2_M6_落实核验_20260909/规则核验/README_核验结果与解释.md	5443	8e025efa4e38595be6ec7fda45ae77741999151d8a09287e91ccd10f1e4489db	8e025efa4e38595be6ec7fda45ae77741999151d8a09287e91ccd10f1e4489db	False	File_S6_unified_catalogue_expression_20260909.zip
modules/S6/Workspace/M2_M6_落实核验_20260909/规则核验/broad_or_other_signatures_excluded_from_specific_coverage.tsv	249875	46b0e8ee4829b694b0c4e5d1fafa2f7838a495468c0b08136ba7039dacc5c4a8	d7d03b0bf45ccccd3bc9b8a2e15bc9d6641c40e250c362db10c3bf7c9a75ab11	True	File_S6_unified_catalogue_expression_20260909.zip
modules/S6/Workspace/M2_M6_落实核验_20260909/规则核验/candidate_core_signature_compatibility.tsv	43522	bc586d0e4fa59ca035b65e9fbef4f5e922a1af3ed490719dd8e1abbee40b7568	8ed93b729ad152524906bcf00dd867e250b869a692e1711e09ccc3d1a72c9041	True	File_S6_unified_catalogue_expression_20260909.zip
modules/S6/Workspace/M2_M6_落实核验_20260909/规则核验/coordinate_exceptions_and_explanations.tsv	8879	75bc78c97c7e2fa1bd12688f1b64f825f2881e7476ce811b5868c763da767d00	2ef4fe30899c314f7624ea496a9d5b1ff3a5a98ad89842c2e7ff8aa82d24556a	True	File_S6_unified_catalogue_expression_20260909.zip
modules/S6/Workspace/M2_M6_落实核验_20260909/规则核验/coordinate_validation.json	5113	5abe3735d830c1bd677695432b1d6cf9f386e482fc34a74f9eca5a139686ea15	5abe3735d830c1bd677695432b1d6cf9f386e482fc34a74f9eca5a139686ea15	False	File_S6_unified_catalogue_expression_20260909.zip
modules/S6/Workspace/M2_M6_落实核验_20260909/规则核验/PREPUBLICATION_input_and_script_SHA256.tsv	1442	c5f5b45f8afd4f1cacbc45924438a66ca289f582f3c8992272b8ea737962fa8f	c1ddff2a509bb72f67cbfa422e01c1cb5f6093131bdda7cc43c44d46578ccc06	True	File_S6_unified_catalogue_expression_20260909.zip
modules/S6/Workspace/M2_M6_落实核验_20260909/规则核验/specific_signature_coordinate_details.tsv	88821	58c709ceafe14e0d7147640fd82e3c33679613c3013799c3019d600ebb728711	a9b2639f9c1d29363afbacd7f1e99d435565622133d02e0b7dfe41fb03ca0845	True	File_S6_unified_catalogue_expression_20260909.zip
modules/S6/Workspace/M2_M6_落实核验_20260909/规则核验/validation_errors.tsv	22	8852c75166e39a1ad6eb2e69931e9b1c8857115ae935e046802a0d70e131f129	49d555636aade9e2f4f2f826bb3437e44a495b6f1e102ca03f34dd6f27c54206	True	File_S6_unified_catalogue_expression_20260909.zip
modules/S6/Workspace/M2_M6_落实核验_20260909/规则核验/verify_core_signature_coordinates.py	27320	c64d01a60a5bf6d80b2944db45a62a9911c07b1a3ede0715d42337b2067fb40d	c64d01a60a5bf6d80b2944db45a62a9911c07b1a3ede0715d42337b2067fb40d	False	File_S6_unified_catalogue_expression_20260909.zip
modules/S6/Workspace/R1M6_深入分类_20260908/evidence_summary.json	36281	301f80a144a4f21d5940f5f5997a82c7103e23901dc039dbf442339fce61fab6	301f80a144a4f21d5940f5f5997a82c7103e23901dc039dbf442339fce61fab6	False	File_S6_unified_catalogue_expression_20260909.zip
modules/S6/Workspace/R1M6_深入分类_20260908/interpro/queries.tsv	25344	c3764f0b4bc88db75e9d572cd442123211d17ad86725ad4edd818bd5c0f6a346	c3764f0b4bc88db75e9d572cd442123211d17ad86725ad4edd818bd5c0f6a346	False	File_S6_unified_catalogue_expression_20260909.zip
modules/S6/Workspace/R1M6_深入分类_20260908/交付/候选序列与模型/high_confidence.protein.faa	733	019b5d1c169d58997e7cea4b43fb6f0e426e4f5aad3004d30cda688146dd7867	019b5d1c169d58997e7cea4b43fb6f0e426e4f5aad3004d30cda688146dd7867	False	File_S6_unified_catalogue_expression_20260909.zip
modules/S6/Workspace/nsLTP_统一审核_20260908/analysis/new_candidates.additional_interpro.tsv	582	4eee824252ecdad9f0a95cf7e34d5a8ee5f9fdf12e9e68e76215ebed18f26f3f	4eee824252ecdad9f0a95cf7e34d5a8ee5f9fdf12e9e68e76215ebed18f26f3f	False	File_S6_unified_catalogue_expression_20260909.zip
modules/S6/Workspace/nsLTP_统一审核_20260908/analysis/new_candidates.interpro.tsv	1190	97ab7fae39c0ce10926f1a09550729366464d8cbf8c0e3516bbbd108935da7fd	97ab7fae39c0ce10926f1a09550729366464d8cbf8c0e3516bbbd108935da7fd	False	File_S6_unified_catalogue_expression_20260909.zip
modules/S6/Workspace/nsLTP_统一审核_20260908/analysis/new_candidates.signature_interpro.tsv	0	e3b0c44298fc1c149afbf4c8996fb92427ae41e4649b934ca495991b7852b855	e3b0c44298fc1c149afbf4c8996fb92427ae41e4649b934ca495991b7852b855	False	File_S6_unified_catalogue_expression_20260909.zip
modules/S6/Workspace/成员判定收尾_20260909/审核_M2/M2_all99_tiered_evidence.tsv	140671	c10f16789b72ab9f536979ed6c9f221aa6d8e2734e897fb83d25da84e6caeb93	d4f1b987269b23b22b17325178e38abce890e78c9f0197c75c85c5e4ceb7c88e	True	File_S6_unified_catalogue_expression_20260909.zip
modules/S6/Workspace/成员判定收尾_20260909/审核_M2/M2_audit_validation.json	1991	3e40f82856b4b0b3e393bd12c90b19dbc9dcfefc98291a903f2fd041cbc2db36	3e40f82856b4b0b3e393bd12c90b19dbc9dcfefc98291a903f2fd041cbc2db36	False	File_S6_unified_catalogue_expression_20260909.zip
modules/S6/Workspace/成员判定收尾_20260909/审核_M2/M2_specific_domain_signature_audit.tsv	45939	de26d2b6ea2fa65e15960a26b17db27c462ea8f26b9c88260b6ee74ff4e18da6	ee179356c816b02495de321d0711d5847525ea519097e1e462876e9a34276079	True	File_S6_unified_catalogue_expression_20260909.zip
modules/S6/Workspace/成员判定收尾_20260909/审核_M2/all99_live_source_extract.json	310162	c8d22025426c6f35aac3dd7d0cd0a634fe1c9da401650e487068a028b733881c	fc8cd4670eefd38c70092ea2b59b4849097ca25cc0796eb21686be9a4dcd40be	True	File_S6_unified_catalogue_expression_20260909.zip
modules/S6/Workspace/成员判定收尾_20260909/审核_M6/M6_31递归同源簇_分支去重.tsv	8100	45575d647e21e6dc8a976bb6e791789c782a244ca5ed6ab45c6390a3743bd29b	edc1d07d08c0a0fbb6953f7d2b7552e156b48251b60fedc17b8c194e50d64524	True	File_S6_unified_catalogue_expression_20260909.zip
modules/S6/Workspace/成员判定收尾_20260909/审核_M6/M6_32重叠模型_对照新M2.tsv	35320	5a216ec3b4d6f42362b3f49ac4a01d5287b7302fb601ac2aec97d28e47aa07fb	49cf5edf1e916f57106fbf42306595f1edc13686fbde5615e18b0eadf8e6a697	True	File_S6_unified_catalogue_expression_20260909.zip
modules/S6/Workspace/成员判定收尾_20260909/审核_M6/M6_61已知位点ORF支持.tsv	21094	9d382149135f3d9ed3ac6fccb1dec4167dc1477831a3611ac84949297fdca070	3d79bd3f55697b4ea60c7a6a52d71dabb4b434a06cf8f0b89aced407c838f382	True	File_S6_unified_catalogue_expression_20260909.zip
modules/S6/Workspace/成员判定收尾_20260909/审核_M6/M6_七个可合并成员.tsv	10991	fd68a6967100ae897a858bb77be51d967d3ae6a3c8b8c52cec5b37a9b32a376c	65efcd47f960ee2ed40d4307b8904e0039add2f9b1c7cc2227e1cf330676a623	True	File_S6_unified_catalogue_expression_20260909.zip
modules/S6/Workspace/成员判定收尾_20260909/审核_M6/PREPUBLICATION_M6_交付文件_SHA256.tsv	2827	cdb9208462032ac79eec6afb210af1d22ef559f18f518c39a5744c0337494047	cea56d033320d363bcbf76d495978e2a8e013e8f20f0e92e513afa21e0b190ac	True	File_S6_unified_catalogue_expression_20260909.zip
modules/S6/Workspace/成员判定收尾_20260909/审核_M6/M6_全部新增候选判定.tsv	24339	055172d3227470c970cf5df89a432e96d9404459524865008a463d370ee21df0	108dab59217d4f5ea10b05e45ac38fe48cee8f0fa699ab3f0d7c24e5b0f663de	True	File_S6_unified_catalogue_expression_20260909.zip
modules/S6/Workspace/成员判定收尾_20260909/审核_M6/M6_分支范围与剩余事项.tsv	1342	a262c0c2ea8a2cbc64f92a6a1378057596aea565747d884750eeef4a8c9f8eea	331e5113742543035e46699331f8187f2940f03643e64a08cd5f8ac885104c40	True	File_S6_unified_catalogue_expression_20260909.zip
modules/S6/Workspace/成员判定收尾_20260909/审核_M6/M6_十个优先模型.tsv	15298	cea0f76267772e8be2b3af39ec9d3934b66866376398a79d4f16240a716e2a23	f60f7380193f61d6a12a3a9cb570bd8e79f7af705d4fd5dfbcf5769a213966cb	True	File_S6_unified_catalogue_expression_20260909.zip
modules/S6/Workspace/成员判定收尾_20260909/审核_M6/M6_十优先模型_CDS与历史目录去重.tsv	3027	bd0498dfd9c17ef6c2b925dd8e53af3131fc326fbc967e2ae3734c93e494d291	81b5db7155efa76a4f0d289fe9a9170747ca128f5f4f4f4892d0f6b26ac82497	True	File_S6_unified_catalogue_expression_20260909.zip
modules/S6/Workspace/成员判定收尾_20260909/审核_M6/M6_合并审核说明.md	7803	a78bd140fd0fd3237668be4b59753dfeec705e97e36b17fb4b0e9a61c035a393	a78bd140fd0fd3237668be4b59753dfeec705e97e36b17fb4b0e9a61c035a393	False	File_S6_unified_catalogue_expression_20260909.zip
modules/S6/Workspace/成员判定收尾_20260909/审核_M6/M6_旧结论纠正.tsv	521	94229c2bd2dad40eaebd8936ea7b9969c341bafdf91be518b26582850885bbf2	0fd40de6bb52828411146db44f07d618aca7ee7f4cedd5bf51082024a5234474	True	File_S6_unified_catalogue_expression_20260909.zip
modules/S6/Workspace/成员判定收尾_20260909/审核_M6/M6_核对计数与验证.json	6067	c800cb0a4cd341a7164daaa7203a3973d5683a7169c6760d09dd14058b70d650	c800cb0a4cd341a7164daaa7203a3973d5683a7169c6760d09dd14058b70d650	False	File_S6_unified_catalogue_expression_20260909.zip
modules/S6/Workspace/成员判定收尾_20260909/审核_M6/PREPUBLICATION_M6_输入文件_SHA256.tsv	5450	b33fd9f14ff7314b620412bbab8cc22a967b5b38f059e5a7efcbb738d81fc447	ea5a88a5d39be889e5edbc8c3470903768be751f37ef4fd4a05d843815a27d6f	True	File_S6_unified_catalogue_expression_20260909.zip
modules/S6/Workspace/成员判定收尾_20260909/审核_M6/legacy_non_nsLTP_for_merge.tsv	26322	129a5b4996360ad249568e6216b64bb2c8e1d754ade489297803c1744cc87fd6	13859257ec323ca040405a0cdc60046f31f983ef8015f3c158819383b34f6702	True	File_S6_unified_catalogue_expression_20260909.zip
modules/S6/Workspace/成员判定收尾_20260909/审核_M6/legacy_non_nsLTP_source_hashes.tsv	1208	c01e16a149199d41ab544c54428ddeaa2cd4f2d53421b7c33d33543a6d8df4db	e0b3e66e5475f5baae9eec40f57905bb7ceb6f9dccb6f13d7f55963a156f5ee7	True	File_S6_unified_catalogue_expression_20260909.zip
modules/S6/Workspace/成员判定收尾_20260909/统一目录/README_目录范围与复用.md	3039	309c3717ed5aa6f1574eda8b10ec2e8b6cc34e94be82a3e9703385c59e0f60f6	309c3717ed5aa6f1574eda8b10ec2e8b6cc34e94be82a3e9703385c59e0f60f6	False	File_S6_unified_catalogue_expression_20260909.zip
modules/S6/Workspace/成员判定收尾_20260909/统一目录/rso_source_model_features.raw.gff3	69479	44ddc09202afc353c17d011e3eca53069e87f27524cf2ce686ac0d7ae4f8b7a5	44ddc09202afc353c17d011e3eca53069e87f27524cf2ce686ac0d7ae4f8b7a5	False	File_S6_unified_catalogue_expression_20260909.zip
modules/S6/Workspace/成员判定收尾_20260909/统一目录/rso_主分析_73.cds_with_stop.fna	31108	dedf8d3dac4fc97dc46c7269e4cc4ff3f6f2da00800e2c24a5e9f87a5d3eba92	dedf8d3dac4fc97dc46c7269e4cc4ff3f6f2da00800e2c24a5e9f87a5d3eba92	False	File_S6_unified_catalogue_expression_20260909.zip
modules/S6/Workspace/成员判定收尾_20260909/统一目录/rso_主分析_73.coding.gff3	54665	f3c5c4bbde81c1ab990708af1515cb2a5bd9e496dce271d27e4e2c817b1e28b6	f3c5c4bbde81c1ab990708af1515cb2a5bd9e496dce271d27e4e2c817b1e28b6	False	File_S6_unified_catalogue_expression_20260909.zip
modules/S6/Workspace/成员判定收尾_20260909/统一目录/rso_主分析_73.protein.faa	13761	7fce3afed87377c9161097969569b8bc28191c636790371f7ff2c7f1dafe7aec	7fce3afed87377c9161097969569b8bc28191c636790371f7ff2c7f1dafe7aec	False	File_S6_unified_catalogue_expression_20260909.zip
modules/S6/Workspace/成员判定收尾_20260909/统一目录/rso_扩展_74.cds_with_stop.fna	31511	fb5bb95820b13bb54000edc3da98f2f9dfac5c469cce7f7cf67082df3294eebc	fb5bb95820b13bb54000edc3da98f2f9dfac5c469cce7f7cf67082df3294eebc	False	File_S6_unified_catalogue_expression_20260909.zip
modules/S6/Workspace/成员判定收尾_20260909/统一目录/rso_扩展_74.coding.gff3	55248	e0c49d96bc7e8e74a4d04f6368843e6db5fb081743c921419a6bdfa817d931c0	e0c49d96bc7e8e74a4d04f6368843e6db5fb081743c921419a6bdfa817d931c0	False	File_S6_unified_catalogue_expression_20260909.zip
modules/S6/Workspace/成员判定收尾_20260909/统一目录/rso_扩展_74.protein.faa	13943	e2f0bb8059ad49f92935b5b98ea422907cf3c5d70d1a89ba6e1a3b253915651e	e2f0bb8059ad49f92935b5b98ea422907cf3c5d70d1a89ba6e1a3b253915651e	False	File_S6_unified_catalogue_expression_20260909.zip
modules/S6/Workspace/成员判定收尾_20260909/统一目录/tau_source_model_features.raw.gff3	33568	91f67237016f698f719d6a529415c67f5edb3fd14fcf107e57ebc5321bedeed5	91f67237016f698f719d6a529415c67f5edb3fd14fcf107e57ebc5321bedeed5	False	File_S6_unified_catalogue_expression_20260909.zip
modules/S6/Workspace/成员判定收尾_20260909/统一目录/tau_主分析_38.cds_with_stop.fna	18456	3a6e1b95f6c86b0777575d5ec7da6539f63f2763b2beac8999b04b32931e6ace	3a6e1b95f6c86b0777575d5ec7da6539f63f2763b2beac8999b04b32931e6ace	False	File_S6_unified_catalogue_expression_20260909.zip
modules/S6/Workspace/成员判定收尾_20260909/统一目录/tau_主分析_38.coding.gff3	30527	d8e3d106fe25eaf2f7837ab56cf15bfdfa086ca5a7db086a203f79c4f18d3dd1	d8e3d106fe25eaf2f7837ab56cf15bfdfa086ca5a7db086a203f79c4f18d3dd1	False	File_S6_unified_catalogue_expression_20260909.zip
modules/S6/Workspace/成员判定收尾_20260909/统一目录/tau_主分析_38.protein.faa	8360	8f2f7d667b5e1e6a57c1abaedaa8a11a0bf8240e34856e63af2d1281e3611143	8f2f7d667b5e1e6a57c1abaedaa8a11a0bf8240e34856e63af2d1281e3611143	False	File_S6_unified_catalogue_expression_20260909.zip
modules/S6/Workspace/成员判定收尾_20260909/统一目录/tau_扩展_39.cds_with_stop.fna	18974	bbf03c49d53fd0f1cf9ec7efbd8b9ef94e82cc76d6e6b4d1a2ecf1a18d674e62	bbf03c49d53fd0f1cf9ec7efbd8b9ef94e82cc76d6e6b4d1a2ecf1a18d674e62	False	File_S6_unified_catalogue_expression_20260909.zip
modules/S6/Workspace/成员判定收尾_20260909/统一目录/tau_扩展_39.coding.gff3	31298	517a59242947c7f25560542d2d0a4d4204148c0da1b5b4a458694c6092097162	517a59242947c7f25560542d2d0a4d4204148c0da1b5b4a458694c6092097162	False	File_S6_unified_catalogue_expression_20260909.zip
modules/S6/Workspace/成员判定收尾_20260909/统一目录/tau_扩展_39.protein.faa	8593	a25bcbfb0a56883c915f4c154d92436eaf9b331a0486546c4741b3c19f40c05e	a25bcbfb0a56883c915f4c154d92436eaf9b331a0486546c4741b3c19f40c05e	False	File_S6_unified_catalogue_expression_20260909.zip
modules/S6/Workspace/成员判定收尾_20260909/统一目录/PREPUBLICATION_交付_SHA256.tsv	2369	db9ea66e70e36fa9c47fc37b71f3699404bf7cdcc990677ecd8dc3be53c92e08	53ef0307399f38025b60f360b2b985b0314652c02ab6f4cd0cc40e5e726eaa21	True	File_S6_unified_catalogue_expression_20260909.zip
modules/S6/Workspace/成员判定收尾_20260909/统一目录/PREPUBLICATION_合并输入_SHA256.tsv	1287	118ac2a524bceca1016a7a3ae65c80882bce16a8c088955265a59f7b37d1976c	66a043d2781fc0a59488ad5c1a95200e868648a0246468d15c394fd459a96e3f	True	File_S6_unified_catalogue_expression_20260909.zip
modules/S6/Workspace/成员判定收尾_20260909/统一目录/家族数量.tsv	263	309afeceeb9ea6a321a6ae6c56074da974adacd75d34c10578ecca94106fa487	21593011bf9be8e8daf76ece708a5e0e556d3c24fc579d34b748c9fd3ed990ed	True	File_S6_unified_catalogue_expression_20260909.zip
modules/S6/Workspace/成员判定收尾_20260909/统一目录/旧正式S1_63成员保留核对.tsv	7754	92e3c3a19a8f015ea577f4a3689f4f699d18d744d23e99eb183c9001a60386f4	0832067cd5e1972739a0695f0455a884eb3f6b2c1a8d5593a3cacfa6190d0608	True	File_S6_unified_catalogue_expression_20260909.zip
modules/S6/Workspace/成员判定收尾_20260909/统一目录/目录合并输入145.tsv	224101	530359c09baa4d5fc1f48e5443d79b158305208ca2a89a2ffa61bbd211de9196	fa0b7b5c7fb563e1a6a9db801536a08e91076fa819c7ab68a91b49be663c2b4b	True	File_S6_unified_catalogue_expression_20260909.zip
modules/S6/Workspace/成员判定收尾_20260909/统一目录/统一成员目录_20260909.xlsx	225850	6d9e6cd4547b2baac615d9dba2861973ef5330f347381c02e83f3e0a8ebb6b3e	0477f23055105b020a0e5028a1b3fb119ad47aa36b9a7bee7a6862941119132d	True	File_S6_unified_catalogue_expression_20260909.zip
modules/S6/Workspace/成员判定收尾_20260909/统一目录/统一成员目录_主分析111.tsv	165535	8286e39223e894415b8982a751b8277b93e6d28b61b598f9fe2dd54a9dff5d45	3c01ba39931c8ae985738f48c43dbf8d3a58fb62dea9f8b05f70aadb40cf3e91	True	File_S6_unified_catalogue_expression_20260909.zip
modules/S6/Workspace/成员判定收尾_20260909/统一目录/统一成员目录_扩展113.tsv	168727	7c5e5cb3c09c6b17dfb0e91bb9d0bbb9b79c5f3f0bc9feac3a45498740c33ddb	5d36e519d33fc0b263cc2731a8d1814cd4ab8ee9f11c9df47d265ebfa21651bd	True	File_S6_unified_catalogue_expression_20260909.zip
modules/S6/Workspace/成员判定收尾_20260909/统一目录/验证与冻结状态.json	1076	3dd69f4bbf7e0d78354b7f3c4a6e1e7953eaaebb4412344d0379366a27a6a3c8	3dd69f4bbf7e0d78354b7f3c4a6e1e7953eaaebb4412344d0379366a27a6a3c8	False	File_S6_unified_catalogue_expression_20260909.zip
modules/S6/verify_package.py	408	b728edb21189c615ccda9a38deed05e04f97587072a948b3d78bb60fa56365d8	b728edb21189c615ccda9a38deed05e04f97587072a948b3d78bb60fa56365d8	False	File_S6_unified_catalogue_expression_20260909.zip
modules/S7/README.md	6323	5a958c299ec4b3899758674aaea9841796a0269e5a094c5d16aaadb22a4a6308	5a958c299ec4b3899758674aaea9841796a0269e5a094c5d16aaadb22a4a6308	False	File_S7_Tchinensis_expression_context_20260909.zip
modules/S7/compute/read_qc/submitted_quality_encoding_check.json	1157	7dddc8892ac57dee827c0a42b32196f2ea05e8e50d9e82b03f4d7e4c83a94f09	7dddc8892ac57dee827c0a42b32196f2ea05e8e50d9e82b03f4d7e4c83a94f09	False	File_S7_Tchinensis_expression_context_20260909.zip
modules/S7/跨物种表达_可行性核查_20260909/metadata/T_chinensis_PRJNA855335.json	72668	22f7543ce21e7ffddec25561d21c0effad81d2ff9c66837ab5e5ba7d7a50b23e	22f7543ce21e7ffddec25561d21c0effad81d2ff9c66837ab5e5ba7d7a50b23e	False	File_S7_Tchinensis_expression_context_20260909.zip
modules/S7/跨物种表达_可行性核查_20260909/metadata_final/S17_SS_vs_SCS_原值6272行_含缺失标记.tsv	915747	1d925a7a0c3dd627af607637376e347d1119bd4cd2c00ffc79587119470a895f	abeb0e99a033d766e871524eaaa1e118cbeb8ab0b43b7ec63170133224dc5cfb	True	File_S7_Tchinensis_expression_context_20260909.zip
modules/S7/跨物种表达_可行性核查_20260909/metadata_final/SS_SCS六库_原始与clean_reads逐项核验.tsv	3635	c223768028c2e9425cf1b9b0a9158ff9a7c8ef9f1df2c17bece36528f096b158	5c8f95f34ad55c8e3eca755b763a07ef14f3f287b7aa8520fd2c94cf8b1ff3e4	True	File_S7_Tchinensis_expression_context_20260909.zip
modules/S7/跨物种表达_实施_20260909/analysis_rules_before_Tchi_DE.md	2449	3ed009b2a60655d6be850097b64f3071eeb0d15533937ef8dd9545b1e2389cfc	3ed009b2a60655d6be850097b64f3071eeb0d15533937ef8dd9545b1e2389cfc	False	File_S7_Tchinensis_expression_context_20260909.zip
modules/S7/跨物种表达_实施_20260909/build_expression_context.py	5606	08e2fdd17db3838ebe8c665ff90d909f845418a7ae81038d5186fb71d886c755	08e2fdd17db3838ebe8c665ff90d909f845418a7ae81038d5186fb71d886c755	False	File_S7_Tchinensis_expression_context_20260909.zip
modules/S7/跨物种表达_实施_20260909/compute/audit_exon_reconstruction.py	1183	7e23e97b6dfa353be8a1498732b648f152045c466f47ebd3fb3ac361fcc7ba86	7e23e97b6dfa353be8a1498732b648f152045c466f47ebd3fb3ac361fcc7ba86	False	File_S7_Tchinensis_expression_context_20260909.zip
modules/S7/跨物种表达_实施_20260909/compute/collect_verified_outputs.py	2697	297c6cfdad4031feb3ee70fc9eb3339c656808ac8cd5e10db320fb794be6ed08	9fc48c0be73d57db814f12bfe0330d8460ebe9c46d289c51d931a7e894ed372e	True	File_S7_Tchinensis_expression_context_20260909.zip
modules/S7/跨物种表达_实施_20260909/compute/compact_status.py	1763	0227457f15cda7259f9c4b3465bdc028ad8a7f089dcbfef7e41bf246599b7874	0227457f15cda7259f9c4b3465bdc028ad8a7f089dcbfef7e41bf246599b7874	False	File_S7_Tchinensis_expression_context_20260909.zip
modules/S7/跨物种表达_实施_20260909/compute/download_inputs.py	3449	a11a42cd5c5acb685ca7c7ae80e61eb8230f6a64fbf3ae25c2173470f2951c3d	a11a42cd5c5acb685ca7c7ae80e61eb8230f6a64fbf3ae25c2173470f2951c3d	False	File_S7_Tchinensis_expression_context_20260909.zip
modules/S7/跨物种表达_实施_20260909/compute/finalize_compute_outputs.py	7950	a3161140821da5ae5c7bc444f19d342aa9361b3b89f2604b90f57e7ce4a2b666	6c1d1968a0760e70918dfcbf1cb2613d78f96409135df14652bdd2c5737e8ed2	True	File_S7_Tchinensis_expression_context_20260909.zip
modules/S7/跨物种表达_实施_20260909/compute/inspect_submitted_quality_encoding.py	1066	fef9540068287e5aef08ac50b7be9caf179b9b57e6fc2d31324aced30023d550	fef9540068287e5aef08ac50b7be9caf179b9b57e6fc2d31324aced30023d550	False	File_S7_Tchinensis_expression_context_20260909.zip
modules/S7/跨物种表达_实施_20260909/compute/parse_R_script.R	105	449d51ad28c5a72b2ba4d262fa98a592ca481530248cbe9b600f908a1c00854d	449d51ad28c5a72b2ba4d262fa98a592ca481530248cbe9b600f908a1c00854d	False	File_S7_Tchinensis_expression_context_20260909.zip
modules/S7/跨物种表达_实施_20260909/compute/prepare_reference.py	6035	c4ccea9de6ae172a37b83f69ffddc05f4a65fd5600998d978d506e196065a423	00dcd46c753749109594c6d2dd4dfef4fef258404eecea3c8cad5b9aa57f5fa7	True	File_S7_Tchinensis_expression_context_20260909.zip
modules/S7/跨物种表达_实施_20260909/compute/probe_packages.R	240	3a6a9799ad3fa315ac404d2d1022923d3092e095816e48781df954247dbc599e	3a6a9799ad3fa315ac404d2d1022923d3092e095816e48781df954247dbc599e	False	File_S7_Tchinensis_expression_context_20260909.zip
modules/S7/跨物种表达_实施_20260909/compute/remote_snapshot.py	1074	7f844d45d2b73d9ee4db281e12b9a90e2abd7480d546d716e949253f7360776a	be8a6c730e8ec33f91b2223a7e2ed77a1c5a3c81e5654cd006a3e5b6e173fc2b	True	File_S7_Tchinensis_expression_context_20260909.zip
modules/S7/跨物种表达_实施_20260909/compute/retry_failed_downloads.py	1548	e8af99ed0f8ebe8d09c6f42fdb42f7a88e57ce1d47282c7a3790d656f8c6a321	e8af99ed0f8ebe8d09c6f42fdb42f7a88e57ce1d47282c7a3790d656f8c6a321	False	File_S7_Tchinensis_expression_context_20260909.zip
modules/S7/跨物种表达_实施_20260909/compute/run_after_downloads.py	1932	24c9f0c94e386fb06e47822565863ec444f1466b570ecfe923b5f02f7704766a	8b8ee6708a155af7f1e1d8ad72defe2c9be13000f04ab268cf9d57f57f38602b	True	File_S7_Tchinensis_expression_context_20260909.zip
modules/S7/跨物种表达_实施_20260909/compute/run_deseq2.R	4776	66f62221c8cd75551497a99824951e0b486f8ef120f79e978334ec4ce345a94e	66f62221c8cd75551497a99824951e0b486f8ef120f79e978334ec4ce345a94e	False	File_S7_Tchinensis_expression_context_20260909.zip
modules/S7/跨物种表达_实施_20260909/compute/run_quantification.py	6065	8160e3e07d85da9131ec4ed22c71caba5dbbe2f17e1ebb200bbc824393aa8c01	69e963ba15f06717cf432325322150e2d65855a76214ab16c9e09d9510369f9a	True	File_S7_Tchinensis_expression_context_20260909.zip
modules/S7/跨物种表达_实施_20260909/compute/verified_results/PREPUBLICATION_COMPUTE_OUTPUTS_SHA256.tsv	23154	a313b6be0a2800fcdb0b3aae359942bd680b287df364569fffba2d38e90eb7c9	a313b6be0a2800fcdb0b3aae359942bd680b287df364569fffba2d38e90eb7c9	False	File_S7_Tchinensis_expression_context_20260909.zip
modules/S7/跨物种表达_实施_20260909/compute/verified_results/DE_ANALYSIS_COMPLETE.PASS	25	8eb6d1b0fefa415c2ff5e300b335f8745ef9a60917bf8f6ef193d106ecd8e7ec	8eb6d1b0fefa415c2ff5e300b335f8745ef9a60917bf8f6ef193d106ecd8e7ec	False	File_S7_Tchinensis_expression_context_20260909.zip
modules/S7/跨物种表达_实施_20260909/compute/verified_results/QUANTIFICATION_COMPLETE.PASS	33	fddf2f13187818115f9587753c981ede4f399aec96cea1d74a4b00bb9ef7a0bf	fddf2f13187818115f9587753c981ede4f399aec96cea1d74a4b00bb9ef7a0bf	False	File_S7_Tchinensis_expression_context_20260909.zip
modules/S7/跨物种表达_实施_20260909/compute/verified_results/de_results/DESeq2_QC.pdf	5480511	7a01eccffbe8e6d2ddc0bfbe566a75f853465c3de85c7d0db0bfd4fd68f68c42	7a01eccffbe8e6d2ddc0bfbe566a75f853465c3de85c7d0db0bfd4fd68f68c42	False	File_S7_Tchinensis_expression_context_20260909.zip
modules/S7/跨物种表达_实施_20260909/compute/verified_results/de_results/PCA_coordinates.tsv	498	0dd69e2a19e76dd9fa9bcf5df8caae9888ed1188dd31a162e99465f1b7c051b2	0dd69e2a19e76dd9fa9bcf5df8caae9888ed1188dd31a162e99465f1b7c051b2	False	File_S7_Tchinensis_expression_context_20260909.zip
modules/S7/跨物种表达_实施_20260909/compute/verified_results/de_results/PCA_variance.tsv	62	0d7b64f84a17e6f2d543e375432d30a85b6d22b4c09708129837380bda8c9226	0d7b64f84a17e6f2d543e375432d30a85b6d22b4c09708129837380bda8c9226	False	File_S7_Tchinensis_expression_context_20260909.zip
modules/S7/跨物种表达_实施_20260909/compute/verified_results/de_results/R_sessionInfo.txt	2341	b097312af0e7a3928151a4d85280d15aeacf39238bb69e38dafc12bc58011cd9	5380d3a5385694e3a1cefb09c9a89a53655a4bb80c271091dfe69623595133c4	True	File_S7_Tchinensis_expression_context_20260909.zip
modules/S7/跨物种表达_实施_20260909/compute/verified_results/de_results/Tchinensis_all_gene_DE_results.tsv	4676842	b43f34bd53e0710d14bd972a9865dba6c4f5a928ead11ae4facefb9035b3f34e	b43f34bd53e0710d14bd972a9865dba6c4f5a928ead11ae4facefb9035b3f34e	False	File_S7_Tchinensis_expression_context_20260909.zip
modules/S7/跨物种表达_实施_20260909/compute/verified_results/de_results/analysis_parameters_and_counts.txt	592	de1503037341d73978c7ad03ce693656f55b169c3bb285b3d3781de12c5d9c9c	de1503037341d73978c7ad03ce693656f55b169c3bb285b3d3781de12c5d9c9c	False	File_S7_Tchinensis_expression_context_20260909.zip
modules/S7/跨物种表达_实施_20260909/compute/verified_results/de_results/gene_TPM.tsv	1477667	cc800980a9e8d470cca8a2a147f5f711e4c91ec2a6973f0b48c495c0a353641b	cc800980a9e8d470cca8a2a147f5f711e4c91ec2a6973f0b48c495c0a353641b	False	File_S7_Tchinensis_expression_context_20260909.zip
modules/S7/跨物种表达_实施_20260909/compute/verified_results/de_results/gene_VST.tsv	2139521	1ee5b7d22f1159734c5ea755d169fd1bdeb35a17b81397dc0a61a04cdfdb15b3	1ee5b7d22f1159734c5ea755d169fd1bdeb35a17b81397dc0a61a04cdfdb15b3	False	File_S7_Tchinensis_expression_context_20260909.zip
modules/S7/跨物种表达_实施_20260909/compute/verified_results/de_results/gene_estimated_counts.tsv	1114092	f1f87f36c14b267c3bed9e180f8f83889d0ffc15574b441745bec3f74042c930	f1f87f36c14b267c3bed9e180f8f83889d0ffc15574b441745bec3f74042c930	False	File_S7_Tchinensis_expression_context_20260909.zip
modules/S7/跨物种表达_实施_20260909/compute/verified_results/de_results/gene_normalized_counts.tsv	2122206	dc30845e4733ddcaccfe64e98927f8394bbffe2c787af8b9782b7712552f0bff	dc30845e4733ddcaccfe64e98927f8394bbffe2c787af8b9782b7712552f0bff	False	File_S7_Tchinensis_expression_context_20260909.zip
modules/S7/跨物种表达_实施_20260909/compute/verified_results/de_results/gene_prefilter.tsv	678440	521709cbe0780a8b263fda7370c71bb6b71466008ae416eefcb22ba78530b52e	521709cbe0780a8b263fda7370c71bb6b71466008ae416eefcb22ba78530b52e	False	File_S7_Tchinensis_expression_context_20260909.zip
modules/S7/跨物种表达_实施_20260909/compute/verified_results/de_results/sample_pearson_correlation.tsv	689	6b7e3cdf69e11a371766ebdd8d82c6066f24eb501409eded60db2149ba15f816	6b7e3cdf69e11a371766ebdd8d82c6066f24eb501409eded60db2149ba15f816	False	File_S7_Tchinensis_expression_context_20260909.zip
modules/S7/跨物种表达_实施_20260909/compute/verified_results/de_results/wald_result_metadata.txt	2705	93b5cbf9927c9de6e6dce1d6ff09492aa1f64c231796412dc6c481cc7545f876	93b5cbf9927c9de6e6dce1d6ff09492aa1f64c231796412dc6c481cc7545f876	False	File_S7_Tchinensis_expression_context_20260909.zip
modules/S7/跨物种表达_实施_20260909/compute/verified_results/final_input_download_validation.json	10352	66a4710382e44f4c187f89c732e6cf2a8a904a7df3ab742c18e3fce7660d3ce5	66a4710382e44f4c187f89c732e6cf2a8a904a7df3ab742c18e3fce7660d3ce5	False	File_S7_Tchinensis_expression_context_20260909.zip
modules/S7/跨物种表达_实施_20260909/compute/verified_results/group_technical_QC_summary.json	712	9615f7b732e55cfda73f6d97128e9b608a341af5350dac55501b0d3e4cf82748	9615f7b732e55cfda73f6d97128e9b608a341af5350dac55501b0d3e4cf82748	False	File_S7_Tchinensis_expression_context_20260909.zip
modules/S7/跨物种表达_实施_20260909/compute/verified_results/library_type_review.json	226	8edc3365aaf2b3000ed9470ff8cb4b686569f5e9d03ca4cf54edeb7f4a81a430	8edc3365aaf2b3000ed9470ff8cb4b686569f5e9d03ca4cf54edeb7f4a81a430	False	File_S7_Tchinensis_expression_context_20260909.zip
modules/S7/跨物种表达_实施_20260909/compute/verified_results/logs/SRR19973985.fastp.log	1599	9db1861846b6cbe455c8fbda09d940cefee0666d3b777ab73c56ca40398c15ae	ab99ca526f1c7c935a069568ac6b0ddcaed6d1b6ab81bba0feeb8a7ce9f21033	True	File_S7_Tchinensis_expression_context_20260909.zip
modules/S7/跨物种表达_实施_20260909/compute/verified_results/logs/SRR19973985.salmon.command.json	600	f3ca44b54b3fe79d661faa33065d868028c792cfae1276ce5bcd529f62ae9d8c	588ca186757014a5db18d1c080384bc04cdfff18dedcf82276cc7383bab70521	True	File_S7_Tchinensis_expression_context_20260909.zip
modules/S7/跨物种表达_实施_20260909/compute/verified_results/logs/SRR19973985.salmon.log	11789	02489d949783cbf3b85fac76997c871fd59f87e053822afb68cd47041b964d8b	e8a7f6c6fadc144fa909ff1164a49da86ba85cb30a9537a2e655de14de89a646	True	File_S7_Tchinensis_expression_context_20260909.zip
modules/S7/跨物种表达_实施_20260909/compute/verified_results/logs/SRR19973986.fastp.log	1599	bf04c65212029968cfe580ca3075f1d8842eb8310535c380e27d3b6b28f9126f	b8c540db02caaa02934721089c0a78f0e822bd1c90ef637681ea2a4141aef2f2	True	File_S7_Tchinensis_expression_context_20260909.zip
modules/S7/跨物种表达_实施_20260909/compute/verified_results/logs/SRR19973986.salmon.command.json	600	ce7014da1242dd956a12abd4a388f0cf0ff30d786d46a0501f6b7676f33217b2	b7cfffafa1e6b868eaf51bdd6f1ebb0a7a969f970a8cbc7eefa7f3b9b1040b71	True	File_S7_Tchinensis_expression_context_20260909.zip
modules/S7/跨物种表达_实施_20260909/compute/verified_results/logs/SRR19973986.salmon.log	11655	8720779129af4bfa6b3a9d8c14da1e7c095d4811cc2abbdedf066805c9524628	0fda80113d774c79beff260e212463bc02721bbe6b808a358491de5fe30d97e2	True	File_S7_Tchinensis_expression_context_20260909.zip
modules/S7/跨物种表达_实施_20260909/compute/verified_results/logs/SRR19973987.fastp.log	1599	4f454d93f1b96646a007a4403f6ac8abaeb839c766603d898bb8daefffe14044	9ea968532a4618ad3879fcfa546e0eb614a8abc65f40175ab731d515623d6056	True	File_S7_Tchinensis_expression_context_20260909.zip
modules/S7/跨物种表达_实施_20260909/compute/verified_results/logs/SRR19973987.salmon.command.json	600	b08dae3cc63251122660e21f4a1dc3bee370d23d265cdc144a3fe4f0e01da472	328da27a6387b5b602f1d831fc03f0ad5ddf059c6ba96e4ec7b78ee344c85444	True	File_S7_Tchinensis_expression_context_20260909.zip
modules/S7/跨物种表达_实施_20260909/compute/verified_results/logs/SRR19973987.salmon.log	10897	b941bf148b8297fb364d5dfed17d0fa7c710da12ef39c3e00a59c7609bd56ec0	c70e91aa14a0ad3fba3333fa6f22e1a5a7680c1032e4a326ce44b03416472e2e	True	File_S7_Tchinensis_expression_context_20260909.zip
modules/S7/跨物种表达_实施_20260909/compute/verified_results/logs/SRR19973991.fastp.log	1595	84a197701e2a210e0e84ed22247df006a8f48bc12a9892750e7f43d06ba3761c	63ddd50b5993829793ea6bcc3c7599c0cb209a8d439aa0961ca822190ded47af	True	File_S7_Tchinensis_expression_context_20260909.zip
modules/S7/跨物种表达_实施_20260909/compute/verified_results/logs/SRR19973991.salmon.command.json	600	250492a35b313f518f8678f0975fad63a770a95c8812175ecefb862f6b61b6bc	aeca153c5ebaee1e8627d499ccc999d1cf99e70a9764af45d5501b80e723dfba	True	File_S7_Tchinensis_expression_context_20260909.zip
modules/S7/跨物种表达_实施_20260909/compute/verified_results/logs/SRR19973991.salmon.log	12625	23dd0bc1328441b36ee431f48933e3f64abd253178384e0ff4d95c7478420994	6d504c851b61f012557c9dd40fc75173b1ff1dd034788eff1134225e940c8001	True	File_S7_Tchinensis_expression_context_20260909.zip
modules/S7/跨物种表达_实施_20260909/compute/verified_results/logs/SRR19973993.fastp.log	1599	787bdacc30008b7795d81a18b522d2b2dae2c28b4fac9079b109e70684b6f688	44db9977155b243e612b728c649f5300183fbeba56e5c6a71b0b924243f8aa19	True	File_S7_Tchinensis_expression_context_20260909.zip
modules/S7/跨物种表达_实施_20260909/compute/verified_results/logs/SRR19973993.salmon.command.json	600	b61cb32c3943843dc01dfb49f764ca150ea55dd6b4b94f654c4be3b153809cdd	7682ffd0e5bf990e56044e6dcb83899223bac4e4665f8b508e640349d0e61d66	True	File_S7_Tchinensis_expression_context_20260909.zip
modules/S7/跨物种表达_实施_20260909/compute/verified_results/logs/SRR19973993.salmon.log	11286	3bf2479a7813a3b6abbe2184498cb3233b8c94cac8556701bc7fe8f7a8e00aac	e7d682461f4cf72877bef3ae061efd7a47b1f0cd9c991a4b5792e0dc6cd513d6	True	File_S7_Tchinensis_expression_context_20260909.zip
modules/S7/跨物种表达_实施_20260909/compute/verified_results/logs/SRR19973994.fastp.log	1595	5e976292d42a1f098be40ebef6da046c20ebc0d226dcfd12a4e4027e21bdc74b	a71da982d428c26e8b172bc56a480cbb72872e0b25e046111c5db716afd107bf	True	File_S7_Tchinensis_expression_context_20260909.zip
modules/S7/跨物种表达_实施_20260909/compute/verified_results/logs/SRR19973994.salmon.command.json	600	0dd81718c7dd5322f12a887ade7d849cf9672dbdce3d8bb0011c2a0770ce5829	9992927585f5df51d2c878e33b425b86cc7ec8d46d3b7991bf57fb44e32f41fd	True	File_S7_Tchinensis_expression_context_20260909.zip
modules/S7/跨物种表达_实施_20260909/compute/verified_results/logs/SRR19973994.salmon.log	11172	a29530f3076266fb6fbd524169f3c8bc50565db3ecac526bb4ccab1d2847984a	359375cc64ec7ecce1d05956f39a799bee9770f7dd57d57b33a613b8b60769ef	True	File_S7_Tchinensis_expression_context_20260909.zip
modules/S7/跨物种表达_实施_20260909/compute/verified_results/logs/deseq2.log	548	a0667e327b1562fce5165378ac5afcf1f92219088efea0717e10db153465d930	a0667e327b1562fce5165378ac5afcf1f92219088efea0717e10db153465d930	False	File_S7_Tchinensis_expression_context_20260909.zip
modules/S7/跨物种表达_实施_20260909/compute/verified_results/logs/download_fastq.log	0	e3b0c44298fc1c149afbf4c8996fb92427ae41e4649b934ca495991b7852b855	e3b0c44298fc1c149afbf4c8996fb92427ae41e4649b934ca495991b7852b855	False	File_S7_Tchinensis_expression_context_20260909.zip
modules/S7/跨物种表达_实施_20260909/compute/verified_results/logs/download_fastq_proxy.log	734	7a6a4b03536a1c63e30f9ac8f0f5c773f99eae96b3a067c73ad266d519c8ba45	7a6a4b03536a1c63e30f9ac8f0f5c773f99eae96b3a067c73ad266d519c8ba45	False	File_S7_Tchinensis_expression_context_20260909.zip
modules/S7/跨物种表达_实施_20260909/compute/verified_results/logs/download_genome.log	0	e3b0c44298fc1c149afbf4c8996fb92427ae41e4649b934ca495991b7852b855	e3b0c44298fc1c149afbf4c8996fb92427ae41e4649b934ca495991b7852b855	False	File_S7_Tchinensis_expression_context_20260909.zip
modules/S7/跨物种表达_实施_20260909/compute/verified_results/logs/download_genome_proxy.log	55	123cd01ebe2d204ecb8af57119f6d9c107c85ca6653d207062076291b83f642f	123cd01ebe2d204ecb8af57119f6d9c107c85ca6653d207062076291b83f642f	False	File_S7_Tchinensis_expression_context_20260909.zip
modules/S7/跨物种表达_实施_20260909/compute/verified_results/logs/download_retry.log	791	0404cdb89b9e9e3c629e02af7cd3cf0d8634969ffa8064df1b250257b98c50cb	0404cdb89b9e9e3c629e02af7cd3cf0d8634969ffa8064df1b250257b98c50cb	False	File_S7_Tchinensis_expression_context_20260909.zip
modules/S7/跨物种表达_实施_20260909/compute/verified_results/logs/fastp_parameter_probe.html	449632	a228df48a6a40ae6b6d0afefbcfa41d7775b77f0f872aa4b850c55cda171c359	b4d7da2463c3469a633a7674c5089235eff433bcae293ac845ab30cee37fd772	True	File_S7_Tchinensis_expression_context_20260909.zip
modules/S7/跨物种表达_实施_20260909/compute/verified_results/logs/fastp_parameter_probe.json	99439	7594ee3d7d78b712083d9ee20b6b9b5b0fb7f1c148610c0386977f15bffd5cc9	e075759d7503d2f34300a46bdc6daa6e9481a664895f55f1520ee0e7b11ac849	True	File_S7_Tchinensis_expression_context_20260909.zip
modules/S7/跨物种表达_实施_20260909/compute/verified_results/logs/fastp_parameter_probe.log	1181	7d702f0e95f5e024550dfa74d9feaacf61523fea4622b712d07077141a235778	c4ed33317bf016d8febd8436e0c33ef577b1f5cfe11afee843e2023cfef7b588	True	File_S7_Tchinensis_expression_context_20260909.zip
modules/S7/跨物种表达_实施_20260909/compute/verified_results/logs/finalize_delivery.log	0	e3b0c44298fc1c149afbf4c8996fb92427ae41e4649b934ca495991b7852b855	e3b0c44298fc1c149afbf4c8996fb92427ae41e4649b934ca495991b7852b855	False	File_S7_Tchinensis_expression_context_20260909.zip
modules/S7/跨物种表达_实施_20260909/compute/verified_results/logs/gffread.log	0	e3b0c44298fc1c149afbf4c8996fb92427ae41e4649b934ca495991b7852b855	e3b0c44298fc1c149afbf4c8996fb92427ae41e4649b934ca495991b7852b855	False	File_S7_Tchinensis_expression_context_20260909.zip
modules/S7/跨物种表达_实施_20260909/compute/verified_results/logs/prepare_reference.log	180	1b7f18fa5d55e063c5896e867e200a4be848fdc0867c52f4df98aef0348e5726	1b7f18fa5d55e063c5896e867e200a4be848fdc0867c52f4df98aef0348e5726	False	File_S7_Tchinensis_expression_context_20260909.zip
modules/S7/跨物种表达_实施_20260909/compute/verified_results/logs/quantification.log	787	499d6740ede06e3ce24832b57d3f70670116ee948df8a8300fdc7c1c8cd9fffe	499d6740ede06e3ce24832b57d3f70670116ee948df8a8300fdc7c1c8cd9fffe	False	File_S7_Tchinensis_expression_context_20260909.zip
modules/S7/跨物种表达_实施_20260909/compute/verified_results/logs/reference_final_provenance_refresh.log	180	1b7f18fa5d55e063c5896e867e200a4be848fdc0867c52f4df98aef0348e5726	1b7f18fa5d55e063c5896e867e200a4be848fdc0867c52f4df98aef0348e5726	False	File_S7_Tchinensis_expression_context_20260909.zip
modules/S7/跨物种表达_实施_20260909/compute/verified_results/logs/salmon_index.command.json	445	956731ebdf4b806cc75f51a45ca8f2b358692b97559afd24948118214d4db820	4896c0a75f8b4c6c17b5f07791a8d8fde81e9a60e1541aa275bcf0aba5394ca9	True	File_S7_Tchinensis_expression_context_20260909.zip
modules/S7/跨物种表达_实施_20260909/compute/verified_results/logs/salmon_index.log	86730	6c0abbd9bf7c5f8706c0de39275151289b1218cbd08c2aedbe61d8bcaefdceca	0175f90212f9a31f76b439636446eaea0e748d6b99ade6e6ad4c0cc86d508591	True	File_S7_Tchinensis_expression_context_20260909.zip
modules/S7/跨物种表达_实施_20260909/compute/verified_results/logs/workflow.log	364	1f04c26c24b1318f2840d057169e7d62b9236825b2b55eb5adc5cf9059d94d08	6b4ada72d06426c9fa5a378f09aab6b91a89dfc5b7e5c50654a92fb80f48e9a6	True	File_S7_Tchinensis_expression_context_20260909.zip
modules/S7/跨物种表达_实施_20260909/compute/verified_results/logs/workflow_exon_exact.log	364	9312280d3468e7210eb332cc5741aba5c2025d701441caadafdd6a8fbcd379bf	899504cc74b7ea1c126da0dde01685f9644571b5063a442fe7c553e6201c96be	True	File_S7_Tchinensis_expression_context_20260909.zip
modules/S7/跨物种表达_实施_20260909/compute/verified_results/logs/workflow_per_library.log	943	1f2b51dd2773f88b8cf5992099e7ad054418dba7b4554d03ca2bce27ed547ef3	4f7f58f1af5d59e6d3defb0ae8b0e46d46aa28f917822de31327846813c9a3b7	True	File_S7_Tchinensis_expression_context_20260909.zip
modules/S7/跨物种表达_实施_20260909/compute/verified_results/metadata/expected_library_pairs.tsv	150	7e951dee9b05f46c75b6594e339468dcb200f2dd5d0f6d4283ce084bc1796160	7e951dee9b05f46c75b6594e339468dcb200f2dd5d0f6d4283ce084bc1796160	False	File_S7_Tchinensis_expression_context_20260909.zip
modules/S7/跨物种表达_实施_20260909/compute/verified_results/metadata/fastq_download_manifest.tsv	2485	3170e2ff35309942db2bc0eaa0d365fd76ec5cf84f89ff639244dcb367fa5805	d9ad009dcc5cbfb5bada3a9c70f1bd5d5cec0e01db7dac53a8a53b8f4e6c1578	True	File_S7_Tchinensis_expression_context_20260909.zip
modules/S7/跨物种表达_实施_20260909/compute/verified_results/metadata/fastq_retry_cache_bypass.tsv	3899	6a8f88864e77f2cb3b0971456f401be6b539f3806faf823dd2e51c35b52d5afb	6a8f88864e77f2cb3b0971456f401be6b539f3806faf823dd2e51c35b52d5afb	False	File_S7_Tchinensis_expression_context_20260909.zip
modules/S7/跨物种表达_实施_20260909/compute/verified_results/metadata/genome_download_manifest.tsv	230	2a0a302eb79540c1e00ebcd48a806fe360b6f4c70e60216c942807a6d65d7eb9	2a0a302eb79540c1e00ebcd48a806fe360b6f4c70e60216c942807a6d65d7eb9	False	File_S7_Tchinensis_expression_context_20260909.zip
modules/S7/跨物种表达_实施_20260909/compute/verified_results/metadata/sample_sheet.tsv	172	eeb5ef58093547120637237bbb0fee4837f71cfd026b6c1578a80a37fdf2a058	eeb5ef58093547120637237bbb0fee4837f71cfd026b6c1578a80a37fdf2a058	False	File_S7_Tchinensis_expression_context_20260909.zip
modules/S7/跨物种表达_实施_20260909/compute/verified_results/metadata/source_S12_ENA_read_count_match.tsv	3635	c223768028c2e9425cf1b9b0a9158ff9a7c8ef9f1df2c17bece36528f096b158	5c8f95f34ad55c8e3eca755b763a07ef14f3f287b7aa8520fd2c94cf8b1ff3e4	True	File_S7_Tchinensis_expression_context_20260909.zip
modules/S7/跨物种表达_实施_20260909/compute/verified_results/quantification_QC.json	11839	07dcb9a8f6fc8427fc0f70f9dde489d7a532e25fff70c4d100e9640145177c40	98a3104eace87d665aa09b16fb1e61945395eea28290df165e55171cbcb9deae	True	File_S7_Tchinensis_expression_context_20260909.zip
modules/S7/跨物种表达_实施_20260909/compute/verified_results/raw_fastq/ALL_DOWNLOADS_VERIFIED.PASS	33	dd6300bf27459b1c4a92ff77327932d85c83e4f1ad1b89f2ca2380bd758261f2	dd6300bf27459b1c4a92ff77327932d85c83e4f1ad1b89f2ca2380bd758261f2	False	File_S7_Tchinensis_expression_context_20260909.zip
modules/S7/跨物种表达_实施_20260909/compute/verified_results/raw_fastq/download_status.json	10196	4712cc71581541a613402396ed4f3aa47d20662254012b1a54f2e5445e55afe4	4712cc71581541a613402396ed4f3aa47d20662254012b1a54f2e5445e55afe4	False	File_S7_Tchinensis_expression_context_20260909.zip
modules/S7/跨物种表达_实施_20260909/compute/verified_results/raw_fastq/download_status.jsonl	17108	ffae43cc6b5a2dc2197443912a49d605863c13c404cde0a6cef12e831f62a3f2	ffae43cc6b5a2dc2197443912a49d605863c13c404cde0a6cef12e831f62a3f2	False	File_S7_Tchinensis_expression_context_20260909.zip
modules/S7/跨物种表达_实施_20260909/compute/verified_results/read_qc/SRR19973985.PASS	33	629e5387779a5ada40ccf72be4a98734c8789d04441debde10ef6845f8b90832	629e5387779a5ada40ccf72be4a98734c8789d04441debde10ef6845f8b90832	False	File_S7_Tchinensis_expression_context_20260909.zip
modules/S7/跨物种表达_实施_20260909/compute/verified_results/read_qc/SRR19973985.html	490084	e8c48660c065e823ddfba3e10f0b0683d422a535bc91e433de3e02755b87b49f	d0bd09bc86b3f645d3da6457f36250950315a9b29a7859d3a7f263e42ae64b0f	True	File_S7_Tchinensis_expression_context_20260909.zip
modules/S7/跨物种表达_实施_20260909/compute/verified_results/read_qc/SRR19973985.json	139156	c271e6bd5f9ec7e55a0f0d25d30964b2de7f0ace052bcb090a0ee5f1ae8aa301	bddeda0974d14e32a61764e1cc5c698a49aba83e884535f6723b6d94dcbca161	True	File_S7_Tchinensis_expression_context_20260909.zip
modules/S7/跨物种表达_实施_20260909/compute/verified_results/read_qc/SRR19973986.PASS	33	45107d8f3da32c26402e85470eee00be69cb9174949cf6015b817b025dcb8ab8	45107d8f3da32c26402e85470eee00be69cb9174949cf6015b817b025dcb8ab8	False	File_S7_Tchinensis_expression_context_20260909.zip
modules/S7/跨物种表达_实施_20260909/compute/verified_results/read_qc/SRR19973986.html	489979	b062d151a3297fa212d3f08a286e4a68fde999fc87cb1fd0adfbedeff59b8cdb	7a51bbb7e3c847b38041a11283e6c1e0f9b9ab8bf02942b6bd22b85ee6429bc2	True	File_S7_Tchinensis_expression_context_20260909.zip
modules/S7/跨物种表达_实施_20260909/compute/verified_results/read_qc/SRR19973986.json	139059	dbd2febb60e2235d9ca8e8f3e7dad620c16c4e88d433e63e8f415d883abe4f04	b1053a86be0f82c62a3963018bb1a5be68368d0067972b4f1c8b86bbeba13687	True	File_S7_Tchinensis_expression_context_20260909.zip
modules/S7/跨物种表达_实施_20260909/compute/verified_results/read_qc/SRR19973987.PASS	33	cad8ba3a7dc1a7c13f9634dab431a2c9ddc61971f0e7bb9815d3025787b6db89	cad8ba3a7dc1a7c13f9634dab431a2c9ddc61971f0e7bb9815d3025787b6db89	False	File_S7_Tchinensis_expression_context_20260909.zip
modules/S7/跨物种表达_实施_20260909/compute/verified_results/read_qc/SRR19973987.html	489840	c013eb9250010107979b3df5cdfc4446b62b490141cd7fe63812ecd9119894a0	515e1871c54de495a87a165a3818cb7c856a41053bb721a29858e238102a31d4	True	File_S7_Tchinensis_expression_context_20260909.zip
modules/S7/跨物种表达_实施_20260909/compute/verified_results/read_qc/SRR19973987.json	138822	80e1aa18957affb4bdc95272b5dbf4e4753277c6b0c2e5efcf700c30c1b56295	78ba5994b0303fb355956e30d0a32e1bda234572a61726aecd6df6a360f7a537	True	File_S7_Tchinensis_expression_context_20260909.zip
modules/S7/跨物种表达_实施_20260909/compute/verified_results/read_qc/SRR19973991.PASS	33	114446dfd83318c7dfce9bd6c8e2808a2da6206a8a621acb104089c3850737df	114446dfd83318c7dfce9bd6c8e2808a2da6206a8a621acb104089c3850737df	False	File_S7_Tchinensis_expression_context_20260909.zip
modules/S7/跨物种表达_实施_20260909/compute/verified_results/read_qc/SRR19973991.html	488887	8baa8941b83e441b66fc0225ba710c9a00fdfae8ca3338dcbd670cd1c1c65e51	70dacbbc572f820829673510b38cff9249ec525299d7eace0525b324c49833b0	True	File_S7_Tchinensis_expression_context_20260909.zip
modules/S7/跨物种表达_实施_20260909/compute/verified_results/read_qc/SRR19973991.json	137943	c7f317e7c67008db605bc174680f687ba38a444b283b57767893f44e44fb111f	cd3c8e5e113450379e3d7dbfc4166b59ca2a3d82a4f5a468119f0fa73193ee13	True	File_S7_Tchinensis_expression_context_20260909.zip
modules/S7/跨物种表达_实施_20260909/compute/verified_results/read_qc/SRR19973993.PASS	33	50212cd12ec382fb93a136d3a83bddaf980f949ea7b4c096eaebff4b7dd33650	50212cd12ec382fb93a136d3a83bddaf980f949ea7b4c096eaebff4b7dd33650	False	File_S7_Tchinensis_expression_context_20260909.zip
modules/S7/跨物种表达_实施_20260909/compute/verified_results/read_qc/SRR19973993.html	488906	92acce65d7e99094587c67d5d814a60957117df412c258a8540c13a2be98483a	3746689fb16e3e520ca5db89997e55b063a1aad1a66507d1c89dc2eabf1eda63	True	File_S7_Tchinensis_expression_context_20260909.zip
modules/S7/跨物种表达_实施_20260909/compute/verified_results/read_qc/SRR19973993.json	137887	c3774cd13f501e8befa02af06a7f92c729e4dbdd5c004bb7079bd3d6c3d8e748	8d2b993ac069df1e91159b1cadfe2816cbdec755b14aed1678c29a514a5451c5	True	File_S7_Tchinensis_expression_context_20260909.zip
modules/S7/跨物种表达_实施_20260909/compute/verified_results/read_qc/SRR19973994.PASS	33	e12fc788baac36feeda3b01fa7f13677ac893f43a43a67156f8adf7824b24d9d	e12fc788baac36feeda3b01fa7f13677ac893f43a43a67156f8adf7824b24d9d	False	File_S7_Tchinensis_expression_context_20260909.zip
modules/S7/跨物种表达_实施_20260909/compute/verified_results/read_qc/SRR19973994.html	488736	1fe54c011476ebbaef667265985086661343ed731807be39ffc88741684c99eb	74ee5b84ad4113930ddcc5ab91cfff136bdfc39ee9893b6d74d6d4ecf25c53e7	True	File_S7_Tchinensis_expression_context_20260909.zip
modules/S7/跨物种表达_实施_20260909/compute/verified_results/read_qc/SRR19973994.json	137802	0a2625812b15136ae02553cc24d816d8ce641169d2bae017725c5e890010494f	a06fb5a00d04a33fb5525a90b7edecc53404c144df1df101f9f9ddac680ef379	True	File_S7_Tchinensis_expression_context_20260909.zip
modules/S7/跨物种表达_实施_20260909/compute/verified_results/read_qc/submitted_quality_encoding_check.json	1157	7dddc8892ac57dee827c0a42b32196f2ea05e8e50d9e82b03f4d7e4c83a94f09	7dddc8892ac57dee827c0a42b32196f2ea05e8e50d9e82b03f4d7e4c83a94f09	False	File_S7_Tchinensis_expression_context_20260909.zip
modules/S7/跨物种表达_实施_20260909/compute/verified_results/reference/download_status.json	549	564497c67f23f0ef3141343c54e99a99a6e3a5d3e8c9f0aa72c2853753cd4770	564497c67f23f0ef3141343c54e99a99a6e3a5d3e8c9f0aa72c2853753cd4770	False	File_S7_Tchinensis_expression_context_20260909.zip
modules/S7/跨物种表达_实施_20260909/compute/verified_results/reference/exon_reconstruction_audit.json	114	7bbc03658532bed419f4e95d994084d4f9c5107f4173a270b81432b0a60c9a8a	7bbc03658532bed419f4e95d994084d4f9c5107f4173a270b81432b0a60c9a8a	False	File_S7_Tchinensis_expression_context_20260909.zip
modules/S7/跨物种表达_实施_20260909/compute/verified_results/reference/quantification_GFF_removed_features.tsv	969	10236c9602f24526a5ee7b5d4f729d3517b943b024ecdccbdfa363563186e66c	7bf5e325e85b99fbed2c77c4a83eac898a3d4b881c317f3d66f28a25b16098cd	True	File_S7_Tchinensis_expression_context_20260909.zip
modules/S7/跨物种表达_实施_20260909/compute/verified_results/reference/reference_QC.json	1133	7f41540834b1426dc1956b9af4799337386f23572a1a031a4845dd4a5363c761	7f41540834b1426dc1956b9af4799337386f23572a1a031a4845dd4a5363c761	False	File_S7_Tchinensis_expression_context_20260909.zip
modules/S7/跨物种表达_实施_20260909/compute/verified_results/reference/salmon_index_full_genome_decoy/info.json	1084	0428d36bc228921906f3b6be0e4b8a990731011afd0ece94261779fb547c578c	523787b42340967205158ac97631c068fc44d9c988c9a96631a49b384baac962	True	File_S7_Tchinensis_expression_context_20260909.zip
modules/S7/跨物种表达_实施_20260909/compute/verified_results/reference/salmon_index_full_genome_decoy/versionInfo.json	127	19682b7e6ecf76ad8bbe72e003b6eced5f66efde051e99d424948df78f2bb4ec	19682b7e6ecf76ad8bbe72e003b6eced5f66efde051e99d424948df78f2bb4ec	False	File_S7_Tchinensis_expression_context_20260909.zip
modules/S7/跨物种表达_实施_20260909/compute/verified_results/reference/transcript_to_gene.tsv	1015525	7ffe5c69dfc372b9e58daab3b5412bc92c66a4079937f072e25e46a0437dce70	7ffe5c69dfc372b9e58daab3b5412bc92c66a4079937f072e25e46a0437dce70	False	File_S7_Tchinensis_expression_context_20260909.zip
modules/S7/跨物种表达_实施_20260909/compute/verified_results/salmon_quant/SRR19973985/QUANT_COMPLETE.PASS	33	d5698a4dfa942b4841dc815a5c816bbb6dd6111d0cf83b5a36d25a72b47b389d	d5698a4dfa942b4841dc815a5c816bbb6dd6111d0cf83b5a36d25a72b47b389d	False	File_S7_Tchinensis_expression_context_20260909.zip
modules/S7/跨物种表达_实施_20260909/compute/verified_results/salmon_quant/SRR19973985/aux_info/ambig_info.tsv	256746	b1728d740f5081744d1f10ef9f31609ebe01e97ea2a4226d348d1963907bca3c	b1728d740f5081744d1f10ef9f31609ebe01e97ea2a4226d348d1963907bca3c	False	File_S7_Tchinensis_expression_context_20260909.zip
modules/S7/跨物种表达_实施_20260909/compute/verified_results/salmon_quant/SRR19973985/aux_info/exp3_seq.gz	3861	72c9db244f51443d00feeadae2867fd6fe616c3a0b645fd3c29d747429ad7a3d	72c9db244f51443d00feeadae2867fd6fe616c3a0b645fd3c29d747429ad7a3d	False	File_S7_Tchinensis_expression_context_20260909.zip
modules/S7/跨物种表达_实施_20260909/compute/verified_results/salmon_quant/SRR19973985/aux_info/exp5_seq.gz	3832	134369bd1d9f26c5df416e0958bcc4ff81970692815e7c4e73c63182de535e14	134369bd1d9f26c5df416e0958bcc4ff81970692815e7c4e73c63182de535e14	False	File_S7_Tchinensis_expression_context_20260909.zip
modules/S7/跨物种表达_实施_20260909/compute/verified_results/salmon_quant/SRR19973985/aux_info/exp_gc.gz	521	3706deaef7bd114cad49b4601f25ff52e873a4b282bf7337722c363030d1100c	3706deaef7bd114cad49b4601f25ff52e873a4b282bf7337722c363030d1100c	False	File_S7_Tchinensis_expression_context_20260909.zip
modules/S7/跨物种表达_实施_20260909/compute/verified_results/salmon_quant/SRR19973985/aux_info/expected_bias.gz	89	4fd777aa7f863a78c072a2b8f2aefac9ed9d6d6de332113fbe1adcb9632c7181	4fd777aa7f863a78c072a2b8f2aefac9ed9d6d6de332113fbe1adcb9632c7181	False	File_S7_Tchinensis_expression_context_20260909.zip
modules/S7/跨物种表达_实施_20260909/compute/verified_results/salmon_quant/SRR19973985/aux_info/fld.gz	577	a824915df19d504ce3359d625ee5b3f1373f225f993d9315a64d2afa868fa1b9	a824915df19d504ce3359d625ee5b3f1373f225f993d9315a64d2afa868fa1b9	False	File_S7_Tchinensis_expression_context_20260909.zip
modules/S7/跨物种表达_实施_20260909/compute/verified_results/salmon_quant/SRR19973985/aux_info/meta_info.json	1851	aa8c2453b382394d177db0b77940926a9575b3848ae48a70ff9f31dbd85314b4	aa8c2453b382394d177db0b77940926a9575b3848ae48a70ff9f31dbd85314b4	False	File_S7_Tchinensis_expression_context_20260909.zip
modules/S7/跨物种表达_实施_20260909/compute/verified_results/salmon_quant/SRR19973985/aux_info/obs3_seq.gz	3968	8f5e5cba61a9519e0744f2dcbd6e5a2709845f0e351a86bc8d9d22efc996add9	8f5e5cba61a9519e0744f2dcbd6e5a2709845f0e351a86bc8d9d22efc996add9	False	File_S7_Tchinensis_expression_context_20260909.zip
modules/S7/跨物种表达_实施_20260909/compute/verified_results/salmon_quant/SRR19973985/aux_info/obs5_seq.gz	3968	8bb21438b9d6d666fde200f574506df80e7907175f5248f4f3929748c43e3dcc	8bb21438b9d6d666fde200f574506df80e7907175f5248f4f3929748c43e3dcc	False	File_S7_Tchinensis_expression_context_20260909.zip
modules/S7/跨物种表达_实施_20260909/compute/verified_results/salmon_quant/SRR19973985/aux_info/obs_gc.gz	459	6e0ae7d4c9a2021e8321393c9ed5ab66d623fbd21aca61c1fdc3e951501643a9	6e0ae7d4c9a2021e8321393c9ed5ab66d623fbd21aca61c1fdc3e951501643a9	False	File_S7_Tchinensis_expression_context_20260909.zip
modules/S7/跨物种表达_实施_20260909/compute/verified_results/salmon_quant/SRR19973985/aux_info/observed_bias.gz	54	5026e8534eece566358cc949606b89ededf87f44940b7c471b8791f0e19af101	5026e8534eece566358cc949606b89ededf87f44940b7c471b8791f0e19af101	False	File_S7_Tchinensis_expression_context_20260909.zip
modules/S7/跨物种表达_实施_20260909/compute/verified_results/salmon_quant/SRR19973985/aux_info/observed_bias_3p.gz	54	5026e8534eece566358cc949606b89ededf87f44940b7c471b8791f0e19af101	5026e8534eece566358cc949606b89ededf87f44940b7c471b8791f0e19af101	False	File_S7_Tchinensis_expression_context_20260909.zip
modules/S7/跨物种表达_实施_20260909/compute/verified_results/salmon_quant/SRR19973985/cmd_info.json	621	86f98e1bfb2a8d31255c920a6102b015bd953268e98787ab68bb47322d3131c0	77d475d66b51066b566694f52a6da805fe7179e76f2c21d1a5d8ca7c5b24d765	True	File_S7_Tchinensis_expression_context_20260909.zip
modules/S7/跨物种表达_实施_20260909/compute/verified_results/salmon_quant/SRR19973985/libParams/flenDist.txt	11606	0a377f052e237a002f9ce3059ecaaaf28e7079234b59752a099cb499cf89af9e	0a377f052e237a002f9ce3059ecaaaf28e7079234b59752a099cb499cf89af9e	False	File_S7_Tchinensis_expression_context_20260909.zip
modules/S7/跨物种表达_实施_20260909/compute/verified_results/salmon_quant/SRR19973985/lib_format_counts.json	728	5b11589daeb2f05b4896a3267a7432dff6752a894901a0d9d84be9581078d334	21a4a66c131242ae90033eb14b7fb0557929b2a7db774488ef80aa1261f685c2	True	File_S7_Tchinensis_expression_context_20260909.zip
modules/S7/跨物种表达_实施_20260909/compute/verified_results/salmon_quant/SRR19973985/logs/salmon_quant.log	4541	71e4534e4519508aadfbc91ed3306de64f6ca651b32a65ca3e6812148cf7a6f9	71e4534e4519508aadfbc91ed3306de64f6ca651b32a65ca3e6812148cf7a6f9	False	File_S7_Tchinensis_expression_context_20260909.zip
modules/S7/跨物种表达_实施_20260909/compute/verified_results/salmon_quant/SRR19973985/quant.sf	1883337	6709d2c35f7fd2c9026abc13b55c235c05e6556b2b994b56b3d4d5aebb63ae85	6709d2c35f7fd2c9026abc13b55c235c05e6556b2b994b56b3d4d5aebb63ae85	False	File_S7_Tchinensis_expression_context_20260909.zip
modules/S7/跨物种表达_实施_20260909/compute/verified_results/salmon_quant/SRR19973986/QUANT_COMPLETE.PASS	33	9edef347df9f6844c7e4442a7c6e5a1f18c63e7b6fc8fdb7fc6190861c4c8e9c	9edef347df9f6844c7e4442a7c6e5a1f18c63e7b6fc8fdb7fc6190861c4c8e9c	False	File_S7_Tchinensis_expression_context_20260909.zip
modules/S7/跨物种表达_实施_20260909/compute/verified_results/salmon_quant/SRR19973986/aux_info/ambig_info.tsv	254927	a17c6e52c7209e54bce22466c69d4ae6822f02c9bc51218f9ea4b017a39c11e3	a17c6e52c7209e54bce22466c69d4ae6822f02c9bc51218f9ea4b017a39c11e3	False	File_S7_Tchinensis_expression_context_20260909.zip
modules/S7/跨物种表达_实施_20260909/compute/verified_results/salmon_quant/SRR19973986/aux_info/exp3_seq.gz	3846	9d2fd8662ada00f374774da846639eabea683bb553cc3d764e734ee368d76ac0	9d2fd8662ada00f374774da846639eabea683bb553cc3d764e734ee368d76ac0	False	File_S7_Tchinensis_expression_context_20260909.zip
modules/S7/跨物种表达_实施_20260909/compute/verified_results/salmon_quant/SRR19973986/aux_info/exp5_seq.gz	3843	8cb2a7c313bd02fd37e7b41e3c8493ce4992ab1066acb7e583c597c7772446da	8cb2a7c313bd02fd37e7b41e3c8493ce4992ab1066acb7e583c597c7772446da	False	File_S7_Tchinensis_expression_context_20260909.zip
modules/S7/跨物种表达_实施_20260909/compute/verified_results/salmon_quant/SRR19973986/aux_info/exp_gc.gz	524	dd4002724fd19e52f4f7a1c404458f4eb3231fe7e44fdd17035452993d48043a	dd4002724fd19e52f4f7a1c404458f4eb3231fe7e44fdd17035452993d48043a	False	File_S7_Tchinensis_expression_context_20260909.zip
modules/S7/跨物种表达_实施_20260909/compute/verified_results/salmon_quant/SRR19973986/aux_info/expected_bias.gz	89	4fd777aa7f863a78c072a2b8f2aefac9ed9d6d6de332113fbe1adcb9632c7181	4fd777aa7f863a78c072a2b8f2aefac9ed9d6d6de332113fbe1adcb9632c7181	False	File_S7_Tchinensis_expression_context_20260909.zip
modules/S7/跨物种表达_实施_20260909/compute/verified_results/salmon_quant/SRR19973986/aux_info/fld.gz	604	d9ddd08ef2f992300e63c470806e44fe10c85c5b19d6489a6cd21f938a9076da	d9ddd08ef2f992300e63c470806e44fe10c85c5b19d6489a6cd21f938a9076da	False	File_S7_Tchinensis_expression_context_20260909.zip
modules/S7/跨物种表达_实施_20260909/compute/verified_results/salmon_quant/SRR19973986/aux_info/meta_info.json	1853	8e9715094326e6a7d3f529b1bbadeefc225966d3b1188da06e01586385171231	8e9715094326e6a7d3f529b1bbadeefc225966d3b1188da06e01586385171231	False	File_S7_Tchinensis_expression_context_20260909.zip
modules/S7/跨物种表达_实施_20260909/compute/verified_results/salmon_quant/SRR19973986/aux_info/obs3_seq.gz	3969	4e293f1aa8c91919834a4877c2c3cd1d72457ff27b44f89a8664f2bd13602d6d	4e293f1aa8c91919834a4877c2c3cd1d72457ff27b44f89a8664f2bd13602d6d	False	File_S7_Tchinensis_expression_context_20260909.zip
modules/S7/跨物种表达_实施_20260909/compute/verified_results/salmon_quant/SRR19973986/aux_info/obs5_seq.gz	3972	cb402ab63a122fd07bd4ae7e43e4f2dd831a7b06d414a5bf0a25014cffe6e60b	cb402ab63a122fd07bd4ae7e43e4f2dd831a7b06d414a5bf0a25014cffe6e60b	False	File_S7_Tchinensis_expression_context_20260909.zip
modules/S7/跨物种表达_实施_20260909/compute/verified_results/salmon_quant/SRR19973986/aux_info/obs_gc.gz	465	43d0f20c2b9ac960a6ab8b7d1a49d3cf639888ab42cf588fa9566626b73f86cb	43d0f20c2b9ac960a6ab8b7d1a49d3cf639888ab42cf588fa9566626b73f86cb	False	File_S7_Tchinensis_expression_context_20260909.zip
modules/S7/跨物种表达_实施_20260909/compute/verified_results/salmon_quant/SRR19973986/aux_info/observed_bias.gz	54	5026e8534eece566358cc949606b89ededf87f44940b7c471b8791f0e19af101	5026e8534eece566358cc949606b89ededf87f44940b7c471b8791f0e19af101	False	File_S7_Tchinensis_expression_context_20260909.zip
modules/S7/跨物种表达_实施_20260909/compute/verified_results/salmon_quant/SRR19973986/aux_info/observed_bias_3p.gz	54	5026e8534eece566358cc949606b89ededf87f44940b7c471b8791f0e19af101	5026e8534eece566358cc949606b89ededf87f44940b7c471b8791f0e19af101	False	File_S7_Tchinensis_expression_context_20260909.zip
modules/S7/跨物种表达_实施_20260909/compute/verified_results/salmon_quant/SRR19973986/cmd_info.json	621	36a4714bca6bb8792c213c6c6c5241ab673806cfa71669046fe3ca985148ad70	fc95f5e14678b8732e4ff24c7dbeeb9220daa1f2e0242291df1f15ec6fe0c5dc	True	File_S7_Tchinensis_expression_context_20260909.zip
modules/S7/跨物种表达_实施_20260909/compute/verified_results/salmon_quant/SRR19973986/libParams/flenDist.txt	11610	25ed0cfe65a537020bc9c4b55b2207ce74cfa525ef28b0832bb7a7a9e30e8ac9	25ed0cfe65a537020bc9c4b55b2207ce74cfa525ef28b0832bb7a7a9e30e8ac9	False	File_S7_Tchinensis_expression_context_20260909.zip
modules/S7/跨物种表达_实施_20260909/compute/verified_results/salmon_quant/SRR19973986/lib_format_counts.json	728	dff07281386c3eee92360f07bf526f7285dc6caa635677f66105f2ba7b73a9e6	6c415bad510f5643fa5281fd1aa8ea51cb3fcf709e4641308040d22ef41af83d	True	File_S7_Tchinensis_expression_context_20260909.zip
modules/S7/跨物种表达_实施_20260909/compute/verified_results/salmon_quant/SRR19973986/logs/salmon_quant.log	4991	55be0d90e2caea0bbeeec50891e5822ded4759f4f71572ccf59c5faf8e0731ff	55be0d90e2caea0bbeeec50891e5822ded4759f4f71572ccf59c5faf8e0731ff	False	File_S7_Tchinensis_expression_context_20260909.zip
modules/S7/跨物种表达_实施_20260909/compute/verified_results/salmon_quant/SRR19973986/quant.sf	1881942	5cd5a088702e99330b14cbbd23592014a497261608a781f6ce1874c57d45fe95	5cd5a088702e99330b14cbbd23592014a497261608a781f6ce1874c57d45fe95	False	File_S7_Tchinensis_expression_context_20260909.zip
modules/S7/跨物种表达_实施_20260909/compute/verified_results/salmon_quant/SRR19973987/QUANT_COMPLETE.PASS	33	8a646a0285d00c4eff15ad7f26f12bd5d541a000bd886fb81b7565cfc423a808	8a646a0285d00c4eff15ad7f26f12bd5d541a000bd886fb81b7565cfc423a808	False	File_S7_Tchinensis_expression_context_20260909.zip
modules/S7/跨物种表达_实施_20260909/compute/verified_results/salmon_quant/SRR19973987/aux_info/ambig_info.tsv	251558	1439539bc9e069954828e4296bb0bcf8d108c86317025e2ec25f8f908faeef33	1439539bc9e069954828e4296bb0bcf8d108c86317025e2ec25f8f908faeef33	False	File_S7_Tchinensis_expression_context_20260909.zip
modules/S7/跨物种表达_实施_20260909/compute/verified_results/salmon_quant/SRR19973987/aux_info/exp3_seq.gz	3852	a246d4138799fd1e99d83a527200d3c6d090616a6ef831aaf7af60151a035b74	a246d4138799fd1e99d83a527200d3c6d090616a6ef831aaf7af60151a035b74	False	File_S7_Tchinensis_expression_context_20260909.zip
modules/S7/跨物种表达_实施_20260909/compute/verified_results/salmon_quant/SRR19973987/aux_info/exp5_seq.gz	3862	76619a3e7708b80599c2cddd4fe8e8cb8f8a7cfdac45f454ed7e37dbf7889f58	76619a3e7708b80599c2cddd4fe8e8cb8f8a7cfdac45f454ed7e37dbf7889f58	False	File_S7_Tchinensis_expression_context_20260909.zip
modules/S7/跨物种表达_实施_20260909/compute/verified_results/salmon_quant/SRR19973987/aux_info/exp_gc.gz	517	7cf897255488cf5dca0c0e889e3d288d7c478e6616616e50286a73a3761a4d88	7cf897255488cf5dca0c0e889e3d288d7c478e6616616e50286a73a3761a4d88	False	File_S7_Tchinensis_expression_context_20260909.zip
modules/S7/跨物种表达_实施_20260909/compute/verified_results/salmon_quant/SRR19973987/aux_info/expected_bias.gz	89	4fd777aa7f863a78c072a2b8f2aefac9ed9d6d6de332113fbe1adcb9632c7181	4fd777aa7f863a78c072a2b8f2aefac9ed9d6d6de332113fbe1adcb9632c7181	False	File_S7_Tchinensis_expression_context_20260909.zip
modules/S7/跨物种表达_实施_20260909/compute/verified_results/salmon_quant/SRR19973987/aux_info/fld.gz	602	ba4104fa98877a9cb3ca4a8af69c154d0e52cc1c628909dd17a7bc7a056bb8c6	ba4104fa98877a9cb3ca4a8af69c154d0e52cc1c628909dd17a7bc7a056bb8c6	False	File_S7_Tchinensis_expression_context_20260909.zip
modules/S7/跨物种表达_实施_20260909/compute/verified_results/salmon_quant/SRR19973987/aux_info/meta_info.json	1850	5613ae9cfe19b0f484ff0e2cf265d3757c112e702621cdc25d0b04bd51f76346	5613ae9cfe19b0f484ff0e2cf265d3757c112e702621cdc25d0b04bd51f76346	False	File_S7_Tchinensis_expression_context_20260909.zip
modules/S7/跨物种表达_实施_20260909/compute/verified_results/salmon_quant/SRR19973987/aux_info/obs3_seq.gz	3974	a5cf3ac94942ca9e2edfba02056b28e2753b1e99b90526e3b2c9988f62fbc637	a5cf3ac94942ca9e2edfba02056b28e2753b1e99b90526e3b2c9988f62fbc637	False	File_S7_Tchinensis_expression_context_20260909.zip
modules/S7/跨物种表达_实施_20260909/compute/verified_results/salmon_quant/SRR19973987/aux_info/obs5_seq.gz	3971	3281274b74a2b2d5a0988f11a929454f4148bd3c7a2a6e8ae1d4ca4590f2f9e6	3281274b74a2b2d5a0988f11a929454f4148bd3c7a2a6e8ae1d4ca4590f2f9e6	False	File_S7_Tchinensis_expression_context_20260909.zip
modules/S7/跨物种表达_实施_20260909/compute/verified_results/salmon_quant/SRR19973987/aux_info/obs_gc.gz	457	af7e578888429509314515d33f07f5b84f3af4935eb409761ddbf5eabb82473d	af7e578888429509314515d33f07f5b84f3af4935eb409761ddbf5eabb82473d	False	File_S7_Tchinensis_expression_context_20260909.zip
modules/S7/跨物种表达_实施_20260909/compute/verified_results/salmon_quant/SRR19973987/aux_info/observed_bias.gz	54	5026e8534eece566358cc949606b89ededf87f44940b7c471b8791f0e19af101	5026e8534eece566358cc949606b89ededf87f44940b7c471b8791f0e19af101	False	File_S7_Tchinensis_expression_context_20260909.zip
modules/S7/跨物种表达_实施_20260909/compute/verified_results/salmon_quant/SRR19973987/aux_info/observed_bias_3p.gz	54	5026e8534eece566358cc949606b89ededf87f44940b7c471b8791f0e19af101	5026e8534eece566358cc949606b89ededf87f44940b7c471b8791f0e19af101	False	File_S7_Tchinensis_expression_context_20260909.zip
modules/S7/跨物种表达_实施_20260909/compute/verified_results/salmon_quant/SRR19973987/cmd_info.json	621	c9c4d7b4079e82f6e87503e185f47627e48a7de7db0d30fd567346337debaee3	8c223b0c0426af311fa2af23b4fc7fd98299aeaf60f60f66e47dac8385e5cb0b	True	File_S7_Tchinensis_expression_context_20260909.zip
modules/S7/跨物种表达_实施_20260909/compute/verified_results/salmon_quant/SRR19973987/libParams/flenDist.txt	11621	4b50438461205c28b2ab3d50949964b293e5140547d276123b77a89419c36940	4b50438461205c28b2ab3d50949964b293e5140547d276123b77a89419c36940	False	File_S7_Tchinensis_expression_context_20260909.zip
modules/S7/跨物种表达_实施_20260909/compute/verified_results/salmon_quant/SRR19973987/lib_format_counts.json	728	bd89b145e589b5d3aa048bb7863f0e6d9c441e9c887ea6516d3a6cf7f798e2f7	7de640f829c4680e9f13b1fba7c9dae15ee6bdb2e91cbdbd8ffa27a09d3a459d	True	File_S7_Tchinensis_expression_context_20260909.zip
modules/S7/跨物种表达_实施_20260909/compute/verified_results/salmon_quant/SRR19973987/logs/salmon_quant.log	4720	f83561c401132a0e8e583e2687a698ba4d4e6ed6b370ed932e98b1466003d5d7	f83561c401132a0e8e583e2687a698ba4d4e6ed6b370ed932e98b1466003d5d7	False	File_S7_Tchinensis_expression_context_20260909.zip
modules/S7/跨物种表达_实施_20260909/compute/verified_results/salmon_quant/SRR19973987/quant.sf	1879754	db7a5d47be530c858c8c0d8654009ab00534cb8d25b03eea4b5fa4cbc020ad8d	db7a5d47be530c858c8c0d8654009ab00534cb8d25b03eea4b5fa4cbc020ad8d	False	File_S7_Tchinensis_expression_context_20260909.zip
modules/S7/跨物种表达_实施_20260909/compute/verified_results/salmon_quant/SRR19973991/QUANT_COMPLETE.PASS	33	51190026bac06dbd6ac243c9e1a84efa6d54339a86516992fc3d79f8703cb604	51190026bac06dbd6ac243c9e1a84efa6d54339a86516992fc3d79f8703cb604	False	File_S7_Tchinensis_expression_context_20260909.zip
modules/S7/跨物种表达_实施_20260909/compute/verified_results/salmon_quant/SRR19973991/aux_info/ambig_info.tsv	261753	d88045948953a6d0e8afc2af214f337c859908b58c1260c269fa341c8a562c33	d88045948953a6d0e8afc2af214f337c859908b58c1260c269fa341c8a562c33	False	File_S7_Tchinensis_expression_context_20260909.zip
modules/S7/跨物种表达_实施_20260909/compute/verified_results/salmon_quant/SRR19973991/aux_info/exp3_seq.gz	3846	6bf038eebf14367eafa886d2b608014c21b3f7a77d19b8fb6055219d9f2f3ae0	6bf038eebf14367eafa886d2b608014c21b3f7a77d19b8fb6055219d9f2f3ae0	False	File_S7_Tchinensis_expression_context_20260909.zip
modules/S7/跨物种表达_实施_20260909/compute/verified_results/salmon_quant/SRR19973991/aux_info/exp5_seq.gz	3838	b33c21baec377c929fe38ffa0fbc37c1ad57f7ff0be1f2593b09e4de673a390d	b33c21baec377c929fe38ffa0fbc37c1ad57f7ff0be1f2593b09e4de673a390d	False	File_S7_Tchinensis_expression_context_20260909.zip
modules/S7/跨物种表达_实施_20260909/compute/verified_results/salmon_quant/SRR19973991/aux_info/exp_gc.gz	525	35ef38d229709abd757bfdf99d835ec28a0f928e0fd6e0c6105a39058eb2caad	35ef38d229709abd757bfdf99d835ec28a0f928e0fd6e0c6105a39058eb2caad	False	File_S7_Tchinensis_expression_context_20260909.zip
modules/S7/跨物种表达_实施_20260909/compute/verified_results/salmon_quant/SRR19973991/aux_info/expected_bias.gz	89	4fd777aa7f863a78c072a2b8f2aefac9ed9d6d6de332113fbe1adcb9632c7181	4fd777aa7f863a78c072a2b8f2aefac9ed9d6d6de332113fbe1adcb9632c7181	False	File_S7_Tchinensis_expression_context_20260909.zip
modules/S7/跨物种表达_实施_20260909/compute/verified_results/salmon_quant/SRR19973991/aux_info/fld.gz	607	26d9eb22ed3b0435ed4d25802775d4be1c919d72f959bec6b1c1060330e369a9	26d9eb22ed3b0435ed4d25802775d4be1c919d72f959bec6b1c1060330e369a9	False	File_S7_Tchinensis_expression_context_20260909.zip
modules/S7/跨物种表达_实施_20260909/compute/verified_results/salmon_quant/SRR19973991/aux_info/meta_info.json	1851	e19836f5615df0b0988372aa4bf4033286f3fb67312856e6bc3d606fd0177f54	e19836f5615df0b0988372aa4bf4033286f3fb67312856e6bc3d606fd0177f54	False	File_S7_Tchinensis_expression_context_20260909.zip
modules/S7/跨物种表达_实施_20260909/compute/verified_results/salmon_quant/SRR19973991/aux_info/obs3_seq.gz	3969	fdd704b06bcbb706eca838e32bd61ede1c6016e2f64784bb2b3c3b74e0756df1	fdd704b06bcbb706eca838e32bd61ede1c6016e2f64784bb2b3c3b74e0756df1	False	File_S7_Tchinensis_expression_context_20260909.zip
modules/S7/跨物种表达_实施_20260909/compute/verified_results/salmon_quant/SRR19973991/aux_info/obs5_seq.gz	3971	5ba33696dd9808bf09765be1f22881b7c635d5d6d67bd92e5b72643b0ee91f91	5ba33696dd9808bf09765be1f22881b7c635d5d6d67bd92e5b72643b0ee91f91	False	File_S7_Tchinensis_expression_context_20260909.zip
modules/S7/跨物种表达_实施_20260909/compute/verified_results/salmon_quant/SRR19973991/aux_info/obs_gc.gz	440	e0b5361c7940e5bcab97c1d22ffb602a016d25e0b039ef98c616d1ef2786801a	e0b5361c7940e5bcab97c1d22ffb602a016d25e0b039ef98c616d1ef2786801a	False	File_S7_Tchinensis_expression_context_20260909.zip
modules/S7/跨物种表达_实施_20260909/compute/verified_results/salmon_quant/SRR19973991/aux_info/observed_bias.gz	54	5026e8534eece566358cc949606b89ededf87f44940b7c471b8791f0e19af101	5026e8534eece566358cc949606b89ededf87f44940b7c471b8791f0e19af101	False	File_S7_Tchinensis_expression_context_20260909.zip
modules/S7/跨物种表达_实施_20260909/compute/verified_results/salmon_quant/SRR19973991/aux_info/observed_bias_3p.gz	54	5026e8534eece566358cc949606b89ededf87f44940b7c471b8791f0e19af101	5026e8534eece566358cc949606b89ededf87f44940b7c471b8791f0e19af101	False	File_S7_Tchinensis_expression_context_20260909.zip
modules/S7/跨物种表达_实施_20260909/compute/verified_results/salmon_quant/SRR19973991/cmd_info.json	621	be1d40987f56b959b739f6180e35cbf08a8dce0190ea86cd9f0c15d7bb9202ec	cc7aba057e023ad8bcf5fb3cd655fd309887d2c3635667fe11bf85e1ee42f242	True	File_S7_Tchinensis_expression_context_20260909.zip
modules/S7/跨物种表达_实施_20260909/compute/verified_results/salmon_quant/SRR19973991/libParams/flenDist.txt	11591	b3469f84668fecaf90e0d1045ca51775fd450460aa8fb70c1fd66f701833497e	b3469f84668fecaf90e0d1045ca51775fd450460aa8fb70c1fd66f701833497e	False	File_S7_Tchinensis_expression_context_20260909.zip
modules/S7/跨物种表达_实施_20260909/compute/verified_results/salmon_quant/SRR19973991/lib_format_counts.json	728	05beda1c5c2f3172b9928a35b11681c80a3c4e0ca905a0d131553b67d75c66ba	6203ed25e9f8723e7cc412ca0300520f17da7332b7c17ca59d656f8a62ec252a	True	File_S7_Tchinensis_expression_context_20260909.zip
modules/S7/跨物种表达_实施_20260909/compute/verified_results/salmon_quant/SRR19973991/logs/salmon_quant.log	4991	69eee3f4bb06e185aeff341d6b4514a1694c22870eed716bda44be4ad14f9f97	69eee3f4bb06e185aeff341d6b4514a1694c22870eed716bda44be4ad14f9f97	False	File_S7_Tchinensis_expression_context_20260909.zip
modules/S7/跨物种表达_实施_20260909/compute/verified_results/salmon_quant/SRR19973991/quant.sf	1884265	7a4960fa8af72e4a6af88ec89a153392c61b47de3e7264822881f28d8f8a973b	7a4960fa8af72e4a6af88ec89a153392c61b47de3e7264822881f28d8f8a973b	False	File_S7_Tchinensis_expression_context_20260909.zip
modules/S7/跨物种表达_实施_20260909/compute/verified_results/salmon_quant/SRR19973993/QUANT_COMPLETE.PASS	33	3284cbfd8cdf9537c388d933b5cc5336fb7944d5391823e97991a3b1e76bc1dc	3284cbfd8cdf9537c388d933b5cc5336fb7944d5391823e97991a3b1e76bc1dc	False	File_S7_Tchinensis_expression_context_20260909.zip
modules/S7/跨物种表达_实施_20260909/compute/verified_results/salmon_quant/SRR19973993/aux_info/ambig_info.tsv	256950	da84ba93c8180c7259e602ed198a1e5f9abebceecf97b6903becd26f7ad97177	da84ba93c8180c7259e602ed198a1e5f9abebceecf97b6903becd26f7ad97177	False	File_S7_Tchinensis_expression_context_20260909.zip
modules/S7/跨物种表达_实施_20260909/compute/verified_results/salmon_quant/SRR19973993/aux_info/exp3_seq.gz	3841	418e3f5118e49ee3082ba63fab0eb89b04fbdd08062a550760d19acf7014ea4c	418e3f5118e49ee3082ba63fab0eb89b04fbdd08062a550760d19acf7014ea4c	False	File_S7_Tchinensis_expression_context_20260909.zip
modules/S7/跨物种表达_实施_20260909/compute/verified_results/salmon_quant/SRR19973993/aux_info/exp5_seq.gz	3820	4d27f9f02d850a7551a40be5870272179eef689438a013066bd074ca6d80a57a	4d27f9f02d850a7551a40be5870272179eef689438a013066bd074ca6d80a57a	False	File_S7_Tchinensis_expression_context_20260909.zip
modules/S7/跨物种表达_实施_20260909/compute/verified_results/salmon_quant/SRR19973993/aux_info/exp_gc.gz	526	18c79c17664f672b38a507b7f99f3ca922d600505635cf502e442700109b2313	18c79c17664f672b38a507b7f99f3ca922d600505635cf502e442700109b2313	False	File_S7_Tchinensis_expression_context_20260909.zip
modules/S7/跨物种表达_实施_20260909/compute/verified_results/salmon_quant/SRR19973993/aux_info/expected_bias.gz	89	4fd777aa7f863a78c072a2b8f2aefac9ed9d6d6de332113fbe1adcb9632c7181	4fd777aa7f863a78c072a2b8f2aefac9ed9d6d6de332113fbe1adcb9632c7181	False	File_S7_Tchinensis_expression_context_20260909.zip
modules/S7/跨物种表达_实施_20260909/compute/verified_results/salmon_quant/SRR19973993/aux_info/fld.gz	627	60e4db400d3d0429f9e00f01cfac56fe879eec2ccd0c670d7732e91fab29ea96	60e4db400d3d0429f9e00f01cfac56fe879eec2ccd0c670d7732e91fab29ea96	False	File_S7_Tchinensis_expression_context_20260909.zip
modules/S7/跨物种表达_实施_20260909/compute/verified_results/salmon_quant/SRR19973993/aux_info/meta_info.json	1852	20bc7840b75de56957d3780bbaee769e48194d947309df11b9ddec90d87d4e58	20bc7840b75de56957d3780bbaee769e48194d947309df11b9ddec90d87d4e58	False	File_S7_Tchinensis_expression_context_20260909.zip
modules/S7/跨物种表达_实施_20260909/compute/verified_results/salmon_quant/SRR19973993/aux_info/obs3_seq.gz	3961	b2384029f8ba80ecaf0812338f54234031d0055fd566fedb02c52796569b39a6	b2384029f8ba80ecaf0812338f54234031d0055fd566fedb02c52796569b39a6	False	File_S7_Tchinensis_expression_context_20260909.zip
modules/S7/跨物种表达_实施_20260909/compute/verified_results/salmon_quant/SRR19973993/aux_info/obs5_seq.gz	3967	b9202a3dcfb459e3788c5813453d97ac9e39a6a96a2ffd9c1d4ebdec174590a7	b9202a3dcfb459e3788c5813453d97ac9e39a6a96a2ffd9c1d4ebdec174590a7	False	File_S7_Tchinensis_expression_context_20260909.zip
modules/S7/跨物种表达_实施_20260909/compute/verified_results/salmon_quant/SRR19973993/aux_info/obs_gc.gz	444	2fd86bc8e20b382e3fb883984c5215134c96c233f41640e179372115184ee030	2fd86bc8e20b382e3fb883984c5215134c96c233f41640e179372115184ee030	False	File_S7_Tchinensis_expression_context_20260909.zip
modules/S7/跨物种表达_实施_20260909/compute/verified_results/salmon_quant/SRR19973993/aux_info/observed_bias.gz	54	5026e8534eece566358cc949606b89ededf87f44940b7c471b8791f0e19af101	5026e8534eece566358cc949606b89ededf87f44940b7c471b8791f0e19af101	False	File_S7_Tchinensis_expression_context_20260909.zip
modules/S7/跨物种表达_实施_20260909/compute/verified_results/salmon_quant/SRR19973993/aux_info/observed_bias_3p.gz	54	5026e8534eece566358cc949606b89ededf87f44940b7c471b8791f0e19af101	5026e8534eece566358cc949606b89ededf87f44940b7c471b8791f0e19af101	False	File_S7_Tchinensis_expression_context_20260909.zip
modules/S7/跨物种表达_实施_20260909/compute/verified_results/salmon_quant/SRR19973993/cmd_info.json	621	ed27eb9de30d67be2ea0f5b169927959aa4beaafc9caa80171faeb60dd66af86	ab616d271649282df93d1de7b0056d84f51f922587a6e4c51daacd03897ff9f9	True	File_S7_Tchinensis_expression_context_20260909.zip
modules/S7/跨物种表达_实施_20260909/compute/verified_results/salmon_quant/SRR19973993/libParams/flenDist.txt	11604	ad4e5cd91c8fd4613ef96ebd1278daa70cde6c3bd79db96964b231647c2e666e	ad4e5cd91c8fd4613ef96ebd1278daa70cde6c3bd79db96964b231647c2e666e	False	File_S7_Tchinensis_expression_context_20260909.zip
modules/S7/跨物种表达_实施_20260909/compute/verified_results/salmon_quant/SRR19973993/lib_format_counts.json	728	b2b2ca7394a5eaa8ee0865b5e80e34f5cf3f56301c61f526d8586445ac726c8d	cd21590525be642f05f2fd42fbb7bf342d848d532bf49fa08bc9293740df8f45	True	File_S7_Tchinensis_expression_context_20260909.zip
modules/S7/跨物种表达_实施_20260909/compute/verified_results/salmon_quant/SRR19973993/logs/salmon_quant.log	4720	817798c8553ff52e8dc5cbbe768a30dd166a68bdfaab7b201fc7a53ba1674bdb	817798c8553ff52e8dc5cbbe768a30dd166a68bdfaab7b201fc7a53ba1674bdb	False	File_S7_Tchinensis_expression_context_20260909.zip
modules/S7/跨物种表达_实施_20260909/compute/verified_results/salmon_quant/SRR19973993/quant.sf	1881941	614b20cb4492a58d790d9978b0fedcb0dafefc307085a931acc06c5cc4106827	614b20cb4492a58d790d9978b0fedcb0dafefc307085a931acc06c5cc4106827	False	File_S7_Tchinensis_expression_context_20260909.zip
modules/S7/跨物种表达_实施_20260909/compute/verified_results/salmon_quant/SRR19973994/QUANT_COMPLETE.PASS	33	e66d59e8fbe9d80f0fe350d9d8ff8cdb88516c8f18856aa25ba7d6fece8a01f8	e66d59e8fbe9d80f0fe350d9d8ff8cdb88516c8f18856aa25ba7d6fece8a01f8	False	File_S7_Tchinensis_expression_context_20260909.zip
modules/S7/跨物种表达_实施_20260909/compute/verified_results/salmon_quant/SRR19973994/aux_info/ambig_info.tsv	255490	3de150a3b0bb515ff5b6f4c9eb3261075fa85171f9e2534780288bca63f4422f	3de150a3b0bb515ff5b6f4c9eb3261075fa85171f9e2534780288bca63f4422f	False	File_S7_Tchinensis_expression_context_20260909.zip
modules/S7/跨物种表达_实施_20260909/compute/verified_results/salmon_quant/SRR19973994/aux_info/exp3_seq.gz	3839	210587f9f650805e524851ebefd3ecb543ca9f2e3d1cfe0498823a246023f07c	210587f9f650805e524851ebefd3ecb543ca9f2e3d1cfe0498823a246023f07c	False	File_S7_Tchinensis_expression_context_20260909.zip
modules/S7/跨物种表达_实施_20260909/compute/verified_results/salmon_quant/SRR19973994/aux_info/exp5_seq.gz	3846	c5b97b0515dc01aff1077ce269cdff6ba849f0cfac02f2683f4df7b8273a9769	c5b97b0515dc01aff1077ce269cdff6ba849f0cfac02f2683f4df7b8273a9769	False	File_S7_Tchinensis_expression_context_20260909.zip
modules/S7/跨物种表达_实施_20260909/compute/verified_results/salmon_quant/SRR19973994/aux_info/exp_gc.gz	526	ee9e0c5839e0529e0625cc885e8cfc68409ec21cbff3d6f1b872582afa0e5047	ee9e0c5839e0529e0625cc885e8cfc68409ec21cbff3d6f1b872582afa0e5047	False	File_S7_Tchinensis_expression_context_20260909.zip
modules/S7/跨物种表达_实施_20260909/compute/verified_results/salmon_quant/SRR19973994/aux_info/expected_bias.gz	89	4fd777aa7f863a78c072a2b8f2aefac9ed9d6d6de332113fbe1adcb9632c7181	4fd777aa7f863a78c072a2b8f2aefac9ed9d6d6de332113fbe1adcb9632c7181	False	File_S7_Tchinensis_expression_context_20260909.zip
modules/S7/跨物种表达_实施_20260909/compute/verified_results/salmon_quant/SRR19973994/aux_info/fld.gz	601	85abb409b10aeb3cecdba5cdb6e7cd21eff2854a1d12ca3ca2531fae3829d453	85abb409b10aeb3cecdba5cdb6e7cd21eff2854a1d12ca3ca2531fae3829d453	False	File_S7_Tchinensis_expression_context_20260909.zip
modules/S7/跨物种表达_实施_20260909/compute/verified_results/salmon_quant/SRR19973994/aux_info/meta_info.json	1853	8ca1713301f0b5337fef2d53172ea73ac5f874d6a820755618dfa57071e1c51c	8ca1713301f0b5337fef2d53172ea73ac5f874d6a820755618dfa57071e1c51c	False	File_S7_Tchinensis_expression_context_20260909.zip
modules/S7/跨物种表达_实施_20260909/compute/verified_results/salmon_quant/SRR19973994/aux_info/obs3_seq.gz	3972	0eaefd45d656e019c06c9f163bc745bc51149773ed118c11504de686d090c525	0eaefd45d656e019c06c9f163bc745bc51149773ed118c11504de686d090c525	False	File_S7_Tchinensis_expression_context_20260909.zip
modules/S7/跨物种表达_实施_20260909/compute/verified_results/salmon_quant/SRR19973994/aux_info/obs5_seq.gz	3976	d366d8d1621fedea27c56bc3217490ad6c2c1dd665fb05772b6b66aef9825e80	d366d8d1621fedea27c56bc3217490ad6c2c1dd665fb05772b6b66aef9825e80	False	File_S7_Tchinensis_expression_context_20260909.zip
modules/S7/跨物种表达_实施_20260909/compute/verified_results/salmon_quant/SRR19973994/aux_info/obs_gc.gz	453	900828d58b8f0a8da6585704a0149cf1186a117e00fbb25e4fbe95454e051cf0	900828d58b8f0a8da6585704a0149cf1186a117e00fbb25e4fbe95454e051cf0	False	File_S7_Tchinensis_expression_context_20260909.zip
modules/S7/跨物种表达_实施_20260909/compute/verified_results/salmon_quant/SRR19973994/aux_info/observed_bias.gz	54	5026e8534eece566358cc949606b89ededf87f44940b7c471b8791f0e19af101	5026e8534eece566358cc949606b89ededf87f44940b7c471b8791f0e19af101	False	File_S7_Tchinensis_expression_context_20260909.zip
modules/S7/跨物种表达_实施_20260909/compute/verified_results/salmon_quant/SRR19973994/aux_info/observed_bias_3p.gz	54	5026e8534eece566358cc949606b89ededf87f44940b7c471b8791f0e19af101	5026e8534eece566358cc949606b89ededf87f44940b7c471b8791f0e19af101	False	File_S7_Tchinensis_expression_context_20260909.zip
modules/S7/跨物种表达_实施_20260909/compute/verified_results/salmon_quant/SRR19973994/cmd_info.json	621	9704ebd7b966c57dc5eace5ded7fe248dbc9ae541a88ac1331f562899aacc366	1ecabbb94e574d6e5ed29db6a0a83165ac7503d5ce08250ffc4822066c2f41cc	True	File_S7_Tchinensis_expression_context_20260909.zip
modules/S7/跨物种表达_实施_20260909/compute/verified_results/salmon_quant/SRR19973994/libParams/flenDist.txt	11592	37897f53c24548bc65e791e5307974ff204ae26a0172c79d02f92ea54f843d09	37897f53c24548bc65e791e5307974ff204ae26a0172c79d02f92ea54f843d09	False	File_S7_Tchinensis_expression_context_20260909.zip
modules/S7/跨物种表达_实施_20260909/compute/verified_results/salmon_quant/SRR19973994/lib_format_counts.json	728	17fe919017dc499f07fb1bf3ee8358398c78d5ed1e52693e880667749393bd6b	5583c94d2231e8f076d4d59aa3af111f4a394b9ca4bd803794ca1818ecc1a90d	True	File_S7_Tchinensis_expression_context_20260909.zip
modules/S7/跨物种表达_实施_20260909/compute/verified_results/salmon_quant/SRR19973994/logs/salmon_quant.log	4894	28a16e7f40e594b623f2b86bbadc04a01685f5f9bfff323d368f5fd9305f89a8	28a16e7f40e594b623f2b86bbadc04a01685f5f9bfff323d368f5fd9305f89a8	False	File_S7_Tchinensis_expression_context_20260909.zip
modules/S7/跨物种表达_实施_20260909/compute/verified_results/salmon_quant/SRR19973994/quant.sf	1881033	79b31eacf825aca99bb121b93ceb72939adfe4561af0b937986f7f46966fe1e8	79b31eacf825aca99bb121b93ceb72939adfe4561af0b937986f7f46966fe1e8	False	File_S7_Tchinensis_expression_context_20260909.zip
modules/S7/跨物种表达_实施_20260909/compute/verified_results/scientific_output_validation.json	650	d2c9f8223f3462a8e1d415e0fae70515b857153e0910c9cf39bb6fe17648505f	d2c9f8223f3462a8e1d415e0fae70515b857153e0910c9cf39bb6fe17648505f	False	File_S7_Tchinensis_expression_context_20260909.zip
modules/S7/跨物种表达_实施_20260909/compute/verified_results/scripts/audit_exon_reconstruction.py	1183	7e23e97b6dfa353be8a1498732b648f152045c466f47ebd3fb3ac361fcc7ba86	7e23e97b6dfa353be8a1498732b648f152045c466f47ebd3fb3ac361fcc7ba86	False	File_S7_Tchinensis_expression_context_20260909.zip
modules/S7/跨物种表达_实施_20260909/compute/verified_results/scripts/compact_status.py	1763	0227457f15cda7259f9c4b3465bdc028ad8a7f089dcbfef7e41bf246599b7874	0227457f15cda7259f9c4b3465bdc028ad8a7f089dcbfef7e41bf246599b7874	False	File_S7_Tchinensis_expression_context_20260909.zip
modules/S7/跨物种表达_实施_20260909/compute/verified_results/scripts/download_inputs.py	3449	a11a42cd5c5acb685ca7c7ae80e61eb8230f6a64fbf3ae25c2173470f2951c3d	a11a42cd5c5acb685ca7c7ae80e61eb8230f6a64fbf3ae25c2173470f2951c3d	False	File_S7_Tchinensis_expression_context_20260909.zip
modules/S7/跨物种表达_实施_20260909/compute/verified_results/scripts/finalize_compute_outputs.py	7950	a3161140821da5ae5c7bc444f19d342aa9361b3b89f2604b90f57e7ce4a2b666	6c1d1968a0760e70918dfcbf1cb2613d78f96409135df14652bdd2c5737e8ed2	True	File_S7_Tchinensis_expression_context_20260909.zip
modules/S7/跨物种表达_实施_20260909/compute/verified_results/scripts/inspect_submitted_quality_encoding.py	1066	fef9540068287e5aef08ac50b7be9caf179b9b57e6fc2d31324aced30023d550	fef9540068287e5aef08ac50b7be9caf179b9b57e6fc2d31324aced30023d550	False	File_S7_Tchinensis_expression_context_20260909.zip
modules/S7/跨物种表达_实施_20260909/compute/verified_results/scripts/parse_R_script.R	105	449d51ad28c5a72b2ba4d262fa98a592ca481530248cbe9b600f908a1c00854d	449d51ad28c5a72b2ba4d262fa98a592ca481530248cbe9b600f908a1c00854d	False	File_S7_Tchinensis_expression_context_20260909.zip
modules/S7/跨物种表达_实施_20260909/compute/verified_results/scripts/prepare_reference.py	6035	c4ccea9de6ae172a37b83f69ffddc05f4a65fd5600998d978d506e196065a423	00dcd46c753749109594c6d2dd4dfef4fef258404eecea3c8cad5b9aa57f5fa7	True	File_S7_Tchinensis_expression_context_20260909.zip
modules/S7/跨物种表达_实施_20260909/compute/verified_results/scripts/retry_failed_downloads.py	1548	e8af99ed0f8ebe8d09c6f42fdb42f7a88e57ce1d47282c7a3790d656f8c6a321	e8af99ed0f8ebe8d09c6f42fdb42f7a88e57ce1d47282c7a3790d656f8c6a321	False	File_S7_Tchinensis_expression_context_20260909.zip
modules/S7/跨物种表达_实施_20260909/compute/verified_results/scripts/run_after_downloads.py	1932	24c9f0c94e386fb06e47822565863ec444f1466b570ecfe923b5f02f7704766a	8b8ee6708a155af7f1e1d8ad72defe2c9be13000f04ab268cf9d57f57f38602b	True	File_S7_Tchinensis_expression_context_20260909.zip
modules/S7/跨物种表达_实施_20260909/compute/verified_results/scripts/run_deseq2.R	4776	66f62221c8cd75551497a99824951e0b486f8ef120f79e978334ec4ce345a94e	66f62221c8cd75551497a99824951e0b486f8ef120f79e978334ec4ce345a94e	False	File_S7_Tchinensis_expression_context_20260909.zip
modules/S7/跨物种表达_实施_20260909/compute/verified_results/scripts/run_quantification.py	6065	8160e3e07d85da9131ec4ed22c71caba5dbbe2f17e1ebb200bbc824393aa8c01	69e963ba15f06717cf432325322150e2d65855a76214ab16c9e09d9510369f9a	True	File_S7_Tchinensis_expression_context_20260909.zip
modules/S7/跨物种表达_实施_20260909/compute/verified_results/software_versions.txt	381	db46225d1fef58e790ad57339fe6c8e5166ccd26c1647f8c402bd2505a1953ed	d1aa571cb5d0d5859d8be661912f942fa870f033331d28462f13f4adda68b32c	True	File_S7_Tchinensis_expression_context_20260909.zip
modules/S7/跨物种表达_实施_20260909/compute/verified_results/workflow_status.json	214	ec5ee66799e17755d282cef85143d6a3bd0f0e347fa88ebde1648165a864acee	26e2945db5df31efceee98730d42d7768c9816bc4beb3fe155e6766c78d60a73	True	File_S7_Tchinensis_expression_context_20260909.zip
modules/S7/跨物种表达_实施_20260909/compute/verified_results_verification.json	871	dc228634c481e90b42efaa37b3848a916eed4a549004f9ad478b9e9c36cfa57a	87be7d0ef6916b87666a18349bafac0ae96071b1752e932743809975deb81412	True	File_S7_Tchinensis_expression_context_20260909.zip
modules/S7/跨物种表达_实施_20260909/figures/Figure_S2_external_expression_context.pdf	82335	6cf37c4ad7b92796497b7c42a1d35e8650489d0b7d5f06e2f6bfdf4fd3eea0d2	6cf37c4ad7b92796497b7c42a1d35e8650489d0b7d5f06e2f6bfdf4fd3eea0d2	False	File_S7_Tchinensis_expression_context_20260909.zip
modules/S7/跨物种表达_实施_20260909/figures/Figure_S2_external_expression_context.svg	134519	03753dbfd7426fce7ffef49d57a6bc29593f0a2d240539797ca3c0f5f7abc775	03753dbfd7426fce7ffef49d57a6bc29593f0a2d240539797ca3c0f5f7abc775	False	File_S7_Tchinensis_expression_context_20260909.zip
modules/S7/跨物种表达_实施_20260909/figures/Figure_S2_external_expression_context_validation.json	3729	9d038771b8d0314f3a3fa252c9f988871f371a9dd2078e127d78e867426dc56a	6b4ac3a97bab89ac9d45ff6d2e7601b70d0ca0820567410158fe5e711304e840	True	File_S7_Tchinensis_expression_context_20260909.zip
modules/S7/跨物种表达_实施_20260909/figures/Figure_S2_fixed_author_annotation_rows.tsv	10871	0941bf97605649952591c9721b1df7be5e85c956dc6297f6a83d1302b6792fc4	0de15a7f6eaf1d34d444a027ce6b972b3b9e30335c869c0c96072b8fe649aefe	True	File_S7_Tchinensis_expression_context_20260909.zip
modules/S7/跨物种表达_实施_20260909/figures/Figure_S2_fixed_input_scope.json	1381	8fe36cd7fd7bb93a1046fbcca56e3f7684067a31e3589427e8ad5211e282c2bd	9a851e5a2c918b4513aaf4d7a377f542b9fd80492baff4a354e64cb95bc7c1d2	True	File_S7_Tchinensis_expression_context_20260909.zip
modules/S7/跨物种表达_实施_20260909/figures/Figure_S2_legend_EN.txt	3442	566a45e0d88c2993d0d2daf81b07232fb37357fae3652b25e52b42df4c592e85	566a45e0d88c2993d0d2daf81b07232fb37357fae3652b25e52b42df4c592e85	False	File_S7_Tchinensis_expression_context_20260909.zip
modules/S7/跨物种表达_实施_20260909/figures/Figure_S2_legend_ZH.txt	2683	80c8ab79afe3b48037a510d1ce8584a5f5326e8a41c3792fc7c3f13bca07828f	80c8ab79afe3b48037a510d1ce8584a5f5326e8a41c3792fc7c3f13bca07828f	False	File_S7_Tchinensis_expression_context_20260909.zip
modules/S7/跨物种表达_实施_20260909/figures/PREPUBLICATION_Figure_S2_outputs_SHA256.tsv	1539	a04ee657a67f3dcb91e2b82175bf175bbbd2bafc52eb08d8e300e95df73fc36d	4231d59e3c1d1d21a31e2d36e6b4564a84a46dc7d7ea281b920bf303fac27ebc	True	File_S7_Tchinensis_expression_context_20260909.zip
modules/S7/跨物种表达_实施_20260909/figures/Figure_S2_plot_data_41_fixed_rows.tsv	25361	96ffc0bee211c72d96442a069c6fd8b5ac10e94f98aae6a1acf545173c3d0ad9	84b43435a82ffb35bebc55ac0bfb7a080174c47973af5bc5440375942cf0c7f9	True	File_S7_Tchinensis_expression_context_20260909.zip
modules/S7/跨物种表达_实施_20260909/figures/Figure_S2_status.json	752	56844da272d0c660d51c4e77694848f77906a31d188f8a04dd5afaa417506859	56844da272d0c660d51c4e77694848f77906a31d188f8a04dd5afaa417506859	False	File_S7_Tchinensis_expression_context_20260909.zip
modules/S7/跨物种表达_实施_20260909/figures/README.md	1642	bfe508d5faf054c95de7c1455617b2e91b11a4763b6d93446525940b39449115	42b64f6424046080d742baf36c5d61f2723f621409b454ef178326e752743566	True	File_S7_Tchinensis_expression_context_20260909.zip
modules/S7/跨物种表达_实施_20260909/figures/draw_external_expression_figure.py	20821	7b96caf74e0f082e8fe8c7937e821f5e4332c6a606bd23a48ee84712665407f8	7b96caf74e0f082e8fe8c7937e821f5e4332c6a606bd23a48ee84712665407f8	False	File_S7_Tchinensis_expression_context_20260909.zip
modules/S7/跨物种表达_实施_20260909/independent_result_qa.py	3815	5db7cfc8768c00103b5abbfbc6c84c087c905b029d2c0dd742b7866ec87d5542	5db7cfc8768c00103b5abbfbc6c84c087c905b029d2c0dd742b7866ec87d5542	False	File_S7_Tchinensis_expression_context_20260909.zip
modules/S7/跨物种表达_实施_20260909/metadata/staging_baseline_provenance.json	1998	a7add13ecc6467aa2253ecf17b5a112f759a9c4fe848e112f947c7ea056cfbe8	7543a2b0130441911bd10b77aceba8cc7aeb11dce75b9e851f434b542bb81a04	True	File_S7_Tchinensis_expression_context_20260909.zip
modules/S7/跨物种表达_实施_20260909/published_annotations/00_已发表注释核对与范围.md	4664	5fc6e4d53dfd064467abd376d1cd1f9afc186dcce25ee98c90061ca0cb5cb789	5fc6e4d53dfd064467abd376d1cd1f9afc186dcce25ee98c90061ca0cb5cb789	False	File_S7_Tchinensis_expression_context_20260909.zip
modules/S7/跨物种表达_实施_20260909/published_annotations/Orthogroups_header_audit.json	942	87e3810dee4c29fa96a895466f6dab952a4970054b989a69b3f83350adf77442	950b5517a4e9ff196551dda977d62e2e928f3e6a0979c0ca340ad3eb850dd6e4	True	File_S7_Tchinensis_expression_context_20260909.zip
modules/S7/跨物种表达_实施_20260909/published_annotations/S17_SS_vs_SCS_author_annotations.tsv	12398	5ccf40ae0933c1d9a934df194a8ec415c7a9e4ad1e24ae6b11ae17bd430b8be6	b8654fd8b77645a79662ab387628da0494688af920481b9d8e630c6eeb858131	True	File_S7_Tchinensis_expression_context_20260909.zip
modules/S7/跨物种表达_实施_20260909/published_annotations/audit_summary.json	3861	c108d67f2e47dd862b4846a8b61d049ab1c88b24e54733e54f02ccbc35b2291c	3c7a7684ccc6ce00a4a78b7279038085e558fa106e206d7ea348e55bed40eb36	True	File_S7_Tchinensis_expression_context_20260909.zip
modules/S7/跨物种表达_实施_20260909/published_annotations/extract_published_annotations.py	7068	22b467c6eea36ebe3c9005f98dea11e1cc00d7c54d3613b3e41d98b53ef77226	22b467c6eea36ebe3c9005f98dea11e1cc00d7c54d3613b3e41d98b53ef77226	False	File_S7_Tchinensis_expression_context_20260909.zip
modules/S7/跨物种表达_实施_20260909/published_annotations/PREPUBLICATION_outputs_SHA256.tsv	971	12933439d7bd69faf0bb3b103f91a8b8864012f7b4107bb46ee8c0f6d722c7fe	a466e17f774008d237644bad052de7604c9a4667494e33ea5c651466fef24c3e	True	File_S7_Tchinensis_expression_context_20260909.zip
modules/S7/跨物种表达_实施_20260909/published_annotations/primary_DE_tables_unique_author_IDs.tsv	10871	0941bf97605649952591c9721b1df7be5e85c956dc6297f6a83d1302b6792fc4	0de15a7f6eaf1d34d444a027ce6b972b3b9e30335c869c0c96072b8fe649aefe	True	File_S7_Tchinensis_expression_context_20260909.zip
modules/S7/跨物种表达_实施_20260909/published_annotations/published_annotation_contrast_values.tsv	242411	dd6c2adb8202bf36717321f0f1a78519dfaefd7f3993b79cba3cfe8b4501dd2b	93f278798479722a9f4f9b7941b2210a3353e22e1a74d85207d59a54c896bbcb	True	File_S7_Tchinensis_expression_context_20260909.zip
modules/S7/跨物种表达_实施_20260909/published_annotations/published_annotation_rows.tsv	40812	5add83d0dde2be349865614e4d98a286ee31b342a966fdd295dad4373e34cf27	d280965ff80655831274c073063a28b715dfcf9f44dce3bc3da59ff3d7f2f7cf	True	File_S7_Tchinensis_expression_context_20260909.zip
modules/S7/跨物种表达_实施_20260909/published_annotations/published_annotation_source_cells.jsonl	426852	740b865c5c35b2a8636867873ed28d03f4d15dd62bea7bf932bb4359263e71fe	740b865c5c35b2a8636867873ed28d03f4d15dd62bea7bf932bb4359263e71fe	False	File_S7_Tchinensis_expression_context_20260909.zip
modules/S7/跨物种表达_实施_20260909/reference_audit/Orthogroups.tsv	8898735	45cd015f231466413b9ab37d1daf373ed9519e9bed47ce05f3e10c99bc024d70	45cd015f231466413b9ab37d1daf373ed9519e9bed47ce05f3e10c99bc024d70	False	File_S7_Tchinensis_expression_context_20260909.zip
modules/S7/跨物种表达_实施_20260909/reference_audit/README_参考ID已解决与QC.md	5106	94df28efd8093d3c02b6fd072ae772b559c7ed3df1cf3479cef4d6abfa517848	94df28efd8093d3c02b6fd072ae772b559c7ed3df1cf3479cef4d6abfa517848	False	File_S7_Tchinensis_expression_context_20260909.zip
modules/S7/跨物种表达_实施_20260909/reference_audit/S17_gene_to_all_protein_isoforms.tsv	604463	59abba8baa841543aa354b49e101120879a37eb796c2cacc0ede602cede142ed	1f3ddfc8f409605b82e2f239257a3dd70ef58ac5249426c75a14b41de69bf989	True	File_S7_Tchinensis_expression_context_20260909.zip
modules/S7/跨物种表达_实施_20260909/reference_audit/derived_reference_validation.json	596	449734a2b2778deb225f62dfced378887eaa9bf13807fb3f9ba4db62ca3c2c73	449734a2b2778deb225f62dfced378887eaa9bf13807fb3f9ba4db62ca3c2c73	False	File_S7_Tchinensis_expression_context_20260909.zip
modules/S7/跨物种表达_实施_20260909/reference_audit/finalize_reference_manifest.py	1748	92e8d91126c87c01cad90eb15c598bb4ac36d85089d8522a63c12d1c9798d39d	92e8d91126c87c01cad90eb15c598bb4ac36d85089d8522a63c12d1c9798d39d	False	File_S7_Tchinensis_expression_context_20260909.zip
modules/S7/跨物种表达_实施_20260909/reference_audit/five_translation_mismatches_explained.tsv	937	477bbb72416e133c6854920c787e908b419706606bbf35a67c2eafa77dacbd45	7fd85d6267c73f7fbfc18955c2a779cefb8a93e746d71473eaaf7f4bf202762d	True	File_S7_Tchinensis_expression_context_20260909.zip
modules/S7/跨物种表达_实施_20260909/reference_audit/gene_reference_and_expression_crosswalk.tsv	4103309	bc08c7e39ebc6deb4f1078fa7234f4831e63c81d5d9a65913656e3cc3f152f39	f5b795dce037c30775b46c9a1a8596adfe2d83fc19d35077a0dd1fa6c908838d	True	File_S7_Tchinensis_expression_context_20260909.zip
modules/S7/跨物种表达_实施_20260909/reference_audit/initial_reference_inspection.json	4228	810027537debef87b7c6cca922c56e5e3dc3bf067814415e4c559c9f7523a9c7	810027537debef87b7c6cca922c56e5e3dc3bf067814415e4c559c9f7523a9c7	False	File_S7_Tchinensis_expression_context_20260909.zip
modules/S7/跨物种表达_实施_20260909/reference_audit/official_CDS_tx2gene.tsv	3874185	0d440986acd8df633047245fc18ae527c9581f975f32d02b23d1454d1c974ebe	2a0a01d9656312e94b71baf29096db0dc43ee05a6dad195cf123a69dae8c4faf	True	File_S7_Tchinensis_expression_context_20260909.zip
modules/S7/跨物种表达_实施_20260909/reference_audit/official_downloads_verified.json	2845	61835619ce38880544f0fce7f6403780e3b2ab00c594f0212f2d8ce65ab74b20	61835619ce38880544f0fce7f6403780e3b2ab00c594f0212f2d8ce65ab74b20	False	File_S7_Tchinensis_expression_context_20260909.zip
modules/S7/跨物种表达_实施_20260909/reference_audit/official_protein_tx2gene.tsv	1616249	b142a112ca43c4ec1f35248adf59d8808baec17c3a3c8490e419c89baaa6bbc1	76fdd88291dbc8922b62444fa59d5b1e98ebb9dcde57c0e9b473f22c72142cee	True	File_S7_Tchinensis_expression_context_20260909.zip
modules/S7/跨物种表达_实施_20260909/reference_audit/official_tx2gene.tsv	1061614	73551fdd052ceede0bcbb60088e7075f4a7f218a648feb00692f75b930d850e2	5704a9d804d65990b788f15db03e51bf9755e09e5e634c0f1bf7536a4b28dd40	True	File_S7_Tchinensis_expression_context_20260909.zip
modules/S7/跨物种表达_实施_20260909/reference_audit/quantification_GFF_removed_features.tsv	969	10236c9602f24526a5ee7b5d4f729d3517b943b024ecdccbdfa363563186e66c	7bf5e325e85b99fbed2c77c4a83eac898a3d4b881c317f3d66f28a25b16098cd	True	File_S7_Tchinensis_expression_context_20260909.zip
modules/S7/跨物种表达_实施_20260909/reference_audit/PREPUBLICATION_reference_delivery_SHA256.tsv	3029	69ee50cc523cd1df7c9f0b306aae402147ae7fa08e5c84a2efbb10090a868698	61160f705deb388085192e32fae68571f9b2c990ea532ebee0ea49bac989701e	True	File_S7_Tchinensis_expression_context_20260909.zip
modules/S7/跨物种表达_实施_20260909/reference_audit/reference_validation.json	1931	6d14b0bffe724caf99e4d70395c902f5c3f1296081b8cdce9069e731955d0fe5	6d14b0bffe724caf99e4d70395c902f5c3f1296081b8cdce9069e731955d0fe5	False	File_S7_Tchinensis_expression_context_20260909.zip
modules/S7/跨物种表达_实施_20260909/reference_audit/remote_exon_reconstruction_audit.json	114	7bbc03658532bed419f4e95d994084d4f9c5107f4173a270b81432b0a60c9a8a	7bbc03658532bed419f4e95d994084d4f9c5107f4173a270b81432b0a60c9a8a	False	File_S7_Tchinensis_expression_context_20260909.zip
modules/S7/跨物种表达_实施_20260909/reference_audit/remote_genome_download_status.json	549	564497c67f23f0ef3141343c54e99a99a6e3a5d3e8c9f0aa72c2853753cd4770	564497c67f23f0ef3141343c54e99a99a6e3a5d3e8c9f0aa72c2853753cd4770	False	File_S7_Tchinensis_expression_context_20260909.zip
modules/S7/跨物种表达_实施_20260909/reference_audit/remote_reference_QC.json	879	71ef46b0663ed6c60181fd554808d6a5da8dee0a2b22e250fab3c80ef73f539a	71ef46b0663ed6c60181fd554808d6a5da8dee0a2b22e250fab3c80ef73f539a	False	File_S7_Tchinensis_expression_context_20260909.zip
modules/S7/跨物种表达_实施_20260909/reference_audit/remote_reference_QC_source_manifest.json	1060	72ad2e4ea3376a5e814a4cb7ad400597c9bee5659f1b8261f0c75e5c37f83bec	fbd6779c9935b97add4eb78b91390072d1d54e8eeb98e1a4eebbb240dd0b0e50	True	File_S7_Tchinensis_expression_context_20260909.zip
modules/S7/跨物种表达_实施_20260909/reference_audit/PREPUBLICATION_source_provenance_SHA256.tsv	1597	1c041a41b2b87866f08506d86bd922fd46fff6993c972a84e0b7b6b0887b857b	e4a82c39314fcb1004e7e29564d7287ff1ee6049ec57537c8b0be063c54f28e7	True	File_S7_Tchinensis_expression_context_20260909.zip
modules/S7/跨物种表达_实施_20260909/reference_audit/transcript_reference_QC.tsv	14006724	cedc9e3bf19a11ed980e895ff653c5b71369013160b138eaf782551d3c9663b7	dd454e01612119dc850b2c16e9fa7456b11d65df6d05cc00e6b3ac76360911c3	True	File_S7_Tchinensis_expression_context_20260909.zip
modules/S7/跨物种表达_实施_20260909/reference_audit/transcript_reference_QC_exceptions.tsv	5846927	1f4c8bd8309a5c9943d3d1062636860fc3cf69ac69ab9c99b6c6a46a70f2f4a7	9887aa056c6adb494823fb6568c466c5cdf7631a5e034241cd4cafff82b04742	True	File_S7_Tchinensis_expression_context_20260909.zip
modules/S7/跨物种表达_实施_20260909/reference_audit/validate_official_reference.py	12768	a82562fcbe3ac7080f7911d11ed0291ccf411b29864f695f8fed0ab4b65128d0	111e71f4c1345938046f2fa411edd35b49663d079dd6118ca40948d661c68e82	True	File_S7_Tchinensis_expression_context_20260909.zip
modules/S7/跨物种表达_实施_20260909/results/Rso_66_native_study_context.tsv	56997	1b01ea0561a83ce95a387c4e33bf9746e23025a065c0b7d26a793744fcca1811	317c869029d6b928e7383190afd35a9f7b8c51e9792847786c3935fcb9040aed	True	File_S7_Tchinensis_expression_context_20260909.zip
modules/S7/跨物种表达_实施_20260909/results/S17_numeric_rows_reanalysis_concordance_QC.tsv	1165956	835e42bd897e2f18b1bf29c06e2463cfc893dfc0da092f4365133b956a320d41	bbaee42c96d2e6e54790cfbd4598948f91dc209a21093d8eec611023f17dc228	True	File_S7_Tchinensis_expression_context_20260909.zip
modules/S7/跨物种表达_实施_20260909/results/S17_original_columns.json	179	803aebf4ec6b54f012fabd913fd0c42ab915d6edf029401a1814ba331dab663c	803aebf4ec6b54f012fabd913fd0c42ab915d6edf029401a1814ba331dab663c	False	File_S7_Tchinensis_expression_context_20260909.zip
modules/S7/跨物种表达_实施_20260909/results/Tchi_41_published_annotation_context.tsv	18359	0cf67bc6830a086a1616ab31c2c49c26c3dad8af6049e351e1538071ee0da9b6	8d4b6008a7bf602d667a9994fdd843d3d8fded2528c7fb6cbcbf6b8d4d57b71a	True	File_S7_Tchinensis_expression_context_20260909.zip
modules/S7/跨物种表达_实施_20260909/results/context_build_validation.json	822	acb3fc6c0da2b6df87d2beb245ac2e828036501a8b2d3db001b148806fdf8811	acb3fc6c0da2b6df87d2beb245ac2e828036501a8b2d3db001b148806fdf8811	False	File_S7_Tchinensis_expression_context_20260909.zip
modules/S7/跨物种表达_实施_20260909/results/cross_study_context_long.tsv	47542	2e1f7c4eb9de86a0c244723c74121de5a8c5dbe8938516c848942df469861a6e	4de3ab3924cf8f4d45c1bce915fd7a11f6a097f202a63b2090a6bd6332522090	True	File_S7_Tchinensis_expression_context_20260909.zip
modules/S7/跨物种表达_实施_20260909/results/descriptive_counts_with_scope.tsv	1473	19ce8db3365f9607c82546ef7003c370a5cfec8747365677117bca8c724c92f2	4e1bbfe2f427c14dbef976fc9793f3bf76aeae3139f822c5a10f579cb3597990	True	File_S7_Tchinensis_expression_context_20260909.zip
modules/S7/跨物种表达_实施_20260909/results/independent_result_QA.json	1240	c2e7f9c90d36feb04ecfff87242ad41f895ccf7590c4f0c7ad71ced58bf8a09c	c2e7f9c90d36feb04ecfff87242ad41f895ccf7590c4f0c7ad71ced58bf8a09c	False	File_S7_Tchinensis_expression_context_20260909.zip
modules/S7/跨物种表达_实施_20260909/rso_inputs/M6_seven_excluded_from_expression.tsv	736	4fb0780321435af514fce133b5e77425e28b1caac7b26afb3d6e970cd8fe33b5	d41562e89369618443edb1d67ad7cf4a58fe1af29decf644f3a3696a7460c75a	True	File_S7_Tchinensis_expression_context_20260909.zip
modules/S7/跨物种表达_实施_20260909/rso_inputs/Rso_primary66_existing_DE.tsv	57056	accd83fa740ddfd608e9677a608b02fcde597ff8e3f87425ff20321f2ba92cb0	8213f96a4261a27a1e2a834b71b8f3c444c35f12d59858ff31b3108b29c3d338	True	File_S7_Tchinensis_expression_context_20260909.zip
modules/S7/跨物种表达_实施_20260909/rso_inputs/Rso_primary66_identifiers.tsv	11201	82ee29c1b93d031737c4795cc992eee4cc2e7600ef4ea4e9f70c4e1a8a4ec616	ac3355d80137347300f7e54a5f4716c111824faf4d4d97a347a9d947bb6a9246	True	File_S7_Tchinensis_expression_context_20260909.zip
modules/S7/跨物种表达_实施_20260909/rso_inputs/input_source_hashes.json	920	de44a2cd17e330a01fa9163b59443d8e7240271cfff8f3e3ea25d617f7149a3f	98f1740e0ae30d56b1452dc6779e8b79401fbfa9a80cda1159316b5d76733c73	True	File_S7_Tchinensis_expression_context_20260909.zip
modules/S7/跨物种表达_实施_20260909/scope_review/PREPUBLICATION_scope_review_SHA256.tsv	336	7342d796248e88574c915876829fe7ac247fdfcb89d66c96bdd29637719f39b3	496f0b49605a13675ad6d9bd0859e5e5beae6d6da413a6f6a0c6a2791c3f30e4	True	File_S7_Tchinensis_expression_context_20260909.zip
modules/S7/跨物种表达_实施_20260909/scope_review/scope_review_status.json	479	1c179f2c40f76eb24eaaa70497ffb2e1b35ad914e88d0b7271d14e583af9e140	1c179f2c40f76eb24eaaa70497ffb2e1b35ad914e88d0b7271d14e583af9e140	False	File_S7_Tchinensis_expression_context_20260909.zip
modules/S7/跨物种表达_实施_20260909/scope_review/固定41条_呈现范围审阅.tsv	12421	b411aeb5fe9648a2051a211584fda0ecefbb3a7954cde7af9f569647d7e100c0	91b9fa3ba9c30f37d33d9d273f2437aa031b1f4d8a7def827bd0abe1a79cafc8	True	File_S7_Tchinensis_expression_context_20260909.zip
modules/S7/跨物种表达_实施_20260909/scope_review/科学范围复核_最小可成立呈现.md	5994	9b3cddc51cc2079481aefc63c9575f92c030b89e7e8b09b6436dbf928537a40e	9b3cddc51cc2079481aefc63c9575f92c030b89e7e8b09b6436dbf928537a40e	False	File_S7_Tchinensis_expression_context_20260909.zip
modules/S7/跨物种表达_实施_20260909/scripts/build_supplement_stage.py	22609	8faf3b538f5ed5a5d3a147bd8003df980f0a65e76d3adc8a80a9bda74e407a96	e146fd7cc989ea02f17c24b1c9d9f20ec2a4b8fb967fc3e1afd70b33274281f1	True	File_S7_Tchinensis_expression_context_20260909.zip
modules/S7/跨物种表达_实施_20260909/scripts/repack_final_file_s7.py	15724	c10a6d2c35fe1db0c19a06c8d417baf192df4b96fb1b2c38c564cc50c72c5208	c10a6d2c35fe1db0c19a06c8d417baf192df4b96fb1b2c38c564cc50c72c5208	False	File_S7_Tchinensis_expression_context_20260909.zip
modules/S7/跨物种表达_实施_20260909/tables/S40_TchiSampleProvenance.tsv	4847	277a9806a02fa79df638b2c24076f588a975ef213e1f6f45a4c558bc8ae28836	426b1350dffaf93f70f928f14340d72380711ef50132452d4c8b138aff8146dd	True	File_S7_Tchinensis_expression_context_20260909.zip
modules/S7/跨物种表达_实施_20260909/tables/S41_TchiPublishedAnnotations.tsv	17561	90092a76f00a30fc24cf7f5a98727d0c59abec44e8ce06cf9b11f8667d720a40	66bf8f94267bed12b1c2046a7d02acb1345fe2bce671575ef6308378d379e0fe	True	File_S7_Tchinensis_expression_context_20260909.zip
modules/S7/跨物种表达_实施_20260909/tables/S42_TchiSelectedExpression.tsv	15910	314ea346ce2e298e1427acf57538589a1e5a1424fe816aeadf7eacd7c4425e49	506880354cd4eb4fd66dc863b66e52e49999b3958ba0f8715045e72e277d838a	True	File_S7_Tchinensis_expression_context_20260909.zip
modules/S7/跨物种表达_实施_20260909/tables/S43_TchiSampleQC.tsv	7919	cf289938a004dec353def31b1a1b7f21d9ef1c4f836eeb1d20d81502715fdad6	4682234bb2904b91862e79720e9ac65c521d418778bfcb0cfec6950064ba38e5	True	File_S7_Tchinensis_expression_context_20260909.zip
modules/S7/PREPUBLICATION_MANIFEST_SHA256.tsv	48797	df3d79e87d40b15b9a52b059eee49c68daeaa26de63c87de421e0664f4ac27d5	6d15b15a169e986d08181153a0478c432ac87176d069b3e14e725f96cc6d777d	True	File_S7_Tchinensis_expression_context_20260909.zip
modules/S8/README.md	7901	8e9a309dd0b13163abc537440d72c39acafcbcbd597357021e2778dadcd1e88b	e51e3e5162ae6f695838cd10f9ce73c1af7b42067781e23dca7cbbac6fa1ad75	True	File_S8_catalogue_synced_figures_20260909.zip
modules/S8/analysis/系统树_F2/audit_updated_phylogeny.py	16874	e2a14305b4019ae4ff079ccfdca844e78a5dca33aaa369d29afcaced728871fa	e2a14305b4019ae4ff079ccfdca844e78a5dca33aaa369d29afcaced728871fa	False	File_S8_catalogue_synced_figures_20260909.zip
modules/S8/analysis/系统树_F2/build_stage_copy_manifest.py	2002	6908cc38245aefa2fd7d3c161c03f8aec899f8aa7e323041103204a0008a5ba1	6908cc38245aefa2fd7d3c161c03f8aec899f8aa7e323041103204a0008a5ba1	False	File_S8_catalogue_synced_figures_20260909.zip
modules/S8/analysis/系统树_F2/Captions_Methods_Results_EN.md	11848	16d3d31b8b6715e9641d19725f03f76f1888304a74d778b23326740833f7a9fe	16d3d31b8b6715e9641d19725f03f76f1888304a74d778b23326740833f7a9fe	False	File_S8_catalogue_synced_figures_20260909.zip
modules/S8/analysis/系统树_F2/capture_historical_configuration.py	1207	46ba8cbca970d985e401ea5bf898a3f4a930cc5bde842bcfbf1c9915f1c0e53a	b5a1f2aca613d65d0eb5dd0ccd7cdc84f9a7a22fb20ce5377a3b853c6e9feaea	True	File_S8_catalogue_synced_figures_20260909.zip
modules/S8/analysis/系统树_F2/collection_status.json	24698	410941892aa5332bd7c69aafa65b0051170985278fff42177912ed5bdee7ea87	410941892aa5332bd7c69aafa65b0051170985278fff42177912ed5bdee7ea87	False	File_S8_catalogue_synced_figures_20260909.zip
modules/S8/analysis/系统树_F2/collect_completed_trees.py	2341	bdd01d5b012ce0602d8a4bf98e3a7b8b1e9036459299f52c4ad63ef9e813a1db	2d79cafa33e92ebb8a3240afe78d0c1a58c7d830f5e05068e8978d9a35918921	True	File_S8_catalogue_synced_figures_20260909.zip
modules/S8/analysis/系统树_F2/dispatch.json	89	5eaa79ed8cc72ae00f030bd1629dcdeb9a690c41547a7f680c768c4a9afdea3c	c31e25dc4338de5fe73bfe38902e6f3f5d9383c37f6b35a504e8096b97ee4b76	True	File_S8_catalogue_synced_figures_20260909.zip
modules/S8/analysis/系统树_F2/F2_S1_S7_S8_replacement_tables.xlsx	284448	8bb581b6152229e9e1bf57fede1aa3c1c92899883779471257ef1f224fc86d14	247a20cfe4ab9310f56c90512299b9f0045699f7a5e8822b9f25c2b6675bb2d3	True	File_S8_catalogue_synced_figures_20260909.zip
modules/S8/analysis/系统树_F2/finalize_phylogeny_delivery.py	21013	fc47b97c84018384c7128e6920f93e000d751f215a39f8d7c79598dfb2b4b5de	fc47b97c84018384c7128e6920f93e000d751f215a39f8d7c79598dfb2b4b5de	False	File_S8_catalogue_synced_figures_20260909.zip
modules/S8/analysis/系统树_F2/final_integration.json	16424	0b6edf255c49d8a0dea707b147d942357e92dc46f18ebdb2cd3f7ba2274cc18e	d430dae08a2b742b65535883783b693ad1253f3a3166b5761b848deb50545a50	True	File_S8_catalogue_synced_figures_20260909.zip
modules/S8/analysis/系统树_F2/historical_20260902_commands_verified.json	8175	c3a2dc2b90c5e18b241359f6ca215b3fdad63de4cbdbe6c44f782a1be15a47dc	eab64b99a6ea92e34b8f6883c3f77332ca15d809e0cbffda74860b0d62c07b08	True	File_S8_catalogue_synced_figures_20260909.zip
modules/S8/analysis/系统树_F2/input_summary.json	805	3aa6767813dcd18303bdab73f4ad372f68de0d110164cbd8aece45b1d0a3ee0d	3aa6767813dcd18303bdab73f4ad372f68de0d110164cbd8aece45b1d0a3ee0d	False	File_S8_catalogue_synced_figures_20260909.zip
modules/S8/analysis/系统树_F2/PREPUBLICATION_MANIFEST_SHA256.tsv	32704	d443edd51f55a8a61c945afce75f9d4700387c70d3f6628b9a23f08397ccb36e	8a8f49f6891d321064c0358d2048cf0c0faf7e41a6ca8e74e0e932193f8da189	True	File_S8_catalogue_synced_figures_20260909.zip
modules/S8/analysis/系统树_F2/parallel_resume_dispatch.json	279	e19dceb596a7f2b67362d548dca48ab3a93bafb53778928c43242570c3d96d0e	c0cb47156e8314d983dab53883124267a1a82c1215ae051a6bb6af05a7701b11	True	File_S8_catalogue_synced_figures_20260909.zip
modules/S8/analysis/系统树_F2/per_strategy_dispatch.json	336	bd3a08de326df37281a53ca0cefd513b4f973130af57849e60611417343b3885	d3a77f3d1bbf944cebcf19c582e51fefc3fb25f489b3f6fff07859e255714dc6	True	File_S8_catalogue_synced_figures_20260909.zip
modules/S8/analysis/系统树_F2/plot_updated_key_clades.py	8102	361253330b6273de223c8a5ce8b14fff339a02293577b3d557a913b7e60340fe	361253330b6273de223c8a5ce8b14fff339a02293577b3d557a913b7e60340fe	False	File_S8_catalogue_synced_figures_20260909.zip
modules/S8/analysis/系统树_F2/preview_completed_families.py	2618	14bce1a38a87d13ee4ee10bd236af34e7461326d8fb3cdf8261c81fef0708ee4	14bce1a38a87d13ee4ee10bd236af34e7461326d8fb3cdf8261c81fef0708ee4	False	File_S8_catalogue_synced_figures_20260909.zip
modules/S8/analysis/系统树_F2/preview_nsltp_source_layout.py	1731	159cd7c2cd288e8a956919c5e59ad30365a503bc114f42b17362f0bed92aa281	159cd7c2cd288e8a956919c5e59ad30365a503bc114f42b17362f0bed92aa281	False	File_S8_catalogue_synced_figures_20260909.zip
modules/S8/analysis/系统树_F2/README_交付与范围.md	786	b60510e8c10ca31cd29747829290ee8f41eab2604870d02a3cce63315e94ea2b	b60510e8c10ca31cd29747829290ee8f41eab2604870d02a3cce63315e94ea2b	False	File_S8_catalogue_synced_figures_20260909.zip
modules/S8/analysis/系统树_F2/runner_per_strategy.py	1470	de6e8d449963ba3977033096f56b2ca097eeb50bf43cff6cf365a7deb036a005	2363409b896ab289810b7145244ef5fd00b5c5887d42492775df54ddef53baee	True	File_S8_catalogue_synced_figures_20260909.zip
modules/S8/analysis/系统树_F2/runner_remote.py	1572	cfae2b785bc4fcdfac0c4bc4ca75d3bd26c11cc10312d99a0e46fb7ca3211fc7	b42a41a8e3aa25daf8e73072d5ab15ba5d6a480ff7c6a22a762a8d6dcbf15757	True	File_S8_catalogue_synced_figures_20260909.zip
modules/S8/analysis/系统树_F2/runner_remote_resumed.py	1740	4afac28ca325f30c91faf61210ca67b1c1c1f575a40573d5a36e952afac99552	9abd439ca86e094c9cc0f1877668509bfa2f634e8005c19489215cc2db4203fd	True	File_S8_catalogue_synced_figures_20260909.zip
modules/S8/analysis/系统树_F2/software_versions_verified.txt	436	e0edfb65bf1ee4080fdbe8d5756c70fb4b442b0deb7a0a1c4d3bce13cf3cc918	8fa10ea34935f0c3e7a7993becde468010369e359da66875fa2dda535a8aabed	True	File_S8_catalogue_synced_figures_20260909.zip
modules/S8/analysis/系统树_F2/taxon_metadata.tsv	81285	edd70d3294e9d09189d772672bb0dd9064ac04a70feeecb97315eb597f32aa15	edd70d3294e9d09189d772672bb0dd9064ac04a70feeecb97315eb597f32aa15	False	File_S8_catalogue_synced_figures_20260909.zip
modules/S8/analysis/系统树_F2/collected/commands.json	3907	fbb81b566a5a4ca3191d90c2e738913398fc40168b4535c9ee91aa0ce38b941a	91bd71c84fe7cc55641619db175091323bb68b8a619cc00e8bdc30407ffcd0ab	True	File_S8_catalogue_synced_figures_20260909.zip
modules/S8/analysis/系统树_F2/collected/runner.py	1544	1771ce4d916cf1815e72aecd63190431e77d00d378c4314406c2eb8e61df5eeb	0ad8afcf414b8327bbed76f8e654cf5e1c6f1d6c2403468573a73af52a629fc8	True	File_S8_catalogue_synced_figures_20260909.zip
modules/S8/analysis/系统树_F2/collected/runner_per_strategy.py	1443	aaa2d0103cf17a843352c8677733207a673bbb106fd23703bc673cd58311ed32	0a41ac8a14c91a055e9135940f5bb683a82fe80bac85f17e4ae387a13630d249	True	File_S8_catalogue_synced_figures_20260909.zip
modules/S8/analysis/系统树_F2/collected/status.json	488	39774aad65f86ce338d3b866574706e49fd9561916bb055bc3d3db911cb0fcd2	39774aad65f86ce338d3b866574706e49fd9561916bb055bc3d3db911cb0fcd2	False	File_S8_catalogue_synced_figures_20260909.zip
modules/S8/analysis/系统树_F2/Defensin/Defensin.core.faa	7126	8f7ccba8d120a2babfa91c421dbb9411e28df3c5b04cd7d22582ffa97d8191e9	8f7ccba8d120a2babfa91c421dbb9411e28df3c5b04cd7d22582ffa97d8191e9	False	File_S8_catalogue_synced_figures_20260909.zip
modules/S8/analysis/系统树_F2/Defensin/Defensin.full.faa	9245	9d1bc64b82eba174317c6f03c79abe3cf2a3ec15e16672eec22c9313a14055d7	9d1bc64b82eba174317c6f03c79abe3cf2a3ec15e16672eec22c9313a14055d7	False	File_S8_catalogue_synced_figures_20260909.zip
modules/S8/analysis/系统树_F2/layout_proofs_completed_families/Defensin_completed_family_layout.png	163392	5cde144836263a852831b9b7af38712c1069f28586a7bbebe7e5525a216f0451	5cde144836263a852831b9b7af38712c1069f28586a7bbebe7e5525a216f0451	False	File_S8_catalogue_synced_figures_20260909.zip
modules/S8/analysis/系统树_F2/layout_proofs_completed_families/nsLTP_source_layout_no_group_decisions.png	450813	76d854cac6d4cc83fad1ebacc2421c451564cae1c6735c01af4ae98af149ec80	76d854cac6d4cc83fad1ebacc2421c451564cae1c6735c01af4ae98af149ec80	False	File_S8_catalogue_synced_figures_20260909.zip
modules/S8/analysis/系统树_F2/layout_proofs_completed_families/Snakin_GASA_completed_family_layout.png	222893	5e8f8c28d29192ec0b69e1f51cf62cef6236db6185a721094bc3ccd981a3c7cd	5e8f8c28d29192ec0b69e1f51cf62cef6236db6185a721094bc3ccd981a3c7cd	False	File_S8_catalogue_synced_figures_20260909.zip
modules/S8/analysis/系统树_F2/Newick_iTOL/Figure2A_Defensin_primary73_key_clades.itol_labels.txt	528	333082a0204d6b841c82f29140971f3e6ac0cd838aefc1f1046e4881342b743b	333082a0204d6b841c82f29140971f3e6ac0cd838aefc1f1046e4881342b743b	False	File_S8_catalogue_synced_figures_20260909.zip
modules/S8/analysis/系统树_F2/Newick_iTOL/Figure2A_Defensin_primary73_key_clades.nwk	702	9d7b808253989163f959a6a5f37cf7363463c4452750a702a0079800add8506a	9d7b808253989163f959a6a5f37cf7363463c4452750a702a0079800add8506a	False	File_S8_catalogue_synced_figures_20260909.zip
modules/S8/analysis/系统树_F2/Newick_iTOL/Figure2B_Snakin_GASA_primary73_key_clades.itol_labels.txt	796	54b3dbff654cbab1e652dc2e371c935bfac1c698f97c115214208f2cb2693431	54b3dbff654cbab1e652dc2e371c935bfac1c698f97c115214208f2cb2693431	False	File_S8_catalogue_synced_figures_20260909.zip
modules/S8/analysis/系统树_F2/Newick_iTOL/Figure2B_Snakin_GASA_primary73_key_clades.nwk	1117	eff21a374ecc9fb3fc80adc86eff974a767be04fcaaadd8ab93846c7600468dd	eff21a374ecc9fb3fc80adc86eff974a767be04fcaaadd8ab93846c7600468dd	False	File_S8_catalogue_synced_figures_20260909.zip
modules/S8/analysis/系统树_F2/Newick_iTOL/Figure2C_nsLTP_primary73_key_clades.itol_labels.txt	1761	dda9200130290214c38097ebc486745750a5ed9d6dd7bbf64ad5db8fbf180b0c	dda9200130290214c38097ebc486745750a5ed9d6dd7bbf64ad5db8fbf180b0c	False	File_S8_catalogue_synced_figures_20260909.zip
modules/S8/analysis/系统树_F2/Newick_iTOL/Figure2C_nsLTP_primary73_key_clades.nwk	2432	039dc5e4a8522ed80d8e38996ef36f63b050a259e4944ed35a0b0adc37c143ec	039dc5e4a8522ed80d8e38996ef36f63b050a259e4944ed35a0b0adc37c143ec	False	File_S8_catalogue_synced_figures_20260909.zip
modules/S8/analysis/系统树_F2/Newick_iTOL/FigureS1A_Defensin_primary73_full.itol_labels.txt	2181	86f5829ae611c0d9e614f511fdf2e65fab4a99a0e678c6ba527453811bdb4627	86f5829ae611c0d9e614f511fdf2e65fab4a99a0e678c6ba527453811bdb4627	False	File_S8_catalogue_synced_figures_20260909.zip
modules/S8/analysis/系统树_F2/Newick_iTOL/FigureS1A_Defensin_primary73_full.nwk	4973	fdb70367dd6be7c6eb0b0792287daced1301160d8b7b8ac08768ef778e39be56	fdb70367dd6be7c6eb0b0792287daced1301160d8b7b8ac08768ef778e39be56	False	File_S8_catalogue_synced_figures_20260909.zip
modules/S8/analysis/系统树_F2/Newick_iTOL/FigureS1B_Snakin_GASA_primary73_full.itol_labels.txt	967	e1e6bfe23d814bc122e409cff4c8964139095e733738e099d177a9056629c6fa	e1e6bfe23d814bc122e409cff4c8964139095e733738e099d177a9056629c6fa	False	File_S8_catalogue_synced_figures_20260909.zip
modules/S8/analysis/系统树_F2/Newick_iTOL/FigureS1B_Snakin_GASA_primary73_full.nwk	2028	5540edcd67aaf79ba22fe6e863e7352e820a00aae66fccfddeb2930a93809413	5540edcd67aaf79ba22fe6e863e7352e820a00aae66fccfddeb2930a93809413	False	File_S8_catalogue_synced_figures_20260909.zip
modules/S8/analysis/系统树_F2/Newick_iTOL/FigureS1C_nsLTP_primary73_full.itol_labels.txt	4421	ecb9cf68f293aa0a245f3a53576b291e64ce20b295a345b60e303d00a4ca9601	ecb9cf68f293aa0a245f3a53576b291e64ce20b295a345b60e303d00a4ca9601	False	File_S8_catalogue_synced_figures_20260909.zip
modules/S8/analysis/系统树_F2/Newick_iTOL/FigureS1C_nsLTP_primary73_full.nwk	8341	02a682eda8fafc954f46a5b28299d7a5c7dc9e7c9d6de8a5cc5959ba05b9b761	02a682eda8fafc954f46a5b28299d7a5c7dc9e7c9d6de8a5cc5959ba05b9b761	False	File_S8_catalogue_synced_figures_20260909.zip
modules/S8/analysis/系统树_F2/nsLTP/nsLTP.core.faa	19294	657a62d22cead457fd3fd437de02e0723f0e83c247327568e6c6a88675c399a8	657a62d22cead457fd3fd437de02e0723f0e83c247327568e6c6a88675c399a8	False	File_S8_catalogue_synced_figures_20260909.zip
modules/S8/analysis/系统树_F2/nsLTP/nsLTP.full.faa	26656	1e33e491a2510b5dfee18fd97f0c568c3e865d287620939c25f1e57f8a71a2cf	1e33e491a2510b5dfee18fd97f0c568c3e865d287620939c25f1e57f8a71a2cf	False	File_S8_catalogue_synced_figures_20260909.zip
modules/S8/analysis/系统树_F2/Snakin_GASA/Snakin_GASA.core.faa	3732	8032ed934d778cf7ceb73d9d649bb9fa553c5b84f3ae9354b49a2f92caa7731f	8032ed934d778cf7ceb73d9d649bb9fa553c5b84f3ae9354b49a2f92caa7731f	False	File_S8_catalogue_synced_figures_20260909.zip
modules/S8/analysis/系统树_F2/Snakin_GASA/Snakin_GASA.full.faa	5537	0251a1575b5a9423def2790b1c3542694fb5a2597bef82df34b9c8ff8857eea3	0251a1575b5a9423def2790b1c3542694fb5a2597bef82df34b9c8ff8857eea3	False	File_S8_catalogue_synced_figures_20260909.zip
modules/S8/analysis/系统树_F2/style_source_snapshot/build_key_clade_figures.py	18036	32f1ab126bb9225cefacfe331d701f012b2173bb3b9f9f76a8f0e96838ff367d	32f1ab126bb9225cefacfe331d701f012b2173bb3b9f9f76a8f0e96838ff367d	False	File_S8_catalogue_synced_figures_20260909.zip
modules/S8/analysis/系统树_F2/style_source_snapshot/export_phylogeny_itol_package.py	18168	0528d7d8727017fd59c6dd31c31209c0279750c26a69575dce7fbd27236692a3	0528d7d8727017fd59c6dd31c31209c0279750c26a69575dce7fbd27236692a3	False	File_S8_catalogue_synced_figures_20260909.zip
modules/S8/analysis/系统树_F2/style_source_snapshot/plot_circular_phylogenies.py	18327	29e52a75dc2f99d818d045e20d6b1f182fe607f95359abb095a04dc89ae2001d	29e52a75dc2f99d818d045e20d6b1f182fe607f95359abb095a04dc89ae2001d	False	File_S8_catalogue_synced_figures_20260909.zip
modules/S8/analysis/系统树_F2/审核表/alignment_comparison.tsv	8691	0078786b8261dad2935c91a490804f9f7450169fa4d206e4f986507074028475	99f2dc791a1ce08b5e8c9046c5e36cb6b187678ef1d88b95b2d0bc1bcda8adb8	True	File_S8_catalogue_synced_figures_20260909.zip
modules/S8/analysis/系统树_F2/审核表/all_four_strategy_stable_split_candidates.tsv	4079	abd289b0810e443b2ba6ff1d5cef652ca68a50e4e16f15fd71dabab55eea3bfb	d36fe0e671001de1130e593a330288dfec47af20f94224d29d99fc25c1c24754	True	File_S8_catalogue_synced_figures_20260909.zip
modules/S8/analysis/系统树_F2/审核表/audit_status.json	7004	a42e47a6efa0d698299916fdd71e7837491295b68c1db641306922a47676c1f4	a42e47a6efa0d698299916fdd71e7837491295b68c1db641306922a47676c1f4	False	File_S8_catalogue_synced_figures_20260909.zip
modules/S8/analysis/系统树_F2/审核表/completed8_before_remaining_strategy_reschedule.tsv	5971	850ca548b01507a1079a9f17c74557ff8045c76f999476b4777c07a80f14db67	e87c48d7ee88e387344387570adf330bbe87f708f3437b1920f7a5a26d3f7a7b	True	File_S8_catalogue_synced_figures_20260909.zip
modules/S8/analysis/系统树_F2/审核表/figure_QA.json	2804	148b33ae6b7721adec156553a4c0a7aca0e8b13231185fde71a4718e020815dc	148b33ae6b7721adec156553a4c0a7aca0e8b13231185fde71a4718e020815dc	False	File_S8_catalogue_synced_figures_20260909.zip
modules/S8/analysis/系统树_F2/审核表/figure_QA_main.json	3085	508460d20dbc67d33d84cd32fa4755807840becb0b777035d93d6001a8865b0c	508460d20dbc67d33d84cd32fa4755807840becb0b777035d93d6001a8865b0c	False	File_S8_catalogue_synced_figures_20260909.zip
modules/S8/analysis/系统树_F2/审核表/figure_QA_supplement.json	2995	7fa22f1f5a457a6d1b7d7e9b5d6be951bb530cdf36ac82e16bc6e88cec8814e6	7fa22f1f5a457a6d1b7d7e9b5d6be951bb530cdf36ac82e16bc6e88cec8814e6	False	File_S8_catalogue_synced_figures_20260909.zip
modules/S8/analysis/系统树_F2/审核表/figure_source_manifest.tsv	561	38784100ec9fe97d030cb9d6ff47bf2aa27980ca7bbb240612079cc861f1fe20	38784100ec9fe97d030cb9d6ff47bf2aa27980ca7bbb240612079cc861f1fe20	False	File_S8_catalogue_synced_figures_20260909.zip
modules/S8/analysis/系统树_F2/审核表/final_QA.json	2245	85d504853d92c77ab2cd4c4d4516612c6e7417916ea3fa6df0b9cac616045ac5	85d504853d92c77ab2cd4c4d4516612c6e7417916ea3fa6df0b9cac616045ac5	False	File_S8_catalogue_synced_figures_20260909.zip
modules/S8/analysis/系统树_F2/审核表/historical_vs_current_configuration.tsv	11759	7e8fb40809e6b928658611f7e64bec2681021cdc72d354f57d2ded574d7e91ec	b20184cec1e2bd8bced128b3eb456b6208b7cb693b64ae78406469e123e7ff77	True	File_S8_catalogue_synced_figures_20260909.zip
modules/S8/analysis/系统树_F2/审核表/key_branch_evidence.tsv	4079	68cc70b7dd63de6f09e74b69212091d486a1a8c686bb9405c8b58e549f72fe5b	692b7da5466b8ca7f4cde1a33e275cef48c6391c270305a8040c427b185ffd96	True	File_S8_catalogue_synced_figures_20260909.zip
modules/S8/analysis/系统树_F2/审核表/legacy_group_reassessment.tsv	1657	da8e4c23bf54c8c9d8675a917c30f5f00f6b33ff8c6e856cee2798c13b7ca727	9cc074530bcf58bcd40243e6b43192968079a96cfd439c4d3c8bf9636552fa71	True	File_S8_catalogue_synced_figures_20260909.zip
modules/S8/analysis/系统树_F2/审核表/legacy_group_strategy_support.tsv	10214	1d4603fc2b1163884b457881292f96f6eb4b18267f90c131c66d083688a13bc8	df80e531b668f34978784c6b9d38a5c3f48be289178993e0f372d865c9d3f1cd	True	File_S8_catalogue_synced_figures_20260909.zip
modules/S8/analysis/系统树_F2/审核表/primary73_group_mapping.tsv	6527	2f841493c544364ff7c4d1cd48f74b426976528b4b0d1bea3b79065536eeb4bf	75b78e3bc607b9d5d80363420fc1d9581d1d95c72b325517c6a15dc9a7c14067	True	File_S8_catalogue_synced_figures_20260909.zip
modules/S8/analysis/系统树_F2/审核表/rso_phylogenetic_placement_summary.tsv	6486	18ca651960a1533e7328ae23f29a536a9193fce85764f60d30148d62785fed98	43f5f0cdfd0ac52917dd7703aabef06207f74895960fd8c6ae72a4feeffad052	True	File_S8_catalogue_synced_figures_20260909.zip
modules/S8/analysis/系统树_F2/审核表/S7_PhyloGroups.tsv	12669	44cbb72cb48846d0d75d36cd205369171caee9351fe337ec4ceb7dd9f07fb501	7d6654ea7e1c350d915cd5d004b5cc5c68991eba77bdf5d88f4269230c328f45	True	File_S8_catalogue_synced_figures_20260909.zip
modules/S8/analysis/系统树_F2/审核表/S8_PhyloSupport.tsv	2759512	7e016804b88759bbcbdbad9dadaa3e5a2448695efbaaecbaf85e99e164c683ab	adb42b608036cb3b5b250e93948d652139101a32647e1f5062ef96f894585a8b	True	File_S8_catalogue_synced_figures_20260909.zip
modules/S8/analysis/系统树_F2/审核表/taxon_metadata_verified_sequences.tsv	205842	f57c33c27e3cd60f51b3ab755242d6e4394295f4cbc316d8d9204072b3377f14	db830666a58623dc2f5697b31938a9199ce72c23fd580af958645b5ead5ac8bd	True	File_S8_catalogue_synced_figures_20260909.zip
modules/S8/analysis/系统树_F2/审核表/tip_label_key.tsv	83387	292702a2919ba6836c51420330ad2486d4c133ed2fdeb83d5a7b238fe1f9f801	292702a2919ba6836c51420330ad2486d4c133ed2fdeb83d5a7b238fe1f9f801	False	File_S8_catalogue_synced_figures_20260909.zip
modules/S8/analysis/系统树_F2/图件/Editable_SVG/Figure2A_Defensin_primary73_key_clades.svg	34343	15d5a40a0341e5971bf39d287971b6a70fd0f2b1af487ccf775c5fb869303809	15d5a40a0341e5971bf39d287971b6a70fd0f2b1af487ccf775c5fb869303809	False	File_S8_catalogue_synced_figures_20260909.zip
modules/S8/analysis/系统树_F2/图件/Editable_SVG/Figure2B_Snakin_GASA_primary73_key_clades.svg	47234	ad1594c6e3fccce21d775761e8dccc2e96cb45b9c68f76abb2fe9e7c69ea2665	ad1594c6e3fccce21d775761e8dccc2e96cb45b9c68f76abb2fe9e7c69ea2665	False	File_S8_catalogue_synced_figures_20260909.zip
modules/S8/analysis/系统树_F2/图件/Editable_SVG/Figure2C_nsLTP_primary73_key_clades.svg	99252	185028701bc3f6f0c8f5b5594367270b664d76edaef4fa450516951c828f0e1c	185028701bc3f6f0c8f5b5594367270b664d76edaef4fa450516951c828f0e1c	False	File_S8_catalogue_synced_figures_20260909.zip
modules/S8/analysis/系统树_F2/图件/Editable_SVG/Figure2_combined_primary73_key_clades.svg	175702	9808f9b3eb1e7dfab8176d68df4509344cb7da195aa810911819d5db3fbf6f26	9808f9b3eb1e7dfab8176d68df4509344cb7da195aa810911819d5db3fbf6f26	False	File_S8_catalogue_synced_figures_20260909.zip
modules/S8/analysis/系统树_F2/图件/Editable_SVG/FigureS1A_Defensin_primary73_full.svg	377793	444f8010d26912407a8c0d2410615a844259b3db930afb147ebf3e75bbfce252	444f8010d26912407a8c0d2410615a844259b3db930afb147ebf3e75bbfce252	False	File_S8_catalogue_synced_figures_20260909.zip
modules/S8/analysis/系统树_F2/图件/Editable_SVG/FigureS1B_Snakin_GASA_primary73_full.svg	146110	d372f8c440ef32bc27129a797dd103b635d3e68d92cf84ef2fccfd306d63bb58	d372f8c440ef32bc27129a797dd103b635d3e68d92cf84ef2fccfd306d63bb58	False	File_S8_catalogue_synced_figures_20260909.zip
modules/S8/analysis/系统树_F2/图件/Editable_SVG/FigureS1C_nsLTP_primary73_full.svg	548528	69289f44f6cfda9554dba528e6915e0946a4726a3377d040f7c830701c04e722	69289f44f6cfda9554dba528e6915e0946a4726a3377d040f7c830701c04e722	False	File_S8_catalogue_synced_figures_20260909.zip
modules/S8/analysis/系统树_F2/图件/High_Resolution_PNG/Figure2A_Defensin_primary73_key_clades.png	1262701	fdcc1f15a089949a0f6b09f9a7efd10f76f6c91ee379270f226714c1c9735c7e	fdcc1f15a089949a0f6b09f9a7efd10f76f6c91ee379270f226714c1c9735c7e	False	File_S8_catalogue_synced_figures_20260909.zip
modules/S8/analysis/系统树_F2/图件/High_Resolution_PNG/Figure2B_Snakin_GASA_primary73_key_clades.png	1693656	4d86a210c64ba2ca3abfa9d98caa17716c47cb263b6876201518205c1b411a35	4d86a210c64ba2ca3abfa9d98caa17716c47cb263b6876201518205c1b411a35	False	File_S8_catalogue_synced_figures_20260909.zip
modules/S8/analysis/系统树_F2/图件/High_Resolution_PNG/Figure2C_nsLTP_primary73_key_clades.png	2593052	cc850674267f6cddfd9c959eff02192cef4c41f3c0ad9e31364dda31e26a3d5e	cc850674267f6cddfd9c959eff02192cef4c41f3c0ad9e31364dda31e26a3d5e	False	File_S8_catalogue_synced_figures_20260909.zip
modules/S8/analysis/系统树_F2/图件/High_Resolution_PNG/Figure2_combined_primary73_key_clades.png	3553592	45d70fad69cfbba8b0add26d58692406063ead52063a5f402072285e746ca06f	45d70fad69cfbba8b0add26d58692406063ead52063a5f402072285e746ca06f	False	File_S8_catalogue_synced_figures_20260909.zip
modules/S8/analysis/系统树_F2/图件/High_Resolution_PNG/FigureS1A_Defensin_primary73_full.png	3202914	1083c3f24dafe063b66c91eac8931aec18cb5f0c702e452e7eeadb4bcd9ff3e3	1083c3f24dafe063b66c91eac8931aec18cb5f0c702e452e7eeadb4bcd9ff3e3	False	File_S8_catalogue_synced_figures_20260909.zip
modules/S8/analysis/系统树_F2/图件/High_Resolution_PNG/FigureS1B_Snakin_GASA_primary73_full.png	2058030	bf5d0a8a33ac3aa823be417de524607164f9b31da692d9f0174fb6ab2a5e49ec	bf5d0a8a33ac3aa823be417de524607164f9b31da692d9f0174fb6ab2a5e49ec	False	File_S8_catalogue_synced_figures_20260909.zip
modules/S8/analysis/系统树_F2/图件/High_Resolution_PNG/FigureS1C_nsLTP_primary73_full.png	4331327	3f0a7380a2983a153e012759f38af312cf46864b13febaeaf5eb3641ee04129b	3f0a7380a2983a153e012759f38af312cf46864b13febaeaf5eb3641ee04129b	False	File_S8_catalogue_synced_figures_20260909.zip
modules/S8/analysis/系统树_F2/图件/Previews/Figure2A_Defensin_primary73_key_clades.png	164263	ac54ffaad380928caf409c6fa675dd0708e7445cee135da8eddaec1ce9d21526	ac54ffaad380928caf409c6fa675dd0708e7445cee135da8eddaec1ce9d21526	False	File_S8_catalogue_synced_figures_20260909.zip
modules/S8/analysis/系统树_F2/图件/Previews/Figure2B_Snakin_GASA_primary73_key_clades.png	218747	6dc5d5ef43ea18ace71429d8d142d983b56771f66cbe1b4ed9cdd15bccbb3551	6dc5d5ef43ea18ace71429d8d142d983b56771f66cbe1b4ed9cdd15bccbb3551	False	File_S8_catalogue_synced_figures_20260909.zip
modules/S8/analysis/系统树_F2/图件/Previews/Figure2C_nsLTP_primary73_key_clades.png	321953	4c9489d77cfc1a489df7f923eb51130335a93295fe7f11c9ab91ea13b69baf5e	4c9489d77cfc1a489df7f923eb51130335a93295fe7f11c9ab91ea13b69baf5e	False	File_S8_catalogue_synced_figures_20260909.zip
modules/S8/analysis/系统树_F2/图件/Previews/Figure2_combined_primary73_key_clades.png	430386	8f159c2a053c464752ba9fcb9e1ee5e41ee5dcd5ec95fd7f97020dee76c79061	8f159c2a053c464752ba9fcb9e1ee5e41ee5dcd5ec95fd7f97020dee76c79061	False	File_S8_catalogue_synced_figures_20260909.zip
modules/S8/analysis/系统树_F2/图件/Previews/FigureS1A_Defensin_primary73_full.png	401669	b9bae731c4b34febe083c0f41800d7de779083cbdacdea9f5ffef0abc1921efb	b9bae731c4b34febe083c0f41800d7de779083cbdacdea9f5ffef0abc1921efb	False	File_S8_catalogue_synced_figures_20260909.zip
modules/S8/analysis/系统树_F2/图件/Previews/FigureS1B_Snakin_GASA_primary73_full.png	267027	4cbeba058d70555be6de61a92bda8b9e95f7b4a7cfe430ce893d989655e0506f	4cbeba058d70555be6de61a92bda8b9e95f7b4a7cfe430ce893d989655e0506f	False	File_S8_catalogue_synced_figures_20260909.zip
modules/S8/analysis/系统树_F2/图件/Previews/FigureS1C_nsLTP_primary73_full.png	527847	8b72a133d034e38d416125fa2e1644f65731863cc4eeb5998448d05f9987af1e	8b72a133d034e38d416125fa2e1644f65731863cc4eeb5998448d05f9987af1e	False	File_S8_catalogue_synced_figures_20260909.zip
modules/S8/analysis/系统树_F2/图件/Vector_PDF/Figure2A_Defensin_primary73_key_clades.pdf	59854	e7194ab0046ff978b5e38b14fa7002273d8dcd72f8491b1329f15430138822fe	e7194ab0046ff978b5e38b14fa7002273d8dcd72f8491b1329f15430138822fe	False	File_S8_catalogue_synced_figures_20260909.zip
modules/S8/analysis/系统树_F2/图件/Vector_PDF/Figure2B_Snakin_GASA_primary73_key_clades.pdf	66887	af4261803646cde36781094ef39e14520ec9f14fd1bc75c53666e36f9c5f0091	af4261803646cde36781094ef39e14520ec9f14fd1bc75c53666e36f9c5f0091	False	File_S8_catalogue_synced_figures_20260909.zip
modules/S8/analysis/系统树_F2/图件/Vector_PDF/Figure2C_nsLTP_primary73_key_clades.pdf	77989	6861ab80e6eb7f0131e210f31f769a8955d901db6a5877db8a0628a498d70d27	6861ab80e6eb7f0131e210f31f769a8955d901db6a5877db8a0628a498d70d27	False	File_S8_catalogue_synced_figures_20260909.zip
modules/S8/analysis/系统树_F2/图件/Vector_PDF/Figure2_combined_primary73_key_clades.pdf	104150	1d82c56bd555893055be06735062517d4e07100c6f10ea4ed8ee9f5719d0358b	1d82c56bd555893055be06735062517d4e07100c6f10ea4ed8ee9f5719d0358b	False	File_S8_catalogue_synced_figures_20260909.zip
modules/S8/analysis/系统树_F2/图件/Vector_PDF/FigureS1A_Defensin_primary73_full.pdf	175032	be52601fd36eb3c9e2e6c685c0f97ba2b06996a8c4444505dd8bcf5510956d2f	be52601fd36eb3c9e2e6c685c0f97ba2b06996a8c4444505dd8bcf5510956d2f	False	File_S8_catalogue_synced_figures_20260909.zip
modules/S8/analysis/系统树_F2/图件/Vector_PDF/FigureS1B_Snakin_GASA_primary73_full.pdf	103069	3af15b392da9d6274d585205514943d36928d8837951ff89b20aa24ba4d6e4e8	3af15b392da9d6274d585205514943d36928d8837951ff89b20aa24ba4d6e4e8	False	File_S8_catalogue_synced_figures_20260909.zip
modules/S8/analysis/系统树_F2/图件/Vector_PDF/FigureS1C_nsLTP_primary73_full.pdf	227326	301d7e1727026c95a1526f3da4c7d14a2290371b2aa55daac5537a8007b3407f	301d7e1727026c95a1526f3da4c7d14a2290371b2aa55daac5537a8007b3407f	False	File_S8_catalogue_synced_figures_20260909.zip
modules/S8/analysis/系统树_F2/图件/Support_audit/Editable_SVG/Support_audit_A_Defensin_all_nodes.svg	135889	969bf2b32f1c856c7de1e13ebda3335291b792f290d28aa3e2268fb3c41755fb	969bf2b32f1c856c7de1e13ebda3335291b792f290d28aa3e2268fb3c41755fb	False	File_S8_catalogue_synced_figures_20260909.zip
modules/S8/analysis/系统树_F2/图件/Support_audit/Editable_SVG/Support_audit_B_Snakin_GASA_all_nodes.svg	53536	97525f62688c23d1bf973b669ab27d175fbdb03a82210eb42d65308eef2bc331	97525f62688c23d1bf973b669ab27d175fbdb03a82210eb42d65308eef2bc331	False	File_S8_catalogue_synced_figures_20260909.zip
modules/S8/analysis/系统树_F2/图件/Support_audit/Editable_SVG/Support_audit_C_nsLTP_all_nodes.svg	195022	08f45d56e683c8752b56a11297831ce0939c068378963aa9268caedf61fd0c58	08f45d56e683c8752b56a11297831ce0939c068378963aa9268caedf61fd0c58	False	File_S8_catalogue_synced_figures_20260909.zip
modules/S8/analysis/系统树_F2/图件/Support_audit/High_Resolution_PNG/Support_audit_A_Defensin_all_nodes.png	2117897	aaa5911310782f56221ea95fc3f209251fe3ce901259ad90b30f8d27cc37253d	aaa5911310782f56221ea95fc3f209251fe3ce901259ad90b30f8d27cc37253d	False	File_S8_catalogue_synced_figures_20260909.zip
modules/S8/analysis/系统树_F2/图件/Support_audit/High_Resolution_PNG/Support_audit_B_Snakin_GASA_all_nodes.png	854699	3d30943ac6a12d8c02d83e53b2b2aeed6e8368700fc4dcc39c9a9519ebe5a803	3d30943ac6a12d8c02d83e53b2b2aeed6e8368700fc4dcc39c9a9519ebe5a803	False	File_S8_catalogue_synced_figures_20260909.zip
modules/S8/analysis/系统树_F2/图件/Support_audit/High_Resolution_PNG/Support_audit_C_nsLTP_all_nodes.png	3065740	a14063a21655b74736ec22b4d3da1a92e427b2608b56b23e211e5da937c031f7	a14063a21655b74736ec22b4d3da1a92e427b2608b56b23e211e5da937c031f7	False	File_S8_catalogue_synced_figures_20260909.zip
modules/S8/analysis/系统树_F2/图件/Support_audit/Previews/Support_audit_A_Defensin_all_nodes.png	285529	096719b99fbc4c97ee55d31794949d783659f4ca2bd3ec322c3dd8ee7e4e41b2	096719b99fbc4c97ee55d31794949d783659f4ca2bd3ec322c3dd8ee7e4e41b2	False	File_S8_catalogue_synced_figures_20260909.zip
modules/S8/analysis/系统树_F2/图件/Support_audit/Previews/Support_audit_B_Snakin_GASA_all_nodes.png	125765	6915e95e158498317a6a5c640009de18b2660f03ef157279d5ee03289fc68ef0	6915e95e158498317a6a5c640009de18b2660f03ef157279d5ee03289fc68ef0	False	File_S8_catalogue_synced_figures_20260909.zip
modules/S8/analysis/系统树_F2/图件/Support_audit/Previews/Support_audit_C_nsLTP_all_nodes.png	420380	14b631c14c4b825052b449d94b406046434f917655af64d63942bd36ee05250d	14b631c14c4b825052b449d94b406046434f917655af64d63942bd36ee05250d	False	File_S8_catalogue_synced_figures_20260909.zip
modules/S8/analysis/系统树_F2/图件/Support_audit/Vector_PDF/Support_audit_A_Defensin_all_nodes.pdf	63788	b25773fdb0468ccfc052bacae4c2901794807122d1b551940e8f32d77f5a6465	b25773fdb0468ccfc052bacae4c2901794807122d1b551940e8f32d77f5a6465	False	File_S8_catalogue_synced_figures_20260909.zip
modules/S8/analysis/系统树_F2/图件/Support_audit/Vector_PDF/Support_audit_B_Snakin_GASA_all_nodes.pdf	57669	c20e0a890ee018e91f532dca616fea8fb6a0265222172c5a821d1656aaeb1ed6	c20e0a890ee018e91f532dca616fea8fb6a0265222172c5a821d1656aaeb1ed6	False	File_S8_catalogue_synced_figures_20260909.zip
modules/S8/analysis/系统树_F2/图件/Support_audit/Vector_PDF/Support_audit_C_nsLTP_all_nodes.pdf	68848	ad46e59757eee427a712274571be42f43ae1ad97a91ba046735df237fe5bc228	ad46e59757eee427a712274571be42f43ae1ad97a91ba046735df237fe5bc228	False	File_S8_catalogue_synced_figures_20260909.zip
modules/S8/analysis/系统树_F2/collected/Defensin/Defensin.core.aligned.faa	11266	7438930968f2ff280f1e8a7f5d06cf477dca056189f6ea252e9c9f4cb8f9a88b	7438930968f2ff280f1e8a7f5d06cf477dca056189f6ea252e9c9f4cb8f9a88b	False	File_S8_catalogue_synced_figures_20260909.zip
modules/S8/analysis/系统树_F2/collected/Defensin/Defensin.core.faa	6906	fe0409757bde48172a40f864d7e6491d6da82f942fcfe3a606f45d0b66dc8638	fe0409757bde48172a40f864d7e6491d6da82f942fcfe3a606f45d0b66dc8638	False	File_S8_catalogue_synced_figures_20260909.zip
modules/S8/analysis/系统树_F2/collected/Defensin/Defensin.core.gappyout.bionj	3913	f1488158ce3a30999a544975fb76b67f9c1573664e4648f5df3681c6c0d2a171	f1488158ce3a30999a544975fb76b67f9c1573664e4648f5df3681c6c0d2a171	False	File_S8_catalogue_synced_figures_20260909.zip
modules/S8/analysis/系统树_F2/collected/Defensin/Defensin.core.gappyout.contree	4513	08d89deaa0649eb03e6966384890e3067c8fe2b95526caa2737abe8187aa3db0	08d89deaa0649eb03e6966384890e3067c8fe2b95526caa2737abe8187aa3db0	False	File_S8_catalogue_synced_figures_20260909.zip
modules/S8/analysis/系统树_F2/collected/Defensin/Defensin.core.gappyout.faa	6206	c5b375529f77ba619a1d3771e7ff35adf32bd0c4c09f044d1f452dafe6363498	c5b375529f77ba619a1d3771e7ff35adf32bd0c4c09f044d1f452dafe6363498	False	File_S8_catalogue_synced_figures_20260909.zip
modules/S8/analysis/系统树_F2/collected/Defensin/Defensin.core.gappyout.iqtree	57834	db0d2f0209cc2ea380cb7e2adc9c92b4503b5634ca07d35c7b1b790a63d65f17	06ce95657c733b9456f59d87da46ccfab24a8183c178e4427fedde20f207d861	True	File_S8_catalogue_synced_figures_20260909.zip
modules/S8/analysis/系统树_F2/collected/Defensin/Defensin.core.gappyout.log	121928	e5d08849c668359eea1b0ca53d2fe3a5b40a2e34ff0ce748345f84a13da8a604	c43947bc58500705b792e1e97e2858f5cf354b1df6d2f4abcd0488c9144adcc0	True	File_S8_catalogue_synced_figures_20260909.zip
modules/S8/analysis/系统树_F2/collected/Defensin/Defensin.core.gappyout.mldist	120885	ee0817a49a2274aba26869583dbacf30307fd465b73e792d76ac17a9483e1b26	ee0817a49a2274aba26869583dbacf30307fd465b73e792d76ac17a9483e1b26	False	File_S8_catalogue_synced_figures_20260909.zip
modules/S8/analysis/系统树_F2/collected/Defensin/Defensin.core.gappyout.run.log	121928	e5d08849c668359eea1b0ca53d2fe3a5b40a2e34ff0ce748345f84a13da8a604	c43947bc58500705b792e1e97e2858f5cf354b1df6d2f4abcd0488c9144adcc0	True	File_S8_catalogue_synced_figures_20260909.zip
modules/S8/analysis/系统树_F2/collected/Defensin/Defensin.core.gappyout.splits.nex	200408	b30a7593c56e7d433f5b975f08a438d93248d77090c24c0e0f4895464fd503d2	b30a7593c56e7d433f5b975f08a438d93248d77090c24c0e0f4895464fd503d2	False	File_S8_catalogue_synced_figures_20260909.zip
modules/S8/analysis/系统树_F2/collected/Defensin/Defensin.core.gappyout.treefile	4974	c9cdaf44b5fe33b02cb3d7676dff772b6934b35c670dd284c673ee522f21f1d3	c9cdaf44b5fe33b02cb3d7676dff772b6934b35c670dd284c673ee522f21f1d3	False	File_S8_catalogue_synced_figures_20260909.zip
modules/S8/analysis/系统树_F2/collected/Defensin/Defensin.core.gappyout.ufboot	4294015	66ee3520d89c1502fd5bfacb4d2d3ac1aa2488dcb24f5b53ae60140d535441f3	66ee3520d89c1502fd5bfacb4d2d3ac1aa2488dcb24f5b53ae60140d535441f3	False	File_S8_catalogue_synced_figures_20260909.zip
modules/S8/analysis/系统树_F2/collected/Defensin/Defensin.core.gappyout.uniqueseq.phy	6765	b57b2ee6ffa0960865ed2291ea8df4e84ca8b0abc6214a6430c4483ba02c5e28	b57b2ee6ffa0960865ed2291ea8df4e84ca8b0abc6214a6430c4483ba02c5e28	False	File_S8_catalogue_synced_figures_20260909.zip
modules/S8/analysis/系统树_F2/collected/Defensin/Defensin.core.untrimmed.bionj	3957	c5d72aaa82cfefd6b04ae6c4d3545a354027905704cd26b8a37154c8983719ae	c5d72aaa82cfefd6b04ae6c4d3545a354027905704cd26b8a37154c8983719ae	False	File_S8_catalogue_synced_figures_20260909.zip
modules/S8/analysis/系统树_F2/collected/Defensin/Defensin.core.untrimmed.contree	4514	085a4b5a6a49eebc2ff93f8972c9b55ec0d5f55f8694654129dc960ab67cdd5a	085a4b5a6a49eebc2ff93f8972c9b55ec0d5f55f8694654129dc960ab67cdd5a	False	File_S8_catalogue_synced_figures_20260909.zip
modules/S8/analysis/系统树_F2/collected/Defensin/Defensin.core.untrimmed.iqtree	55886	300f6726f47276dc1c8171d67747fc89ec17c7375e4a40d74d34aadfe0f87421	2569a48ab8f4ebeb724810ab041a8667e33eedb519963adfd2f51b6dfccdb67a	True	File_S8_catalogue_synced_figures_20260909.zip
modules/S8/analysis/系统树_F2/collected/Defensin/Defensin.core.untrimmed.log	47589	eb937888f80d5f3d384f8b42fb05312186ae80410ae53be8c8024d3869eb5993	83c14c36dc794ed749952922ad73149aa949794adf444e47506d26ccb638060b	True	File_S8_catalogue_synced_figures_20260909.zip
modules/S8/analysis/系统树_F2/collected/Defensin/Defensin.core.untrimmed.mldist	120885	326a2bbcdd7c9dbccc9329746a793914362f38f62b0cae31e0fba5247f59e8c5	326a2bbcdd7c9dbccc9329746a793914362f38f62b0cae31e0fba5247f59e8c5	False	File_S8_catalogue_synced_figures_20260909.zip
modules/S8/analysis/系统树_F2/collected/Defensin/Defensin.core.untrimmed.run.log	47589	eb937888f80d5f3d384f8b42fb05312186ae80410ae53be8c8024d3869eb5993	83c14c36dc794ed749952922ad73149aa949794adf444e47506d26ccb638060b	True	File_S8_catalogue_synced_figures_20260909.zip
modules/S8/analysis/系统树_F2/collected/Defensin/Defensin.core.untrimmed.splits.nex	206954	b6c48f3a1179a7b9e65bc681ab98c8c050cf0633c8e6d1eac09edb3b8b770241	b6c48f3a1179a7b9e65bc681ab98c8c050cf0633c8e6d1eac09edb3b8b770241	False	File_S8_catalogue_synced_figures_20260909.zip
modules/S8/analysis/系统树_F2/collected/Defensin/Defensin.core.untrimmed.treefile	4966	31dacb06002fc90065620ccea0d85b5afec700b9dfd07def1c9101d2f78bba95	31dacb06002fc90065620ccea0d85b5afec700b9dfd07def1c9101d2f78bba95	False	File_S8_catalogue_synced_figures_20260909.zip
modules/S8/analysis/系统树_F2/collected/Defensin/Defensin.core.untrimmed.ufboot	4294009	2c919501219205dc50415c428caa5de803a2588d40e47d76c00df6136c81e09a	2c919501219205dc50415c428caa5de803a2588d40e47d76c00df6136c81e09a	False	File_S8_catalogue_synced_figures_20260909.zip
modules/S8/analysis/系统树_F2/collected/Defensin/Defensin.core.untrimmed.uniqueseq.phy	11670	8c0599983942b5374d91f6556c2f957ebbc938f21bb6383e75a7824a1d698ff7	8c0599983942b5374d91f6556c2f957ebbc938f21bb6383e75a7824a1d698ff7	False	File_S8_catalogue_synced_figures_20260909.zip
modules/S8/analysis/系统树_F2/collected/Defensin/Defensin.full.aligned.faa	24136	5d98d822a8d21535142b4498631baf28054c6462b93236090a895182e30ffb4f	5d98d822a8d21535142b4498631baf28054c6462b93236090a895182e30ffb4f	False	File_S8_catalogue_synced_figures_20260909.zip
modules/S8/analysis/系统树_F2/collected/Defensin/Defensin.full.faa	9025	18fb47781d4d4d2d7259c92e32089b931a3c7291e9e386035e6dbb10ffd7bec5	18fb47781d4d4d2d7259c92e32089b931a3c7291e9e386035e6dbb10ffd7bec5	False	File_S8_catalogue_synced_figures_20260909.zip
modules/S8/analysis/系统树_F2/collected/Defensin/Defensin.full.gappyout.bionj	3836	91aae40b98935c01922b3857d21170afddf097a22fb6e47fac76c38d1aef8361	91aae40b98935c01922b3857d21170afddf097a22fb6e47fac76c38d1aef8361	False	File_S8_catalogue_synced_figures_20260909.zip
modules/S8/analysis/系统树_F2/collected/Defensin/Defensin.full.gappyout.contree	4515	374bb17dfa161279da071132ee2738207b100f8d31194b6c0f94dbd30e7f40d7	374bb17dfa161279da071132ee2738207b100f8d31194b6c0f94dbd30e7f40d7	False	File_S8_catalogue_synced_figures_20260909.zip
modules/S8/analysis/系统树_F2/collected/Defensin/Defensin.full.gappyout.faa	6206	a95d268228f469debb592f6ebee2be954302ebed11229d9bc8c37fea2b4dc7ee	a95d268228f469debb592f6ebee2be954302ebed11229d9bc8c37fea2b4dc7ee	False	File_S8_catalogue_synced_figures_20260909.zip
modules/S8/analysis/系统树_F2/collected/Defensin/Defensin.full.gappyout.iqtree	63520	17e8ada0bbf9557562f14027cdc936b2cb7f3100d7989cd0c133abda2841d25d	88c56ca4e4cb606c5cf2ef3c22b36cc4658b92440cee776a15cf2da47a25fb39	True	File_S8_catalogue_synced_figures_20260909.zip
modules/S8/analysis/系统树_F2/collected/Defensin/Defensin.full.gappyout.log	126867	e3a3431869934bed1911127203f30e8776fd2683b2980937869cbf9a9c4eac62	5bd877148b59354a1bd7833c35b6ea177da0cc7c173c0e47b9f9ed7dcfccaa1d	True	File_S8_catalogue_synced_figures_20260909.zip
modules/S8/analysis/系统树_F2/collected/Defensin/Defensin.full.gappyout.mldist	118696	1259a7ec54c9861f169825875c3e0b27b80be657cc5c88948891fe271603e894	1259a7ec54c9861f169825875c3e0b27b80be657cc5c88948891fe271603e894	False	File_S8_catalogue_synced_figures_20260909.zip
modules/S8/analysis/系统树_F2/collected/Defensin/Defensin.full.gappyout.run.log	126867	e3a3431869934bed1911127203f30e8776fd2683b2980937869cbf9a9c4eac62	5bd877148b59354a1bd7833c35b6ea177da0cc7c173c0e47b9f9ed7dcfccaa1d	True	File_S8_catalogue_synced_figures_20260909.zip
modules/S8/analysis/系统树_F2/collected/Defensin/Defensin.full.gappyout.splits.nex	205689	ef14acfb478eebd5ed54a0c62343df30277cf09e82595404ec4407d65d64ee7a	ef14acfb478eebd5ed54a0c62343df30277cf09e82595404ec4407d65d64ee7a	False	File_S8_catalogue_synced_figures_20260909.zip
modules/S8/analysis/系统树_F2/collected/Defensin/Defensin.full.gappyout.treefile	4959	32fc9ce709aaa46862aad90df16ef4f3ab3cb5489701ea14f9a97d1415ce5725	32fc9ce709aaa46862aad90df16ef4f3ab3cb5489701ea14f9a97d1415ce5725	False	File_S8_catalogue_synced_figures_20260909.zip
modules/S8/analysis/系统树_F2/collected/Defensin/Defensin.full.gappyout.ufboot	4294005	77b9a3f4f34b61a146d05a2da0e0ed31e5cf1a2eb31426f88a5ce609e0b454db	77b9a3f4f34b61a146d05a2da0e0ed31e5cf1a2eb31426f88a5ce609e0b454db	False	File_S8_catalogue_synced_figures_20260909.zip
modules/S8/analysis/系统树_F2/collected/Defensin/Defensin.full.gappyout.uniqueseq.phy	6703	bd1e5f92884e79c5e58946bf4b635f7019642a33b98827946fff5f361ad36580	bd1e5f92884e79c5e58946bf4b635f7019642a33b98827946fff5f361ad36580	False	File_S8_catalogue_synced_figures_20260909.zip
modules/S8/analysis/系统树_F2/collected/Defensin/Defensin.full.untrimmed.bionj	3977	eaeae82fdf6fb01ec688c6940ff1f9c0c1fd8363e8f040d9a259207cf2007eef	eaeae82fdf6fb01ec688c6940ff1f9c0c1fd8363e8f040d9a259207cf2007eef	False	File_S8_catalogue_synced_figures_20260909.zip
modules/S8/analysis/系统树_F2/collected/Defensin/Defensin.full.untrimmed.contree	4519	f658c1f1dd8a9d619d194f4948430a7cc5f65adf34cd1461a7413869a4e7a6c2	f658c1f1dd8a9d619d194f4948430a7cc5f65adf34cd1461a7413869a4e7a6c2	False	File_S8_catalogue_synced_figures_20260909.zip
modules/S8/analysis/系统树_F2/collected/Defensin/Defensin.full.untrimmed.iqtree	48695	f79f50dd51c137331efacdd9399c5f27b57dbc543652fc79b9b194ef0fa4b087	c1c21d7529c3c70f48172b1a32866c545ed5bd3151f202a4dc5542fa51b82f22	True	File_S8_catalogue_synced_figures_20260909.zip
modules/S8/analysis/系统树_F2/collected/Defensin/Defensin.full.untrimmed.log	42958	a185920ddd7a3188f69ac79797a4fd7eba2776b278a3cf34e74546eb10b78438	2ffebfdaebfc53b9669a200ebb9bc443f436975f5332ce2699465d12bced68b1	True	File_S8_catalogue_synced_figures_20260909.zip
modules/S8/analysis/系统树_F2/collected/Defensin/Defensin.full.untrimmed.mldist	123094	7b21db0ee4fef26028ca107fd78c4a8ead6fc5416d38a5bed03badbb519c0c2f	7b21db0ee4fef26028ca107fd78c4a8ead6fc5416d38a5bed03badbb519c0c2f	False	File_S8_catalogue_synced_figures_20260909.zip
modules/S8/analysis/系统树_F2/collected/Defensin/Defensin.full.untrimmed.run.log	42958	a185920ddd7a3188f69ac79797a4fd7eba2776b278a3cf34e74546eb10b78438	2ffebfdaebfc53b9669a200ebb9bc443f436975f5332ce2699465d12bced68b1	True	File_S8_catalogue_synced_figures_20260909.zip
modules/S8/analysis/系统树_F2/collected/Defensin/Defensin.full.untrimmed.splits.nex	213095	84a73adbb69432aa71961a787346cd80f0811837836ecc0f45be03899698ce81	84a73adbb69432aa71961a787346cd80f0811837836ecc0f45be03899698ce81	False	File_S8_catalogue_synced_figures_20260909.zip
modules/S8/analysis/系统树_F2/collected/Defensin/Defensin.full.untrimmed.treefile	4985	3d0a01a1a7ca7bc9851e2c1d68b84de9ff2d7b6d153fb68498aaf2d07e9ff7b4	3d0a01a1a7ca7bc9851e2c1d68b84de9ff2d7b6d153fb68498aaf2d07e9ff7b4	False	File_S8_catalogue_synced_figures_20260909.zip
modules/S8/analysis/系统树_F2/collected/Defensin/Defensin.full.untrimmed.ufboot	4294005	fa77bc11af622bdb8fb24c53f6da60069ffca8e151b0515e83604224d8a0b7d2	fa77bc11af622bdb8fb24c53f6da60069ffca8e151b0515e83604224d8a0b7d2	False	File_S8_catalogue_synced_figures_20260909.zip
modules/S8/analysis/系统树_F2/collected/nsLTP/nsLTP.core.aligned.faa	134825	034bffc2288cf8e964846d1314ec17b87f787856d206af55b9aa75e265a543fa	034bffc2288cf8e964846d1314ec17b87f787856d206af55b9aa75e265a543fa	False	File_S8_catalogue_synced_figures_20260909.zip
modules/S8/analysis/系统树_F2/collected/nsLTP/nsLTP.core.faa	18976	8c65c154569e6fc6b2c6ce44c37b46cfde47118aac60e8a025b67f7b839d0a31	8c65c154569e6fc6b2c6ce44c37b46cfde47118aac60e8a025b67f7b839d0a31	False	File_S8_catalogue_synced_figures_20260909.zip
modules/S8/analysis/系统树_F2/collected/nsLTP/nsLTP.core.gappyout.bionj	6704	e34602cfffb6a31a7be4343da5aa2ac75214acd8c5d1b02e51f6abec2e113761	e34602cfffb6a31a7be4343da5aa2ac75214acd8c5d1b02e51f6abec2e113761	False	File_S8_catalogue_synced_figures_20260909.zip
modules/S8/analysis/系统树_F2/collected/nsLTP/nsLTP.core.gappyout.contree	7592	9d4325eceae757e718d9c106e76331a66421b9ca8fe3ef0f209a75e43800a0a4	9d4325eceae757e718d9c106e76331a66421b9ca8fe3ef0f209a75e43800a0a4	False	File_S8_catalogue_synced_figures_20260909.zip
modules/S8/analysis/系统树_F2/collected/nsLTP/nsLTP.core.gappyout.faa	20345	394a357b4d2071eeeeffe8e8419266cc05450171d68db25772c7237ce91274ef	394a357b4d2071eeeeffe8e8419266cc05450171d68db25772c7237ce91274ef	False	File_S8_catalogue_synced_figures_20260909.zip
modules/S8/analysis/系统树_F2/collected/nsLTP/nsLTP.core.gappyout.iqtree	80544	e416131a18838db7a8c5047e35d2d399c0a630adf74df79e01befeb1916deb1b	46cc0b8d90dddcebc747bc49363fef14553bbe2ef654fe52762c7d6322dfca42	True	File_S8_catalogue_synced_figures_20260909.zip
modules/S8/analysis/系统树_F2/collected/nsLTP/nsLTP.core.gappyout.log	40650	a2f41633756f9384f328672472fd94736bbf1a7a03583d5fddc701dd9986e4c1	81abf40997e728275d284f136dfb630d0ac642b9fd5efdc6b5885f777d7c9fa0	True	File_S8_catalogue_synced_figures_20260909.zip
modules/S8/analysis/系统树_F2/collected/nsLTP/nsLTP.core.gappyout.mldist	258538	0a5042662d6455f70d4f10694336fe6d3996ac32b6f3d82ab2e4094a03ebe1d2	0a5042662d6455f70d4f10694336fe6d3996ac32b6f3d82ab2e4094a03ebe1d2	False	File_S8_catalogue_synced_figures_20260909.zip
modules/S8/analysis/系统树_F2/collected/nsLTP/nsLTP.core.gappyout.run.log	40650	a2f41633756f9384f328672472fd94736bbf1a7a03583d5fddc701dd9986e4c1	81abf40997e728275d284f136dfb630d0ac642b9fd5efdc6b5885f777d7c9fa0	True	File_S8_catalogue_synced_figures_20260909.zip
modules/S8/analysis/系统树_F2/collected/nsLTP/nsLTP.core.gappyout.splits.nex	242119	280390635aac42c8ff2f534b4d4963362f6b9a7a98a6b618396d2ed2701e868d	280390635aac42c8ff2f534b4d4963362f6b9a7a98a6b618396d2ed2701e868d	False	File_S8_catalogue_synced_figures_20260909.zip
modules/S8/analysis/系统树_F2/collected/nsLTP/nsLTP.core.gappyout.treefile	8308	cec47980618ef9f01c2a18cec77453eebcb7eaba261e2f64b07d200f6260421a	cec47980618ef9f01c2a18cec77453eebcb7eaba261e2f64b07d200f6260421a	False	File_S8_catalogue_synced_figures_20260909.zip
modules/S8/analysis/系统树_F2/collected/nsLTP/nsLTP.core.gappyout.ufboot	7265000	f149b2932ac011bc6c3e94365b8618da09ad258712c85abafdb87b71dd401bba	f149b2932ac011bc6c3e94365b8618da09ad258712c85abafdb87b71dd401bba	False	File_S8_catalogue_synced_figures_20260909.zip
modules/S8/analysis/系统树_F2/collected/nsLTP/nsLTP.core.untrimmed.bionj	6734	ecf29031ebdcb489b190c01e07d929cafbba49516f5cda1dfd83dc4e723090bf	ecf29031ebdcb489b190c01e07d929cafbba49516f5cda1dfd83dc4e723090bf	False	File_S8_catalogue_synced_figures_20260909.zip
modules/S8/analysis/系统树_F2/collected/nsLTP/nsLTP.core.untrimmed.contree	7592	488245749d7275c86ef981b74876634c1614a96725af6820e6afe6f7ad6fa271	488245749d7275c86ef981b74876634c1614a96725af6820e6afe6f7ad6fa271	False	File_S8_catalogue_synced_figures_20260909.zip
modules/S8/analysis/系统树_F2/collected/nsLTP/nsLTP.core.untrimmed.iqtree	74211	3683d5bd95c84de1ae00c83872a34106522757ac5e2722e35048f92374314044	e44c47b3bd92d4de1d0280a77b5306d95199e61910c7c9865b3de915149c45aa	True	File_S8_catalogue_synced_figures_20260909.zip
modules/S8/analysis/系统树_F2/collected/nsLTP/nsLTP.core.untrimmed.log	60649	8280c992fb8ab76b37533439e5745d88329bce11ba27677d9381f396ec8fcc73	63c7f158afd558124acfe43d9e88626144077b0405cf81338f7069e9e8a7e643	True	File_S8_catalogue_synced_figures_20260909.zip
modules/S8/analysis/系统树_F2/collected/nsLTP/nsLTP.core.untrimmed.mldist	258538	ebc787dade284dce170a3fea1bee70eb243f64a22aa188bd365ee28e234eb245	ebc787dade284dce170a3fea1bee70eb243f64a22aa188bd365ee28e234eb245	False	File_S8_catalogue_synced_figures_20260909.zip
modules/S8/analysis/系统树_F2/collected/nsLTP/nsLTP.core.untrimmed.run.log	60649	8280c992fb8ab76b37533439e5745d88329bce11ba27677d9381f396ec8fcc73	63c7f158afd558124acfe43d9e88626144077b0405cf81338f7069e9e8a7e643	True	File_S8_catalogue_synced_figures_20260909.zip
modules/S8/analysis/系统树_F2/collected/nsLTP/nsLTP.core.untrimmed.splits.nex	272481	ddc6038068e116c2ff3bba721379831865f6f65136becfcef0d5804dd97346d1	ddc6038068e116c2ff3bba721379831865f6f65136becfcef0d5804dd97346d1	False	File_S8_catalogue_synced_figures_20260909.zip
modules/S8/analysis/系统树_F2/collected/nsLTP/nsLTP.core.untrimmed.treefile	8319	1e41008e66f8444d3b9c63a02a99fe26364b092049d383242bf0fec345813e9f	1e41008e66f8444d3b9c63a02a99fe26364b092049d383242bf0fec345813e9f	False	File_S8_catalogue_synced_figures_20260909.zip
modules/S8/analysis/系统树_F2/collected/nsLTP/nsLTP.core.untrimmed.ufboot	7265000	078fbad02b5be1be7ad9959a41b4fb9bf94520a1a92659dc19c359345c01545f	078fbad02b5be1be7ad9959a41b4fb9bf94520a1a92659dc19c359345c01545f	False	File_S8_catalogue_synced_figures_20260909.zip
modules/S8/analysis/系统树_F2/collected/nsLTP/nsLTP.full.aligned.faa	155018	3432622183c38fcb709bb0dc19fa93560e7a766949058c261cf9c10cb9ba37f7	3432622183c38fcb709bb0dc19fa93560e7a766949058c261cf9c10cb9ba37f7	False	File_S8_catalogue_synced_figures_20260909.zip
modules/S8/analysis/系统树_F2/collected/nsLTP/nsLTP.full.faa	26338	141d0a850d0542b8803bc1f7c1e071a858057767dbb0f8d91832857224436088	141d0a850d0542b8803bc1f7c1e071a858057767dbb0f8d91832857224436088	False	File_S8_catalogue_synced_figures_20260909.zip
modules/S8/analysis/系统树_F2/collected/nsLTP/nsLTP.full.gappyout.bionj	6690	f69481f75fbe97ccf89c5732d360874161de45ce17e4a3bd39e408f6186e0eb4	f69481f75fbe97ccf89c5732d360874161de45ce17e4a3bd39e408f6186e0eb4	False	File_S8_catalogue_synced_figures_20260909.zip
modules/S8/analysis/系统树_F2/collected/nsLTP/nsLTP.full.gappyout.contree	7592	e7fa404ff2f59d27a60f56fa1a44247cca019482069617d75966bd7e030c6abd	e7fa404ff2f59d27a60f56fa1a44247cca019482069617d75966bd7e030c6abd	False	File_S8_catalogue_synced_figures_20260909.zip
modules/S8/analysis/系统树_F2/collected/nsLTP/nsLTP.full.gappyout.faa	15734	2f09ce92acc9e32793ba3249701febc5d2bab8b2b6e57c8c803c9b6bca7db774	2f09ce92acc9e32793ba3249701febc5d2bab8b2b6e57c8c803c9b6bca7db774	False	File_S8_catalogue_synced_figures_20260909.zip
modules/S8/analysis/系统树_F2/collected/nsLTP/nsLTP.full.gappyout.iqtree	90972	f077ef71d9f84c116b656f7288f2b410ef7a87b4d5f442e6ad74f22658d46d18	320051ce438bd4ad0ef0f17f7dfd040e53ede3440fa50cfc06c39cad8f15e918	True	File_S8_catalogue_synced_figures_20260909.zip
modules/S8/analysis/系统树_F2/collected/nsLTP/nsLTP.full.gappyout.log	67929	40543a2329592d7eb4d34121967d73d30918ec8bb029b23d3f5c76708e529255	1a1662490f93dbcd74f0a72f1e9bed9e786f9f9e88f15b28c17299629c115b56	True	File_S8_catalogue_synced_figures_20260909.zip
modules/S8/analysis/系统树_F2/collected/nsLTP/nsLTP.full.gappyout.mldist	258538	c865ab41308e3b0a6cbb67c1c2c8bd9a60134bdc97be916d488e1cb27786785e	c865ab41308e3b0a6cbb67c1c2c8bd9a60134bdc97be916d488e1cb27786785e	False	File_S8_catalogue_synced_figures_20260909.zip
modules/S8/analysis/系统树_F2/collected/nsLTP/nsLTP.full.gappyout.run.log	67929	40543a2329592d7eb4d34121967d73d30918ec8bb029b23d3f5c76708e529255	1a1662490f93dbcd74f0a72f1e9bed9e786f9f9e88f15b28c17299629c115b56	True	File_S8_catalogue_synced_figures_20260909.zip
modules/S8/analysis/系统树_F2/collected/nsLTP/nsLTP.full.gappyout.splits.nex	291740	4fe970ad9d48f0145b040ada44e3b5d1fed78951c7e40764971835e3dac49716	4fe970ad9d48f0145b040ada44e3b5d1fed78951c7e40764971835e3dac49716	False	File_S8_catalogue_synced_figures_20260909.zip
modules/S8/analysis/系统树_F2/collected/nsLTP/nsLTP.full.gappyout.treefile	8327	e49b49754f3323a8c423552f849aee3cd3e3a6bbdd5f7f135f16776b72f8df8a	e49b49754f3323a8c423552f849aee3cd3e3a6bbdd5f7f135f16776b72f8df8a	False	File_S8_catalogue_synced_figures_20260909.zip
modules/S8/analysis/系统树_F2/collected/nsLTP/nsLTP.full.gappyout.ufboot	7265000	21fbf512a24231325ac77ea316d86eb2a47b3db931cf3207628b6e9f2557f7bc	21fbf512a24231325ac77ea316d86eb2a47b3db931cf3207628b6e9f2557f7bc	False	File_S8_catalogue_synced_figures_20260909.zip
modules/S8/analysis/系统树_F2/collected/nsLTP/nsLTP.full.untrimmed.bionj	6715	059bf5dd5d50faa209165f55e9cabf33dff2bcae388f971208ab948580edd621	059bf5dd5d50faa209165f55e9cabf33dff2bcae388f971208ab948580edd621	False	File_S8_catalogue_synced_figures_20260909.zip
modules/S8/analysis/系统树_F2/collected/nsLTP/nsLTP.full.untrimmed.contree	7605	ccd1cc777d9956b0d10ac5432f290d87089de5bff061a9e66a419caf7228c5f1	ccd1cc777d9956b0d10ac5432f290d87089de5bff061a9e66a419caf7228c5f1	False	File_S8_catalogue_synced_figures_20260909.zip
modules/S8/analysis/系统树_F2/collected/nsLTP/nsLTP.full.untrimmed.iqtree	70470	81e2eff944d0f05c8aeff2c4d09e4d5482bad959b2510a49b9ae37e3b7ba8c0d	479fe677564f661dfad5c978b542060799606c62ba59a76f09585ee529914398	True	File_S8_catalogue_synced_figures_20260909.zip
modules/S8/analysis/系统树_F2/collected/nsLTP/nsLTP.full.untrimmed.log	47042	309a70ea1296ea5b4fedaaed824bc15be42ae56618c1fec24e7a8695cfa13e14	5b8bd8733e076f9f0935666a794c4c02f7db77462eaafef439bf8150799e9a2c	True	File_S8_catalogue_synced_figures_20260909.zip
modules/S8/analysis/系统树_F2/collected/nsLTP/nsLTP.full.untrimmed.mldist	258538	51a95b43a304ae94dd229b84b2eb275512ce406d8b77a40f8933c21feeaf2ecf	51a95b43a304ae94dd229b84b2eb275512ce406d8b77a40f8933c21feeaf2ecf	False	File_S8_catalogue_synced_figures_20260909.zip
modules/S8/analysis/系统树_F2/collected/nsLTP/nsLTP.full.untrimmed.run.log	47042	309a70ea1296ea5b4fedaaed824bc15be42ae56618c1fec24e7a8695cfa13e14	5b8bd8733e076f9f0935666a794c4c02f7db77462eaafef439bf8150799e9a2c	True	File_S8_catalogue_synced_figures_20260909.zip
modules/S8/analysis/系统树_F2/collected/nsLTP/nsLTP.full.untrimmed.splits.nex	237358	277d3b6a1c9257877e480ab1f30c33759e374f6849cfa44cc30b85f12c1a895c	277d3b6a1c9257877e480ab1f30c33759e374f6849cfa44cc30b85f12c1a895c	False	File_S8_catalogue_synced_figures_20260909.zip
modules/S8/analysis/系统树_F2/collected/nsLTP/nsLTP.full.untrimmed.treefile	8323	c4a4ffd16339b6225f3865e9648c1da7b6214afb6a5c423b053645feccffdc37	c4a4ffd16339b6225f3865e9648c1da7b6214afb6a5c423b053645feccffdc37	False	File_S8_catalogue_synced_figures_20260909.zip
modules/S8/analysis/系统树_F2/collected/nsLTP/nsLTP.full.untrimmed.ufboot	7265000	dbf315ebb926bb40053e3b3f300980a1464a1f141c7ff4219e2f0d3b6a279a8b	dbf315ebb926bb40053e3b3f300980a1464a1f141c7ff4219e2f0d3b6a279a8b	False	File_S8_catalogue_synced_figures_20260909.zip
modules/S8/analysis/系统树_F2/collected/Snakin_GASA/Snakin_GASA.core.aligned.faa	7630	f5ecae4ddb4e889a771ad6baeae8a230950d98bf04a6d25df7fe67bd554d3dda	f5ecae4ddb4e889a771ad6baeae8a230950d98bf04a6d25df7fe67bd554d3dda	False	File_S8_catalogue_synced_figures_20260909.zip
modules/S8/analysis/系统树_F2/collected/Snakin_GASA/Snakin_GASA.core.faa	3646	1a817d1695bb47a4b1fcc533de896c60f592748d44c11348ac9f84a771c832e8	1a817d1695bb47a4b1fcc533de896c60f592748d44c11348ac9f84a771c832e8	False	File_S8_catalogue_synced_figures_20260909.zip
modules/S8/analysis/系统树_F2/collected/Snakin_GASA/Snakin_GASA.core.gappyout.bionj	1618	83d69f5b567d69bcc8d1b02e2558f2aa4e1c4b8aa8d0302435428f0bba8c62d4	83d69f5b567d69bcc8d1b02e2558f2aa4e1c4b8aa8d0302435428f0bba8c62d4	False	File_S8_catalogue_synced_figures_20260909.zip
modules/S8/analysis/系统树_F2/collected/Snakin_GASA/Snakin_GASA.core.gappyout.contree	1821	fc47016e6dd9b8d8d7cb9441c3dfcee51a4257af0af109b614e0d4f0dd9113bc	fc47016e6dd9b8d8d7cb9441c3dfcee51a4257af0af109b614e0d4f0dd9113bc	False	File_S8_catalogue_synced_figures_20260909.zip
modules/S8/analysis/系统树_F2/collected/Snakin_GASA/Snakin_GASA.core.gappyout.faa	4233	4b0278a553334b221df9c9609327a3ba61548e8740a471e317b399d0572e9aed	4b0278a553334b221df9c9609327a3ba61548e8740a471e317b399d0572e9aed	False	File_S8_catalogue_synced_figures_20260909.zip
modules/S8/analysis/系统树_F2/collected/Snakin_GASA/Snakin_GASA.core.gappyout.iqtree	30470	e2dab1269f9a3343961045856a3b80a0d6f9c9e8693d53e7788f4d5adf7693be	eb255e95deccb102a8896904b915e8e9dc6ab7358ac59b355bf3645abd522ac4	True	File_S8_catalogue_synced_figures_20260909.zip
modules/S8/analysis/系统树_F2/collected/Snakin_GASA/Snakin_GASA.core.gappyout.log	34039	2ad7834c6d8dbcc51d2027fd7be96efe6a498453a4cdd3d981fa222c2ae46038	432b0ac65c7315ce0a2184c5c5d778a05e185ab048ca7cb62483f5c6e1f8fbfe	True	File_S8_catalogue_synced_figures_20260909.zip
modules/S8/analysis/系统树_F2/collected/Snakin_GASA/Snakin_GASA.core.gappyout.mldist	19611	78fc416c1a889eb97f8ec376251f24ccc15956dadadfd48706131b65d3160b0c	78fc416c1a889eb97f8ec376251f24ccc15956dadadfd48706131b65d3160b0c	False	File_S8_catalogue_synced_figures_20260909.zip
modules/S8/analysis/系统树_F2/collected/Snakin_GASA/Snakin_GASA.core.gappyout.run.log	53614	ef300721ee3667ba2869c66a5b2651ac6d14095b32e71847a4cc0b906593b262	033060289242940b23e905bdad392bd5c1280002309fe395009ff0ba8a2d7bed	True	File_S8_catalogue_synced_figures_20260909.zip
modules/S8/analysis/系统树_F2/collected/Snakin_GASA/Snakin_GASA.core.gappyout.splits.nex	16724	07c96c8c61ff41d4540b28373b6f2aec5b14eccca986f409de5854d3c4be9503	07c96c8c61ff41d4540b28373b6f2aec5b14eccca986f409de5854d3c4be9503	False	File_S8_catalogue_synced_figures_20260909.zip
modules/S8/analysis/系统树_F2/collected/Snakin_GASA/Snakin_GASA.core.gappyout.treefile	2005	75c979cbed5f58be2a3d83d43be1f1c30dde2088f9c8a7342b5918d7fe5f8c35	75c979cbed5f58be2a3d83d43be1f1c30dde2088f9c8a7342b5918d7fe5f8c35	False	File_S8_catalogue_synced_figures_20260909.zip
modules/S8/analysis/系统树_F2/collected/Snakin_GASA/Snakin_GASA.core.gappyout.ufboot	1740000	7f7b12146ffd383a55095f0660470d8f6eb02b01f8ff3181944e1e77fd96e4c8	7f7b12146ffd383a55095f0660470d8f6eb02b01f8ff3181944e1e77fd96e4c8	False	File_S8_catalogue_synced_figures_20260909.zip
modules/S8/analysis/系统树_F2/collected/Snakin_GASA/Snakin_GASA.core.untrimmed.bionj	1612	4a890645b40c180264a86708222d9991d44e53617e44bd9e9224324164bfc4f8	4a890645b40c180264a86708222d9991d44e53617e44bd9e9224324164bfc4f8	False	File_S8_catalogue_synced_figures_20260909.zip
modules/S8/analysis/系统树_F2/collected/Snakin_GASA/Snakin_GASA.core.untrimmed.contree	1821	f6040282b660a7cdcc24099e7fdf08467904d8d08f34ec578f705b62b5917a67	f6040282b660a7cdcc24099e7fdf08467904d8d08f34ec578f705b62b5917a67	False	File_S8_catalogue_synced_figures_20260909.zip
modules/S8/analysis/系统树_F2/collected/Snakin_GASA/Snakin_GASA.core.untrimmed.iqtree	29036	5910bd54ebe399a9f87018f0fc7984117feb8b6bd8e60e7d5832142a7fb9f233	ef689fd8729e17f36d587c7b5e1e57e9529b89649ee2c6e409d84bde1dcf2f9c	True	File_S8_catalogue_synced_figures_20260909.zip
modules/S8/analysis/系统树_F2/collected/Snakin_GASA/Snakin_GASA.core.untrimmed.log	20283	4d98c5708b429963d8272c745b3e1c195c4fd003b70096f5ca2b0982226facc4	9f3adb4b450eec0631ca81c639c3e73921809c7d6edcec849bd0751c70f490f7	True	File_S8_catalogue_synced_figures_20260909.zip
modules/S8/analysis/系统树_F2/collected/Snakin_GASA/Snakin_GASA.core.untrimmed.mldist	19611	138e6c6b175edca7ffaa12fbcf68e58d8da1088394928c9c8f16198ede8b84de	138e6c6b175edca7ffaa12fbcf68e58d8da1088394928c9c8f16198ede8b84de	False	File_S8_catalogue_synced_figures_20260909.zip
modules/S8/analysis/系统树_F2/collected/Snakin_GASA/Snakin_GASA.core.untrimmed.run.log	20283	4d98c5708b429963d8272c745b3e1c195c4fd003b70096f5ca2b0982226facc4	9f3adb4b450eec0631ca81c639c3e73921809c7d6edcec849bd0751c70f490f7	True	File_S8_catalogue_synced_figures_20260909.zip
modules/S8/analysis/系统树_F2/collected/Snakin_GASA/Snakin_GASA.core.untrimmed.splits.nex	15913	e26f5e2c9e76741883b71465f1fe2629b8c93d034cfda36fc110a4367310986d	e26f5e2c9e76741883b71465f1fe2629b8c93d034cfda36fc110a4367310986d	False	File_S8_catalogue_synced_figures_20260909.zip
modules/S8/analysis/系统树_F2/collected/Snakin_GASA/Snakin_GASA.core.untrimmed.treefile	2001	444e85f283c5269afd79299e0b2bf3a1ca295b575dcd638f75a9b595c72278a8	444e85f283c5269afd79299e0b2bf3a1ca295b575dcd638f75a9b595c72278a8	False	File_S8_catalogue_synced_figures_20260909.zip
modules/S8/analysis/系统树_F2/collected/Snakin_GASA/Snakin_GASA.core.untrimmed.ufboot	1740000	3db28cbbdd7b7e718a52e6a62001978c11c7dd6001644409730c15a1f21d1a4c	3db28cbbdd7b7e718a52e6a62001978c11c7dd6001644409730c15a1f21d1a4c	False	File_S8_catalogue_synced_figures_20260909.zip
modules/S8/analysis/系统树_F2/collected/Snakin_GASA/Snakin_GASA.full.aligned.faa	16918	c7ac404fb7853df32946897abac21417826c23d7c14c79637910f6edba0845f9	c7ac404fb7853df32946897abac21417826c23d7c14c79637910f6edba0845f9	False	File_S8_catalogue_synced_figures_20260909.zip
modules/S8/analysis/系统树_F2/collected/Snakin_GASA/Snakin_GASA.full.faa	5451	bec46441dbc8f8cc56740b57677a434f7f7856147517ff670de318d3949ca202	bec46441dbc8f8cc56740b57677a434f7f7856147517ff670de318d3949ca202	False	File_S8_catalogue_synced_figures_20260909.zip
modules/S8/analysis/系统树_F2/collected/Snakin_GASA/Snakin_GASA.full.gappyout.bionj	1600	d1a3b16316eea1630dfe42fa686a680afd45f958775a2582224daa4538b2b8fb	d1a3b16316eea1630dfe42fa686a680afd45f958775a2582224daa4538b2b8fb	False	File_S8_catalogue_synced_figures_20260909.zip
modules/S8/analysis/系统树_F2/collected/Snakin_GASA/Snakin_GASA.full.gappyout.contree	1824	63b0a0292537b831780dd82f7438a545fefe16c91440cba440bdff52ba32521a	63b0a0292537b831780dd82f7438a545fefe16c91440cba440bdff52ba32521a	False	File_S8_catalogue_synced_figures_20260909.zip
modules/S8/analysis/系统树_F2/collected/Snakin_GASA/Snakin_GASA.full.gappyout.faa	5738	f5683bc158d7ad5df42a0a55b8c359a8e1b887c8ce42ae9f9017c6a82c7880ef	f5683bc158d7ad5df42a0a55b8c359a8e1b887c8ce42ae9f9017c6a82c7880ef	False	File_S8_catalogue_synced_figures_20260909.zip
modules/S8/analysis/系统树_F2/collected/Snakin_GASA/Snakin_GASA.full.gappyout.iqtree	40011	c3e9d7f7b0f84936b1c948ae5ca68d23aa1a58cd91720844ec055bbf6b63d486	00bbc04cf62f963ecd2cd56b15962b861895991b96d9e85522827556d3c34af8	True	File_S8_catalogue_synced_figures_20260909.zip
modules/S8/analysis/系统树_F2/collected/Snakin_GASA/Snakin_GASA.full.gappyout.log	28146	565b1a11e0350656754a0a4963e18084dd11a294489a5a7e0ac884dc06804514	545070654997e9a26eeb07e9c2dded07f976d7f11e5943c8f29bbebca914d87e	True	File_S8_catalogue_synced_figures_20260909.zip
modules/S8/analysis/系统树_F2/collected/Snakin_GASA/Snakin_GASA.full.gappyout.mldist	19611	ef1cd9be7fa1defe12fb2920652a9308778f31a2c144efb791964e51fe00fe01	ef1cd9be7fa1defe12fb2920652a9308778f31a2c144efb791964e51fe00fe01	False	File_S8_catalogue_synced_figures_20260909.zip
modules/S8/analysis/系统树_F2/collected/Snakin_GASA/Snakin_GASA.full.gappyout.run.log	28146	565b1a11e0350656754a0a4963e18084dd11a294489a5a7e0ac884dc06804514	545070654997e9a26eeb07e9c2dded07f976d7f11e5943c8f29bbebca914d87e	True	File_S8_catalogue_synced_figures_20260909.zip
modules/S8/analysis/系统树_F2/collected/Snakin_GASA/Snakin_GASA.full.gappyout.splits.nex	16921	0435b879804e5f88631f3918c8a88b387630da745a8c747c73597c37081e8f04	0435b879804e5f88631f3918c8a88b387630da745a8c747c73597c37081e8f04	False	File_S8_catalogue_synced_figures_20260909.zip
modules/S8/analysis/系统树_F2/collected/Snakin_GASA/Snakin_GASA.full.gappyout.treefile	2014	a3d20b7cd8ab8eaf53d7c956ec6d2e57d7eecc4f4ccdb55bec41764b3712efb1	a3d20b7cd8ab8eaf53d7c956ec6d2e57d7eecc4f4ccdb55bec41764b3712efb1	False	File_S8_catalogue_synced_figures_20260909.zip
modules/S8/analysis/系统树_F2/collected/Snakin_GASA/Snakin_GASA.full.gappyout.ufboot	1740000	1ee71af79e7f67ac6e50ecf268d835b5cd5f98e5f86aeca9c81a160e86b6641a	1ee71af79e7f67ac6e50ecf268d835b5cd5f98e5f86aeca9c81a160e86b6641a	False	File_S8_catalogue_synced_figures_20260909.zip
modules/S8/analysis/系统树_F2/collected/Snakin_GASA/Snakin_GASA.full.untrimmed.bionj	1600	e24aebf76c1993c2469fcce99cf0f9c6613b8fcd75a0e8ccd57632e6630147c5	e24aebf76c1993c2469fcce99cf0f9c6613b8fcd75a0e8ccd57632e6630147c5	False	File_S8_catalogue_synced_figures_20260909.zip
modules/S8/analysis/系统树_F2/collected/Snakin_GASA/Snakin_GASA.full.untrimmed.contree	1824	0d59f5113336b9fb95428a8ba13c32d9ff64e35d13a8c358b7ae19d4408703e3	0d59f5113336b9fb95428a8ba13c32d9ff64e35d13a8c358b7ae19d4408703e3	False	File_S8_catalogue_synced_figures_20260909.zip
modules/S8/analysis/系统树_F2/collected/Snakin_GASA/Snakin_GASA.full.untrimmed.iqtree	34573	af9a82e23173403bf803c9962a9df57cbfa26e1091e643ce0aefff71abc437a6	2658e6e7923a36940592df52c8a8df2f66f672e1c0031dfccc8c6f189dedbe85	True	File_S8_catalogue_synced_figures_20260909.zip
modules/S8/analysis/系统树_F2/collected/Snakin_GASA/Snakin_GASA.full.untrimmed.log	24100	258ae2f8cbc63348281060e8299e4143e986b42576f473ca1a1c659b6332fa82	586904872f148a084b56fdb803a7513fe27ed86ebabafe677a0c6a35ffccf98d	True	File_S8_catalogue_synced_figures_20260909.zip
modules/S8/analysis/系统树_F2/collected/Snakin_GASA/Snakin_GASA.full.untrimmed.mldist	19611	bd4bd62f6215561a698d942da811ff703a0792d574f0649d9943d0ac943411f1	bd4bd62f6215561a698d942da811ff703a0792d574f0649d9943d0ac943411f1	False	File_S8_catalogue_synced_figures_20260909.zip
modules/S8/analysis/系统树_F2/collected/Snakin_GASA/Snakin_GASA.full.untrimmed.run.log	24100	258ae2f8cbc63348281060e8299e4143e986b42576f473ca1a1c659b6332fa82	586904872f148a084b56fdb803a7513fe27ed86ebabafe677a0c6a35ffccf98d	True	File_S8_catalogue_synced_figures_20260909.zip
modules/S8/analysis/系统树_F2/collected/Snakin_GASA/Snakin_GASA.full.untrimmed.splits.nex	16140	692ad2204907dcb67cf8b0edf76e2cb2fca8ab118a5fbc9f4f466c8be41d4230	692ad2204907dcb67cf8b0edf76e2cb2fca8ab118a5fbc9f4f466c8be41d4230	False	File_S8_catalogue_synced_figures_20260909.zip
modules/S8/analysis/系统树_F2/collected/Snakin_GASA/Snakin_GASA.full.untrimmed.treefile	2015	2e9205856675d19bee6c310704186f3c8613d2e26070a90cca583673a9ab268c	2e9205856675d19bee6c310704186f3c8613d2e26070a90cca583673a9ab268c	False	File_S8_catalogue_synced_figures_20260909.zip
modules/S8/analysis/系统树_F2/collected/Snakin_GASA/Snakin_GASA.full.untrimmed.ufboot	1740000	d903db50b2cb7b6bebedb22b4b57e3c779cd5a41f33dd0cb66a9d1dcaf06e7c3	d903db50b2cb7b6bebedb22b4b57e3c779cd5a41f33dd0cb66a9d1dcaf06e7c3	False	File_S8_catalogue_synced_figures_20260909.zip
modules/S8/analysis/注释_F1_F3_F4/Captions_Methods_Results_EN.md	7433	d818777793391a400d4c9b283ea8f878b6406d320a6d4cdc6965a915a024a8b2	d818777793391a400d4c9b283ea8f878b6406d320a6d4cdc6965a915a024a8b2	False	File_S8_catalogue_synced_figures_20260909.zip
modules/S8/analysis/注释_F1_F3_F4/F1_F3_F4_replacement_tables_primary73.xlsx	106766	2e938aa09e3b3dcfa0a5ba2a3d636e9a25113082a6a94c8ae358e3555704b402	24f4fdf116440819401d1d98bffbb0434bded2eebb6c2b3d095919ef39a0510d	True	File_S8_catalogue_synced_figures_20260909.zip
modules/S8/analysis/注释_F1_F3_F4/Figure1_chromosome_member_counts.tsv	209	2e809bfa64eb89821d9dc824b7d508fdbc92555bcc094a012168ce1d471d9b4f	ddf9dcc85a22cdae2b9a0ded07a1d862555ab1bbe6333e5e1095b02933268778	True	File_S8_catalogue_synced_figures_20260909.zip
modules/S8/analysis/注释_F1_F3_F4/Figure1_primary73_ideogram_gene_density.pdf	81077	6e996e2a8fda6459eaa89417d14dc7b70abf4c2c7f74703ca8114358d74f44d3	6e996e2a8fda6459eaa89417d14dc7b70abf4c2c7f74703ca8114358d74f44d3	False	File_S8_catalogue_synced_figures_20260909.zip
modules/S8/analysis/注释_F1_F3_F4/Figure1_primary73_ideogram_gene_density.png	1427129	9036a0fc13ed726d3d500f9b30a855de6866f7dada222e1a3dae2bf5c9c65865	9036a0fc13ed726d3d500f9b30a855de6866f7dada222e1a3dae2bf5c9c65865	False	File_S8_catalogue_synced_figures_20260909.zip
modules/S8/analysis/注释_F1_F3_F4/Figure1_primary73_ideogram_gene_density.svg	397715	7b224265e2ab9e9c69e58b7b22dcc3e779564173382d962b6672bf1756b604b6	7b224265e2ab9e9c69e58b7b22dcc3e779564173382d962b6672bf1756b604b6	False	File_S8_catalogue_synced_figures_20260909.zip
modules/S8/analysis/注释_F1_F3_F4/Figure1_primary73_ideogram_gene_density_preview.png	293578	b8a5db98d3bd007a8d5d4ab622e42b7fb1a274123aa9fb2fdbff8224da67ded6	b8a5db98d3bd007a8d5d4ab622e42b7fb1a274123aa9fb2fdbff8224da67ded6	False	File_S8_catalogue_synced_figures_20260909.zip
modules/S8/analysis/注释_F1_F3_F4/Figure3_primary73_gene_structure.pdf	47216	0817fc54a099c2908b9c5868f6887b32c7f26148b068257dbd6febdb6b36c1ad	0817fc54a099c2908b9c5868f6887b32c7f26148b068257dbd6febdb6b36c1ad	False	File_S8_catalogue_synced_figures_20260909.zip
modules/S8/analysis/注释_F1_F3_F4/Figure3_primary73_gene_structure.png	1428248	41112d8dcb1c9492d177be9d512c257390593c1135b868489b8fe171a21fb489	41112d8dcb1c9492d177be9d512c257390593c1135b868489b8fe171a21fb489	False	File_S8_catalogue_synced_figures_20260909.zip
modules/S8/analysis/注释_F1_F3_F4/Figure3_primary73_gene_structure.svg	182273	e36953009cd89129fbdab6247610ed484d155844677705281a7535ee724c6d48	e36953009cd89129fbdab6247610ed484d155844677705281a7535ee724c6d48	False	File_S8_catalogue_synced_figures_20260909.zip
modules/S8/analysis/注释_F1_F3_F4/Figure3_primary73_gene_structure_preview.png	290331	f41e19180609fcabc6644c77fc341f55a0966a3a0bf785246635771a7a6c402c	f41e19180609fcabc6644c77fc341f55a0966a3a0bf785246635771a7a6c402c	False	File_S8_catalogue_synced_figures_20260909.zip
modules/S8/analysis/注释_F1_F3_F4/Figure3_structure_features_primary73.tsv	45776	352dc8ee3d7ecefa892d8b5a2f6be6bbe529c066f61041a936c74eb94b9e2494	9f7c46870d1c16b10aa7a552e09621cd91a4f717dbc8ed32a41a7bcf14996e1f	True	File_S8_catalogue_synced_figures_20260909.zip
modules/S8/analysis/注释_F1_F3_F4/Figure3_structure_summary_primary73.tsv	21115	25743688fc7b2a0196e902b10d01034345c7c31230c6b8b8f389e5f4ab78612a	460a176cb89e70c4ddf7d6dcbc84f9f4dd3b2f6cebea25c493a9802c8c2e1905	True	File_S8_catalogue_synced_figures_20260909.zip
modules/S8/analysis/注释_F1_F3_F4/Figure4_motif_contributing_sites.tsv	15652	c052e62c484b54ac3a2200749459fdd9a8efc18accbe837a3844db154b613e40	83f2d2b075bac648a84d6057d1a57db49d9aa157d680b4cd4c81c917e55b0cd0	True	File_S8_catalogue_synced_figures_20260909.zip
modules/S8/analysis/注释_F1_F3_F4/Figure4_motif_definitions.tsv	2902	19ac11a98bf3742b7b5856bd05696e7562c3acfa378b3ffaedda9d1e3079dcb9	0acd99928c243f830693c781de3b31e49c043a4c0fefbbfc9129af9433bb49df	True	File_S8_catalogue_synced_figures_20260909.zip
modules/S8/analysis/注释_F1_F3_F4/Figure4_motif_member_summary.tsv	3090	5ba5cd7ceee93cd62831f3b89d887f1fdc621e315dac9999ac31cd23ce1470f1	f4d0a6d29eab57f3efc42057e4720a35690dcb9baad38376f3d23a5c2a53335d	True	File_S8_catalogue_synced_figures_20260909.zip
modules/S8/analysis/注释_F1_F3_F4/Figure4_motif_probability_matrices.tsv	158292	ff668b60f0f238b7ca51fefaf9bb2e71b7ee53d09825ae487f0c00df65a852ce	00a81beac3e47931f3ed3c27f0d7617dc78636cf0f44333f4443f92eec2215c1	True	File_S8_catalogue_synced_figures_20260909.zip
modules/S8/analysis/注释_F1_F3_F4/Figure4_motif_scan_sites_primary73.tsv	23809	9a89c3d1b8e70986242c86859eccca8f5f1b06342190ff2d7756df9d24a88dbe	6c7aea32ff9cc51cbc053824c4d5f67930f809211bd98a2b52a65134f3dcf790	True	File_S8_catalogue_synced_figures_20260909.zip
modules/S8/analysis/注释_F1_F3_F4/Figure4_old_new_search_scope.tsv	518	cebedc9f2c577357ebbd5981b947ad3f7f6eac8ab8ed9bdc4118d85025c59f7c	7ecf83e78bedcc72168581c7318a4b7c17fdb546226afe0c73e15cf473eaca42	True	File_S8_catalogue_synced_figures_20260909.zip
modules/S8/analysis/注释_F1_F3_F4/Figure4_primary73_conserved_motifs.pdf	37195	035977492716816a59363d1a599a8e8c290a5b03f4f03b70a6442e22dd8f6597	035977492716816a59363d1a599a8e8c290a5b03f4f03b70a6442e22dd8f6597	False	File_S8_catalogue_synced_figures_20260909.zip
modules/S8/analysis/注释_F1_F3_F4/Figure4_primary73_conserved_motifs.png	900154	e7b9d3e1a07a478c75bf74a22d52cdaf1439553ba9fdaf69b2d358b5f0d20362	e7b9d3e1a07a478c75bf74a22d52cdaf1439553ba9fdaf69b2d358b5f0d20362	False	File_S8_catalogue_synced_figures_20260909.zip
modules/S8/analysis/注释_F1_F3_F4/Figure4_primary73_conserved_motifs.svg	105953	b179ba4271b02114c3b96c8c5ed3c7880e8eca2eb084f19169e176c41979eb25	b179ba4271b02114c3b96c8c5ed3c7880e8eca2eb084f19169e176c41979eb25	False	File_S8_catalogue_synced_figures_20260909.zip
modules/S8/analysis/注释_F1_F3_F4/Figure4_primary73_conserved_motifs_preview.png	182194	6651604619c8d1640a2a8ad782385f21a864c1f114ec76cee596bd4c3da1ec51	6651604619c8d1640a2a8ad782385f21a864c1f114ec76cee596bd4c3da1ec51	False	File_S8_catalogue_synced_figures_20260909.zip
modules/S8/analysis/注释_F1_F3_F4/Figure4_sequence_coverage_primary73.tsv	7664	b812d23dea3c8237a1c477d78582136c98f09ff4f8f381a9ee98507f67791a39	ed546bcabee0fa192f214190a43eb56d24b13c9cb9f3f26480b26cec7f6379c6	True	File_S8_catalogue_synced_figures_20260909.zip
modules/S8/analysis/注释_F1_F3_F4/finalize_annotation_delivery.py	6608	716b75c83f24ec34430ac9eca81af12dcbba6fc9d3c10c545e4ea1c9ec0d56c7	b07817f1cc99e228ed7587b6a219d7155980bb59d64d594164392a56ecf591a0	True	File_S8_catalogue_synced_figures_20260909.zip
modules/S8/analysis/注释_F1_F3_F4/PREPUBLICATION_input_manifest_SHA256.tsv	1098	8343bffe2a5baf48c11b32d2d8b2cf41a685ddb1cddae9bdef2b102053f70208	cf9e57048d3678a8527025c65d7c60985d5efb2042eb48f41999232242ca61dc	True	File_S8_catalogue_synced_figures_20260909.zip
modules/S8/analysis/注释_F1_F3_F4/PREPUBLICATION_MANIFEST_SHA256.tsv	8837	e7d5e8e42a7f1128cb2f14020c14417c67cea31b0e82ebff9808a6a86e87de6c	e7d5e8e42a7f1128cb2f14020c14417c67cea31b0e82ebff9808a6a86e87de6c	False	File_S8_catalogue_synced_figures_20260909.zip
modules/S8/analysis/注释_F1_F3_F4/MEME_completion_and_transfer_validation.json	60431	8f7beef4d228df586971ac9b6db204724ba42995c11b606f3551bfbe83d34788	ebfef1c68610932dc1510fdf9478a320cdca38a926b9d4ba461e52643b76bd3a	True	File_S8_catalogue_synced_figures_20260909.zip
modules/S8/analysis/注释_F1_F3_F4/MEME_dispatch_and_provenance.json	4524	53b2fae857e5bd5cec11209990c80ad168dfedd282ed632e2f0d77c62096a7eb	b1376545b05a69d7fbc9ed61d84ce410539af150440eec1bb5be8a6f589d673a	True	File_S8_catalogue_synced_figures_20260909.zip
modules/S8/analysis/注释_F1_F3_F4/plot_Figure1_primary73.py	12697	107411680a52435376fbb4476566a643bf19b11bd9f9e7af9c40a44457d1af15	107411680a52435376fbb4476566a643bf19b11bd9f9e7af9c40a44457d1af15	False	File_S8_catalogue_synced_figures_20260909.zip
modules/S8/analysis/注释_F1_F3_F4/plot_structure_and_motifs_primary73.py	16114	30f6f811bcab9b1a160e7f9c2a04ffe96988c48e4a6aee53a4b9db7747e9baeb	30f6f811bcab9b1a160e7f9c2a04ffe96988c48e4a6aee53a4b9db7747e9baeb	False	File_S8_catalogue_synced_figures_20260909.zip
modules/S8/analysis/注释_F1_F3_F4/prepare_annotation_figures.py	4688	5cac25cab20a97f05c2220571ce42700ecc6274a045f91ef20c5b8a1b05642f6	5cac25cab20a97f05c2220571ce42700ecc6274a045f91ef20c5b8a1b05642f6	False	File_S8_catalogue_synced_figures_20260909.zip
modules/S8/analysis/注释_F1_F3_F4/QA_annotation_figures.json	4431	f82385b43088a918c7a170d86dfb87bbc0ddab6527a34b2b202a677dde13de9f	f82385b43088a918c7a170d86dfb87bbc0ddab6527a34b2b202a677dde13de9f	False	File_S8_catalogue_synced_figures_20260909.zip
modules/S8/analysis/注释_F1_F3_F4/README_交付与范围.md	2585	9db02930ee228da7c66fde05830a3e24a7ee037437d9cd9547c0a9986b734856	4fc0c8586cc648bc464d4dd751b32207fbdaa62c3b668dcd8dae9f9d6e9fae7d	True	File_S8_catalogue_synced_figures_20260909.zip
modules/S8/analysis/注释_F1_F3_F4/Results_numbers_F1_F3_F4.json	11283	a5aa9663b7ecb02a4d6093495c47f72d2bb6eaf27a2c006284a435a3bbf0a704	a5aa9663b7ecb02a4d6093495c47f72d2bb6eaf27a2c006284a435a3bbf0a704	False	File_S8_catalogue_synced_figures_20260909.zip
modules/S8/analysis/注释_F1_F3_F4/run_meme_primary73.py	3489	a79ab445c795e7333071f122f7dcf7af0b7a73e986f2b97e296344b08230ca8b	87b71e370b09c715f2d0b8eb60703454663afb793bbfd0f3dd5760b3c1762fbf	True	File_S8_catalogue_synced_figures_20260909.zip
modules/S8/analysis/注释_F1_F3_F4/S1_Catalogue_primary73.tsv	34276	b7724e8b63d578c83ff8634d3361d8f85d309c1d826f8fbecd6affb5ebe65762	482f2d2352fe215e4e93e79020c6b36b98d3d7e4580b373e203de5f0c8df8e7e	True	File_S8_catalogue_synced_figures_20260909.zip
modules/S8/analysis/注释_F1_F3_F4/data/amp_catalogue.tsv	7132	c3009e28fb5f8ac78112c9451977b9ef788e8ed733bb2316a58636fcc0adec94	1c89f0930162117da4fff92aa075c716d39dfd47c6942044b725c58693119cbf	True	File_S8_catalogue_synced_figures_20260909.zip
modules/S8/analysis/注释_F1_F3_F4/data/chromosome_lengths.tsv	201	3ba1b23ef8588766943e301c3495fc44bceba782be335e9bb16ce5d180fe44b4	3ba1b23ef8588766943e301c3495fc44bceba782be335e9bb16ce5d180fe44b4	False	File_S8_catalogue_synced_figures_20260909.zip
modules/S8/analysis/注释_F1_F3_F4/data/Figure1_primary73_ideogram_gene_density_label_positions.tsv	5347	31f1517df95b7c24a361500af977ff584218aac9ada8b0b0e1a014ba8590eb79	31f1517df95b7c24a361500af977ff584218aac9ada8b0b0e1a014ba8590eb79	False	File_S8_catalogue_synced_figures_20260909.zip
modules/S8/analysis/注释_F1_F3_F4/data/Figure1_primary73_ideogram_gene_density_qa.json	615	b409db8e39d1275a40bd5dd67d2a036269dc77620f5383adee5534e09aa20543	b409db8e39d1275a40bd5dd67d2a036269dc77620f5383adee5534e09aa20543	False	File_S8_catalogue_synced_figures_20260909.zip
modules/S8/analysis/注释_F1_F3_F4/data/Figure3_QA.json	618	af0812df24b90d62d508930c3154234b3809106412490f259761114dcc87ba87	af0812df24b90d62d508930c3154234b3809106412490f259761114dcc87ba87	False	File_S8_catalogue_synced_figures_20260909.zip
modules/S8/analysis/注释_F1_F3_F4/data/Figure4_QA.json	1352	ae73e7bb01ec74fee4e8d0fef2c116863b5bf1ade584c5483c951eef28e45c0f	ae73e7bb01ec74fee4e8d0fef2c116863b5bf1ade584c5483c951eef28e45c0f	False	File_S8_catalogue_synced_figures_20260909.zip
modules/S8/analysis/注释_F1_F3_F4/data/gene_density_1Mb.tsv	41045	93ac15b5032871792cd4cd4d30567401c75984e2ecfc82af85114bb1407886b8	93ac15b5032871792cd4cd4d30567401c75984e2ecfc82af85114bb1407886b8	False	File_S8_catalogue_synced_figures_20260909.zip
modules/S8/analysis/注释_F1_F3_F4/data/genome.fa.fai	12755	7808a31506497a9bfe292fdbca3629dc6bd00832d50b1ea701a5b1d348edf55e	7808a31506497a9bfe292fdbca3629dc6bd00832d50b1ea701a5b1d348edf55e	False	File_S8_catalogue_synced_figures_20260909.zip
modules/S8/analysis/注释_F1_F3_F4/data/legacy_density_source_audit.json	9444	3da5ceaa39e0a54a1d5da66f53a8798e699ff0a35cf279abbe3c286d81129ba3	7ef5c8d160659ce99510c0c325171f6b84d6fc7b3f423f4dd26f1a20f322bb49	True	File_S8_catalogue_synced_figures_20260909.zip
modules/S8/analysis/注释_F1_F3_F4/data/source_audit.json	12158	3cfd20cc5ecf02fb7f06c391a06ce501fd88094e9f57f6b2546e65afc4279030	12a4e888970f860d22e8b841b9e70b6c2bfda645e8d8cd3b324f9ce315e84bb8	True	File_S8_catalogue_synced_figures_20260909.zip
modules/S8/analysis/注释_F1_F3_F4/inputs/Defensin_primary73.faa	1325	9ce3b2d6d9672091aade434828b8883c0ef19ea8bca03a45cf290fca08dae03b	9ce3b2d6d9672091aade434828b8883c0ef19ea8bca03a45cf290fca08dae03b	False	File_S8_catalogue_synced_figures_20260909.zip
modules/S8/analysis/注释_F1_F3_F4/inputs/nsLTP_primary73.faa	5971	3b9952873af5ae5c8370f372f20d2a9c030b268898b07bd29a58914c1abd27fd	3b9952873af5ae5c8370f372f20d2a9c030b268898b07bd29a58914c1abd27fd	False	File_S8_catalogue_synced_figures_20260909.zip
modules/S8/analysis/注释_F1_F3_F4/inputs/rso_source_model_features.raw.gff3	69479	44ddc09202afc353c17d011e3eca53069e87f27524cf2ce686ac0d7ae4f8b7a5	44ddc09202afc353c17d011e3eca53069e87f27524cf2ce686ac0d7ae4f8b7a5	False	File_S8_catalogue_synced_figures_20260909.zip
modules/S8/analysis/注释_F1_F3_F4/inputs/rso_主分析_73.cds_with_stop.fna	31108	dedf8d3dac4fc97dc46c7269e4cc4ff3f6f2da00800e2c24a5e9f87a5d3eba92	dedf8d3dac4fc97dc46c7269e4cc4ff3f6f2da00800e2c24a5e9f87a5d3eba92	False	File_S8_catalogue_synced_figures_20260909.zip
modules/S8/analysis/注释_F1_F3_F4/inputs/rso_主分析_73.coding.gff3	54665	f3c5c4bbde81c1ab990708af1515cb2a5bd9e496dce271d27e4e2c817b1e28b6	f3c5c4bbde81c1ab990708af1515cb2a5bd9e496dce271d27e4e2c817b1e28b6	False	File_S8_catalogue_synced_figures_20260909.zip
modules/S8/analysis/注释_F1_F3_F4/inputs/rso_主分析_73.protein.faa	13761	7fce3afed87377c9161097969569b8bc28191c636790371f7ff2c7f1dafe7aec	7fce3afed87377c9161097969569b8bc28191c636790371f7ff2c7f1dafe7aec	False	File_S8_catalogue_synced_figures_20260909.zip
modules/S8/analysis/注释_F1_F3_F4/inputs/Snakin_GASA_primary73.faa	2122	65176682a03e866d775013a8713374b38c4ee3b68bf806e36fa2b0efb2573418	65176682a03e866d775013a8713374b38c4ee3b68bf806e36fa2b0efb2573418	False	File_S8_catalogue_synced_figures_20260909.zip
modules/S8/analysis/注释_F1_F3_F4/inputs/统一成员目录_主分析111.tsv	165535	8286e39223e894415b8982a751b8277b93e6d28b61b598f9fe2dd54a9dff5d45	3c01ba39931c8ae985738f48c43dbf8d3a58fb62dea9f8b05f70aadb40cf3e91	True	File_S8_catalogue_synced_figures_20260909.zip
modules/S8/analysis/注释_F1_F3_F4/MEME_primary73/Defensin/logo1.eps	16879	bc61d01c1985aa888a3b9b8f4022855c1852259ea5a0b2c6fadf2a6a6168a949	bc61d01c1985aa888a3b9b8f4022855c1852259ea5a0b2c6fadf2a6a6168a949	False	File_S8_catalogue_synced_figures_20260909.zip
modules/S8/analysis/注释_F1_F3_F4/MEME_primary73/Defensin/logo2.eps	16153	2f4a7ca5870a5f38d5839a1f382e169894d13814e9ae406f4ec1ca50fb24c6c6	2f4a7ca5870a5f38d5839a1f382e169894d13814e9ae406f4ec1ca50fb24c6c6	False	File_S8_catalogue_synced_figures_20260909.zip
modules/S8/analysis/注释_F1_F3_F4/MEME_primary73/Defensin/logo3.eps	14893	7b80fead1a7cd2a09c7ab76b913f9705fbbc306e9bc63d7ca5850ab87ba3b272	7b80fead1a7cd2a09c7ab76b913f9705fbbc306e9bc63d7ca5850ab87ba3b272	False	File_S8_catalogue_synced_figures_20260909.zip
modules/S8/analysis/注释_F1_F3_F4/MEME_primary73/Defensin/logo4.eps	15211	fb1498ca2449087e25a1f613dcaccf33f5975ac2f95d06129ad627f516bb9fe5	fb1498ca2449087e25a1f613dcaccf33f5975ac2f95d06129ad627f516bb9fe5	False	File_S8_catalogue_synced_figures_20260909.zip
modules/S8/analysis/注释_F1_F3_F4/MEME_primary73/Defensin/logo5.eps	14302	8c19dce172180c6d0afab99e98ad37f173e9d2b0a8e44fd2d223a7834f1c44b2	8c19dce172180c6d0afab99e98ad37f173e9d2b0a8e44fd2d223a7834f1c44b2	False	File_S8_catalogue_synced_figures_20260909.zip
modules/S8/analysis/注释_F1_F3_F4/MEME_primary73/Defensin/meme.html	391047	367f1ac86b8e0f9d010b1c7df3a6e1075e4f0caf6ec60c5d5fa96e474d638bbb	15e530718bcb8da11fb87677f32191cf3a75d71016e7af32ac7d897ecc4b85f4	True	File_S8_catalogue_synced_figures_20260909.zip
modules/S8/analysis/注释_F1_F3_F4/MEME_primary73/Defensin/meme.txt	70216	5f0c194417293dae55329e10205507a236486fdae6113141677ca830ba3c4564	af084ef15ab27ca91daacf76bd9bd3cca21a69deedd84c016ad9acb9195bace2	True	File_S8_catalogue_synced_figures_20260909.zip
modules/S8/analysis/注释_F1_F3_F4/MEME_primary73/Defensin/meme.xml	195829	077321ab7eff086e720a98ea1640b8fc412a326f67d27838b088c1866654ea21	d82e63bbdd31d0e803e5e2286ad8b3d8b5c474b6af59e83b26291864e752ce4f	True	File_S8_catalogue_synced_figures_20260909.zip
modules/S8/analysis/注释_F1_F3_F4/MEME_primary73/nsLTP/logo1.eps	18475	8c524121c9b41e855e0bf68b5e9696935ebf7ad004e5b52723e4ebd1367c0000	8c524121c9b41e855e0bf68b5e9696935ebf7ad004e5b52723e4ebd1367c0000	False	File_S8_catalogue_synced_figures_20260909.zip
modules/S8/analysis/注释_F1_F3_F4/MEME_primary73/nsLTP/logo2.eps	16725	2b4261207ee8863729dfc8e16d4880a8bd6ca93a59251493402b69d381e761ee	2b4261207ee8863729dfc8e16d4880a8bd6ca93a59251493402b69d381e761ee	False	File_S8_catalogue_synced_figures_20260909.zip
modules/S8/analysis/注释_F1_F3_F4/MEME_primary73/nsLTP/logo3.eps	18805	51a76b09c1837d9a7ceae96788cb659ddb3a3c4543d41e8d49b4304e6eddcdc5	51a76b09c1837d9a7ceae96788cb659ddb3a3c4543d41e8d49b4304e6eddcdc5	False	File_S8_catalogue_synced_figures_20260909.zip
modules/S8/analysis/注释_F1_F3_F4/MEME_primary73/nsLTP/logo4.eps	17517	e0cd348d02f83596306d3cf2fc43a0c59bfddc62454fede0890410852481307c	e0cd348d02f83596306d3cf2fc43a0c59bfddc62454fede0890410852481307c	False	File_S8_catalogue_synced_figures_20260909.zip
modules/S8/analysis/注释_F1_F3_F4/MEME_primary73/nsLTP/logo5.eps	15399	64537b9bfa3f11cbae8519dcc7a2206d9b7f57917f868261e8571807c969ce28	64537b9bfa3f11cbae8519dcc7a2206d9b7f57917f868261e8571807c969ce28	False	File_S8_catalogue_synced_figures_20260909.zip
modules/S8/analysis/注释_F1_F3_F4/MEME_primary73/nsLTP/meme.html	435941	371bb0f0c73a7fa90e49dc3e66850a8501dff958b3f3d394d10c0767ce169b5b	5ea6a3e5912c428e7c607b60e808509db77f54192ba5c267bc4f13b66ffcc018	True	File_S8_catalogue_synced_figures_20260909.zip
modules/S8/analysis/注释_F1_F3_F4/MEME_primary73/nsLTP/meme.txt	96340	5533052af376e2c0bbb5229aaf47e57b59b2903e8690af14450ceeff9334e398	11a15a3bf3d5a5ba789a297a33c63d6e1134a4b2525243a3fba7c1ebb54728a1	True	File_S8_catalogue_synced_figures_20260909.zip
modules/S8/analysis/注释_F1_F3_F4/MEME_primary73/nsLTP/meme.xml	296494	84eba7ebd38f95a8f72a04694fddf6d7ba928b8753b3302426b838577d2f8c32	3d53ecd9be7c6bd9af895ce7d688151ac99e4c2ed78939b3e8e33f7dbac971e7	True	File_S8_catalogue_synced_figures_20260909.zip
modules/S8/analysis/注释_F1_F3_F4/MEME_primary73/Snakin_GASA/logo1.eps	18401	224e45c63832f92fd0c2dc8924427fcfdc4c65b917c698889f93a339c044f42e	224e45c63832f92fd0c2dc8924427fcfdc4c65b917c698889f93a339c044f42e	False	File_S8_catalogue_synced_figures_20260909.zip
modules/S8/analysis/注释_F1_F3_F4/MEME_primary73/Snakin_GASA/logo2.eps	17371	964301d5ee7bc72f9869a49137d9172b349cf7fd6a3629eaea871a815bf51199	964301d5ee7bc72f9869a49137d9172b349cf7fd6a3629eaea871a815bf51199	False	File_S8_catalogue_synced_figures_20260909.zip
modules/S8/analysis/注释_F1_F3_F4/MEME_primary73/Snakin_GASA/logo3.eps	14617	6704f868dd1f31dff494536af58596713e0397e8935a7eb6295b3d6170f739db	6704f868dd1f31dff494536af58596713e0397e8935a7eb6295b3d6170f739db	False	File_S8_catalogue_synced_figures_20260909.zip
modules/S8/analysis/注释_F1_F3_F4/MEME_primary73/Snakin_GASA/logo4.eps	17089	f44f0dec69c815105c4c55409199bbf00542679e3d16d9bd818015208ce67257	f44f0dec69c815105c4c55409199bbf00542679e3d16d9bd818015208ce67257	False	File_S8_catalogue_synced_figures_20260909.zip
modules/S8/analysis/注释_F1_F3_F4/MEME_primary73/Snakin_GASA/logo5.eps	14261	ba401b5fd4a6c8f6fd2087c63c157fed0d3a9df2478296c9ab57e49d694fc628	ba401b5fd4a6c8f6fd2087c63c157fed0d3a9df2478296c9ab57e49d694fc628	False	File_S8_catalogue_synced_figures_20260909.zip
modules/S8/analysis/注释_F1_F3_F4/MEME_primary73/Snakin_GASA/meme.html	401267	8117c4e4f90ed449182a1150150db7771448a5e948b786f64c5a1a932619e533	83220ec7406bd8d4d2fde2e5705a76ce0a56da7a12472f9702f8f8c89c889bf1	True	File_S8_catalogue_synced_figures_20260909.zip
modules/S8/analysis/注释_F1_F3_F4/MEME_primary73/Snakin_GASA/meme.txt	76318	02be649397aaa04197065cfc91605dde2009d7aa853e0717b8bb61e84d007689	323fad93ef737e8a9e1f72f39310d547fa45624cbea5fa963b64f19a4a56eb49	True	File_S8_catalogue_synced_figures_20260909.zip
modules/S8/analysis/注释_F1_F3_F4/MEME_primary73/Snakin_GASA/meme.xml	222997	02c93a238775deb906d60c9f39cd5861906c5389053d8f0791eae389e84a7f83	e2beb4ca2e486455e1f70ff53ce18dceb2477d183bcca7cb0ccf913584e46d0b	True	File_S8_catalogue_synced_figures_20260909.zip
modules/S8/analysis/注释_F1_F3_F4_紧凑排版/Figure3_primary73_compact.pdf	46583	cdeb4fe50b9b191f80d96c90539ad3850db1e735e909d1b2286a6065926976fc	cdeb4fe50b9b191f80d96c90539ad3850db1e735e909d1b2286a6065926976fc	False	File_S8_catalogue_synced_figures_20260909.zip
modules/S8/analysis/注释_F1_F3_F4_紧凑排版/Figure3_primary73_compact.png	1505360	766bb1e1ec518b21006f75f3e22d6553252d34d1470c97cbee6adc7c916b11b7	766bb1e1ec518b21006f75f3e22d6553252d34d1470c97cbee6adc7c916b11b7	False	File_S8_catalogue_synced_figures_20260909.zip
modules/S8/analysis/注释_F1_F3_F4_紧凑排版/Figure3_primary73_compact.svg	183661	a591ba4ef123367993f22bca4bf8b1cbc64076f61cb1f99f9bc28dfda96ac25e	a591ba4ef123367993f22bca4bf8b1cbc64076f61cb1f99f9bc28dfda96ac25e	False	File_S8_catalogue_synced_figures_20260909.zip
modules/S8/analysis/注释_F1_F3_F4_紧凑排版/Figure3_primary73_compact_preview.png	303887	b400beb804466c3c658a07e3bfc8684d2d7a5af16104dda9a570abb39a7530dc	b400beb804466c3c658a07e3bfc8684d2d7a5af16104dda9a570abb39a7530dc	False	File_S8_catalogue_synced_figures_20260909.zip
modules/S8/analysis/注释_F1_F3_F4_紧凑排版/Figure3_primary73_compact_QA.json	773	469841c02ebbff3fe397848811ae8e71323db88a14137fb4b6d8dca5d276d57d	469841c02ebbff3fe397848811ae8e71323db88a14137fb4b6d8dca5d276d57d	False	File_S8_catalogue_synced_figures_20260909.zip
modules/S8/analysis/注释_F1_F3_F4_紧凑排版/Figure4_primary73_compact.pdf	38304	8743a0a123e8dd57d70768a6cd7c12c71f430e678184334163be3b69054b5a37	8743a0a123e8dd57d70768a6cd7c12c71f430e678184334163be3b69054b5a37	False	File_S8_catalogue_synced_figures_20260909.zip
modules/S8/analysis/注释_F1_F3_F4_紧凑排版/Figure4_primary73_compact.png	914604	59e854c8855239c26e8045766496e53de56e9603964fa8a2c269f3718104fa07	59e854c8855239c26e8045766496e53de56e9603964fa8a2c269f3718104fa07	False	File_S8_catalogue_synced_figures_20260909.zip
modules/S8/analysis/注释_F1_F3_F4_紧凑排版/Figure4_primary73_compact.svg	102201	26ccaf453dac48904bd129a11c77ec7b0d9abca028817a46192568dbb92347d2	26ccaf453dac48904bd129a11c77ec7b0d9abca028817a46192568dbb92347d2	False	File_S8_catalogue_synced_figures_20260909.zip
modules/S8/analysis/注释_F1_F3_F4_紧凑排版/Figure4_primary73_compact_preview.png	183935	6171aba5ed399c1dea11e81df564a82250d94be694588a512768cf650b72eff7	6171aba5ed399c1dea11e81df564a82250d94be694588a512768cf650b72eff7	False	File_S8_catalogue_synced_figures_20260909.zip
modules/S8/analysis/注释_F1_F3_F4_紧凑排版/Figure4_primary73_compact_QA.json	880	52f877a4f3fd377570da48729fe1a3beee48873678899a196504eab5a809efe1	52f877a4f3fd377570da48729fe1a3beee48873678899a196504eab5a809efe1	False	File_S8_catalogue_synced_figures_20260909.zip
modules/S8/analysis/注释_F1_F3_F4_紧凑排版/plot_compact_F3_F4.py	9679	8583c797d5fce09ab3e9bf22ede8aeb10d86bbc2418ad046f2955dacb6d69d9e	8583c797d5fce09ab3e9bf22ede8aeb10d86bbc2418ad046f2955dacb6d69d9e	False	File_S8_catalogue_synced_figures_20260909.zip
modules/S8/analysis/注释_F1_F3_F4_紧凑排版/PREPUBLICATION_SHA256_manifest.tsv	1358	e1d7addfd7aee9e79efd8bac9edac3623f3231162af4492e44a82422e1788752	03375d93b1caa14fe604c5b301563d42ef53b4bd91b6324a2e392c94b6432174	True	File_S8_catalogue_synced_figures_20260909.zip
modules/S8/analysis/注释_F1_F3_F4_紧凑排版/source_hashes_unchanged.json	867	ca8b4ecb481ab977968b19654c5c25a61253db334c720b89cabb4d1e7010e82b	147bb05736ea60e57245be3d2a5a077ca872bfcce6bf3b7a6318b2e6963689fc	True	File_S8_catalogue_synced_figures_20260909.zip
modules/S8/analysis/注释_F1_F3_F4_紧凑排版/紧凑排版_交付说明.md	1821	54b11eb32a00e52225431dcb1cd9a214dbdf94de4b84acacac873533d7a32f0c	b0f3b2a76009e4ca62e3edea2657a92f2fd0818fd0782b254f1ae227a65e3a7b	True	File_S8_catalogue_synced_figures_20260909.zip
modules/S8/analysis/图5图6_紧凑排版/Figure5_primary73_compact.pdf	53086	ec78d882d27d7d01e27505b744f914095011d9a58b0e5fd8e5009436e4daa089	ec78d882d27d7d01e27505b744f914095011d9a58b0e5fd8e5009436e4daa089	False	File_S8_catalogue_synced_figures_20260909.zip
modules/S8/analysis/图5图6_紧凑排版/Figure5_primary73_compact.png	1222453	9edbc5f7f1ec108b61ab8368b2ee893b8a5e1b51ebf75d882048dc5529639b75	9edbc5f7f1ec108b61ab8368b2ee893b8a5e1b51ebf75d882048dc5529639b75	False	File_S8_catalogue_synced_figures_20260909.zip
modules/S8/analysis/图5图6_紧凑排版/Figure5_primary73_compact.svg	302292	1e0043cd23d24b1d81005e14b65016edeb1511aa5f2bc370960991bcdf6d5842	1e0043cd23d24b1d81005e14b65016edeb1511aa5f2bc370960991bcdf6d5842	False	File_S8_catalogue_synced_figures_20260909.zip
modules/S8/analysis/图5图6_紧凑排版/Figure5_primary73_compact_cell_coordinates.tsv	62260	d6354d48bd5e671b5a1e6bbb43aaf064f3dbb8ac008a63973edf443e8aadfa9b	a738844f1ebe491463a22e997c68d4688038edaba76182d029522029d131556d	True	File_S8_catalogue_synced_figures_20260909.zip
modules/S8/analysis/图5图6_紧凑排版/Figure5_primary73_compact_flag_coordinates.tsv	6772	12f7f0d45d224b0fcfb8fcabd74d707b38155f689cea15225777a21a966747eb	78fa4326b4d19042cca93fcb252caa114098a9fb6f66c6f047cac3a83def4d2a	True	File_S8_catalogue_synced_figures_20260909.zip
modules/S8/analysis/图5图6_紧凑排版/Figure5_primary73_compact_preview.png	251545	5c8b057eb9ac9f1c0143fdfda6f3fd2f05a7b37f076e2b4ba7d2d19ed8446954	5c8b057eb9ac9f1c0143fdfda6f3fd2f05a7b37f076e2b4ba7d2d19ed8446954	False	File_S8_catalogue_synced_figures_20260909.zip
modules/S8/analysis/图5图6_紧凑排版/Figure5_primary73_compact_QA.json	1299	3f51fdcb1c2804cdd3f6dc03985ab781d6bd328418162971e2cd1a8f28f731a5	3f51fdcb1c2804cdd3f6dc03985ab781d6bd328418162971e2cd1a8f28f731a5	False	File_S8_catalogue_synced_figures_20260909.zip
modules/S8/analysis/图5图6_紧凑排版/Figure6_expression52_compact.pdf	46472	e8bd81d31fc312681e0307cf14ac620f93523b8106ce8790e98c0d8eb95ca3cc	e8bd81d31fc312681e0307cf14ac620f93523b8106ce8790e98c0d8eb95ca3cc	False	File_S8_catalogue_synced_figures_20260909.zip
modules/S8/analysis/图5图6_紧凑排版/Figure6_expression52_compact.png	879392	4f2077b39c2bd215d2e58ea928919e1a88d179a850e5e86a50b5b4ed06a78ebe	4f2077b39c2bd215d2e58ea928919e1a88d179a850e5e86a50b5b4ed06a78ebe	False	File_S8_catalogue_synced_figures_20260909.zip
modules/S8/analysis/图5图6_紧凑排版/Figure6_expression52_compact.svg	131224	f8f5f85b52bd3ad69b3851b8c4f494089497a53d9bd0c36d6d8e47e205c472a6	f8f5f85b52bd3ad69b3851b8c4f494089497a53d9bd0c36d6d8e47e205c472a6	False	File_S8_catalogue_synced_figures_20260909.zip
modules/S8/analysis/图5图6_紧凑排版/Figure6_expression52_compact_cell_coordinates.tsv	41973	18df8c73169daf2b32dd8275674a9845721d77d7b19a557118eee49e2fcbce0b	fdee2b62f0083dc45ebe9b39caab9b73121bc393a74db1e5e47628c1b71fa26a	True	File_S8_catalogue_synced_figures_20260909.zip
modules/S8/analysis/图5图6_紧凑排版/Figure6_expression52_compact_preview.png	185087	a213b1ca6e1a58480f008c6de2f9f4cbaae75e16301518adc3cc2ef088742051	a213b1ca6e1a58480f008c6de2f9f4cbaae75e16301518adc3cc2ef088742051	False	File_S8_catalogue_synced_figures_20260909.zip
modules/S8/analysis/图5图6_紧凑排版/Figure6_expression52_compact_QA.json	1203	932a145451a519b49dca3c1aa77a3f9eff6e45f2549e4aba7a0f265e61049caf	932a145451a519b49dca3c1aa77a3f9eff6e45f2549e4aba7a0f265e61049caf	False	File_S8_catalogue_synced_figures_20260909.zip
modules/S8/analysis/图5图6_紧凑排版/plot_compact_F5_F6.py	10851	bd18218a6b6af646fa1f2f5ac336db7606d6b10011a3b789ebd884e860986410	bd18218a6b6af646fa1f2f5ac336db7606d6b10011a3b789ebd884e860986410	False	File_S8_catalogue_synced_figures_20260909.zip
modules/S8/analysis/图5图6_紧凑排版/PREPUBLICATION_SHA256_manifest.tsv	1735	818e9badf925eb9af5ce6ef9fdac03a19f82af74cb35a710f51d5d6d732ae293	fc36d3efc436b1b543657ce78f6b3fcde6d86a22ee2e12fbd701e68e8389a65e	True	File_S8_catalogue_synced_figures_20260909.zip
modules/S8/analysis/图5图6_紧凑排版/source_hashes_unchanged.json	931	e41da9c81cd4f322b682e5b122cfc0e58f01829a8a7c906f8eaedaab535f2257	e41da9c81cd4f322b682e5b122cfc0e58f01829a8a7c906f8eaedaab535f2257	False	File_S8_catalogue_synced_figures_20260909.zip
modules/S8/analysis/图5图6_紧凑排版/紧凑排版_交付说明.md	2078	341731d697f258a40f1a301b77a181b7e05ff04193f97f082f607875f9eb4b00	341731d697f258a40f1a301b77a181b7e05ff04193f97f082f607875f9eb4b00	False	File_S8_catalogue_synced_figures_20260909.zip
modules/S8/analysis/启动子_F5/audit_promoters_primary73.py	14858	b50661793bf496d1c2e56beea2aeb16a8e365dbd786b60c01bbe097d11b2afac	b50661793bf496d1c2e56beea2aeb16a8e365dbd786b60c01bbe097d11b2afac	False	File_S8_catalogue_synced_figures_20260909.zip
modules/S8/analysis/启动子_F5/background_cohort_membership.tsv	1615859	6755faad4690b53e375173e5916e023e051fc32ca3e24f0a11b79600350cc825	6755faad4690b53e375173e5916e023e051fc32ca3e24f0a11b79600350cc825	False	File_S8_catalogue_synced_figures_20260909.zip
modules/S8/analysis/启动子_F5/DELIVERY_QA.json	1644	06e63446c691a6e9f29f5d2192f23d5db4057303b0c6e7f5132aa2ccad512fe2	06e63446c691a6e9f29f5d2192f23d5db4057303b0c6e7f5132aa2ccad512fe2	False	File_S8_catalogue_synced_figures_20260909.zip
modules/S8/analysis/启动子_F5/execution_provenance.json	773	e34bc6a62981956ae4c7c85469f55f5629df1d9fbf8846c47f56656ea91fc612	8989960548e98746f4e0993946f6871f473f93a0f825c549638d405cbd81e819	True	File_S8_catalogue_synced_figures_20260909.zip
modules/S8/analysis/启动子_F5/independent_qa.json	634	35a1abd56a05878725ed212e27e72f9bc80d3d796767da9431671eca10b37b5b	35a1abd56a05878725ed212e27e72f9bc80d3d796767da9431671eca10b37b5b	False	File_S8_catalogue_synced_figures_20260909.zip
modules/S8/analysis/启动子_F5/M6_merge_ready.source.gff3	4759	631e2e256a6907808885950da98a49e91616edd26c0038d9202307d6ddc3768b	631e2e256a6907808885950da98a49e91616edd26c0038d9202307d6ddc3768b	False	File_S8_catalogue_synced_figures_20260909.zip
modules/S8/analysis/启动子_F5/PREPUBLICATION_MANIFEST_SHA256.tsv	4910	233a1fab3a23fe991b292105beae59ad89492b0a253057e859a5d49a1555edd3	233a1fab3a23fe991b292105beae59ad89492b0a253057e859a5d49a1555edd3	False	File_S8_catalogue_synced_figures_20260909.zip
modules/S8/analysis/启动子_F5/MOTIF_PROVENANCE.md	2049	4ae19f42d14a3ec1961bcc7bb830a04a8c77501fe0f6f8230101f4433ffa2739	4ae19f42d14a3ec1961bcc7bb830a04a8c77501fe0f6f8230101f4433ffa2739	False	File_S8_catalogue_synced_figures_20260909.zip
modules/S8/analysis/启动子_F5/motif_sources.tsv	5629	79b98228e753eaca8837039abca5ebb6656333ec2cb345203e36eb1ddd2a37a3	79b98228e753eaca8837039abca5ebb6656333ec2cb345203e36eb1ddd2a37a3	False	File_S8_catalogue_synced_figures_20260909.zip
modules/S8/analysis/启动子_F5/new7_genome_qa.json	1375	8920e04a7f18f9ebd74649ce6e5672a4af029c2f512428dd8910a00c141c80b5	8920e04a7f18f9ebd74649ce6e5672a4af029c2f512428dd8910a00c141c80b5	False	File_S8_catalogue_synced_figures_20260909.zip
modules/S8/analysis/启动子_F5/novel7_model_spans.json	2872	9d461e8bf4ae4474faed04212e62ada6348d2e439a6c887273923e384919abcf	9d461e8bf4ae4474faed04212e62ada6348d2e439a6c887273923e384919abcf	False	File_S8_catalogue_synced_figures_20260909.zip
modules/S8/analysis/启动子_F5/package_tables_and_qa.py	5532	30b9f278f7b88726976311bb02d72292b02dfc5de4017dff58f7f4c0cd91c712	30b9f278f7b88726976311bb02d72292b02dfc5de4017dff58f7f4c0cd91c712	False	File_S8_catalogue_synced_figures_20260909.zip
modules/S8/analysis/启动子_F5/plot_promoters_primary73.py	4035	4a93fa028c862b01dd83ca37fc8f2a576be8bd24e78114b167c7dc3c8fec6443	4a93fa028c862b01dd83ca37fc8f2a576be8bd24e78114b167c7dc3c8fec6443	False	File_S8_catalogue_synced_figures_20260909.zip
modules/S8/analysis/启动子_F5/primary73_promoter_catalogue.tsv	11216	b9ae5e211d2e4bf21ae21760895ec74c210eef62d1d221199c312bbfecebc3b5	b9ae5e211d2e4bf21ae21760895ec74c210eef62d1d221199c312bbfecebc3b5	False	File_S8_catalogue_synced_figures_20260909.zip
modules/S8/analysis/启动子_F5/PRIMARY73_PROMOTER_DELIVERY_COMPLETE.PASS	157	45db9426e70cc40f31e258f3b525623b0d2a055a9490b9b9f0755b234bad005a	45db9426e70cc40f31e258f3b525623b0d2a055a9490b9b9f0755b234bad005a	False	File_S8_catalogue_synced_figures_20260909.zip
modules/S8/analysis/启动子_F5/primary73_upstream_proxies.fa	148382	9610a485a740e7c637e3c97c8a97f061a12f45c98713040feff3a7ae6162062f	9610a485a740e7c637e3c97c8a97f061a12f45c98713040feff3a7ae6162062f	False	File_S8_catalogue_synced_figures_20260909.zip
modules/S8/analysis/启动子_F5/REPRODUCE.md	2860	dcf92b05b1ca4efe2eab07f80c9a1c9a0752801cb7267467d0f3d0f0845aa9b2	dcf92b05b1ca4efe2eab07f80c9a1c9a0752801cb7267467d0f3d0f0845aa9b2	False	File_S8_catalogue_synced_figures_20260909.zip
modules/S8/analysis/启动子_F5/table_replacement_map.tsv	593	8e9405625865d0f55d12947e72800bfbaf478f9f5a18cff0c8aeb9d0cc7c1a66	8e9405625865d0f55d12947e72800bfbaf478f9f5a18cff0c8aeb9d0cc7c1a66	False	File_S8_catalogue_synced_figures_20260909.zip
modules/S8/analysis/启动子_F5/transfer_qa.json	2467	4d22c99dc37ea0ef0b23c273314fb915348b45e3b3d9fdc09a1284ec4a20eacc	4d22c99dc37ea0ef0b23c273314fb915348b45e3b3d9fdc09a1284ec4a20eacc	False	File_S8_catalogue_synced_figures_20260909.zip
modules/S8/analysis/启动子_F5/verify_new7_genome.py	1920	a7b88c666bed049aa3dce6cea5e99ca4da7e2a706764f5f9d9ed3a91ef9cb3af	a7b88c666bed049aa3dce6cea5e99ca4da7e2a706764f5f9d9ed3a91ef9cb3af	False	File_S8_catalogue_synced_figures_20260909.zip
modules/S8/analysis/启动子_F5/verify_promoters_primary73.py	6617	76711ed225e67068094cb2e833043a8b9b5a86ca6876e4da26e9dafc2a7f61c8	76711ed225e67068094cb2e833043a8b9b5a86ca6876e4da26e9dafc2a7f61c8	False	File_S8_catalogue_synced_figures_20260909.zip
modules/S8/analysis/启动子_F5/verify_promoters_v2.py	3718	2b6047faabeef4c3a848d412fde9a8f15313cc4707a91c0b6e48a2b91792ea4f	2b6047faabeef4c3a848d412fde9a8f15313cc4707a91c0b6e48a2b91792ea4f	False	File_S8_catalogue_synced_figures_20260909.zip
modules/S8/analysis/启动子_F5/启动子73_交付与QA.md	6500	445d43a2d01ca97aef8c63a2229088982cfffcb7e22323540c858b4976d5cf64	445d43a2d01ca97aef8c63a2229088982cfffcb7e22323540c858b4976d5cf64	False	File_S8_catalogue_synced_figures_20260909.zip
modules/S8/analysis/启动子_F5/统一成员目录_主分析111.tsv	165535	8286e39223e894415b8982a751b8277b93e6d28b61b598f9fe2dd54a9dff5d45	3c01ba39931c8ae985738f48c43dbf8d3a58fb62dea9f8b05f70aadb40cf3e91	True	File_S8_catalogue_synced_figures_20260909.zip
modules/S8/analysis/启动子_F5/baseline_verification_inputs/all_gene_motif_counts.tsv	989156	2bf2b81a838254763efc0734374f923772491b5766721bf295e3309dacb6345e	2bf2b81a838254763efc0734374f923772491b5766721bf295e3309dacb6345e	False	File_S8_catalogue_synced_figures_20260909.zip
modules/S8/analysis/启动子_F5/baseline_verification_inputs/all_gene_upstream_audit.tsv	3353200	44a6bf48db4def6241de89e3407d19445be8a17cb3c0d1f3451e48ad6f110b60	44a6bf48db4def6241de89e3407d19445be8a17cb3c0d1f3451e48ad6f110b60	False	File_S8_catalogue_synced_figures_20260909.zip
modules/S8/analysis/启动子_F5/baseline_verification_inputs/summary.json	1869	3fbc4786da77102aa62181b9fe4f426397e5a879a3cec18c37dbe04b22248e3e	3fbc4786da77102aa62181b9fe4f426397e5a879a3cec18c37dbe04b22248e3e	False	File_S8_catalogue_synced_figures_20260909.zip
modules/S8/analysis/启动子_F5/figures/Figure5_preview.png	148466	3026f42c08cd9f68faad5e096ba0b7f9d815e0f5f7f827e06f6576fe18269f21	3026f42c08cd9f68faad5e096ba0b7f9d815e0f5f7f827e06f6576fe18269f21	False	File_S8_catalogue_synced_figures_20260909.zip
modules/S8/analysis/启动子_F5/figures/Figure5_promoter_motif_occurrence.pdf	144915	e30f8ee4a75f767b1b71740171d849b4ac0aff0ef9d7342f6b45f1a52c1582ad	e30f8ee4a75f767b1b71740171d849b4ac0aff0ef9d7342f6b45f1a52c1582ad	False	File_S8_catalogue_synced_figures_20260909.zip
modules/S8/analysis/启动子_F5/figures/Figure5_promoter_motif_occurrence.png	779195	6fa9720a923aa438482463dad20660b0dff012a18441d1e29b60d546742bd9c9	6fa9720a923aa438482463dad20660b0dff012a18441d1e29b60d546742bd9c9	False	File_S8_catalogue_synced_figures_20260909.zip
modules/S8/analysis/启动子_F5/figures/Figure5_promoter_motif_occurrence.svg	168885	8a1d67ff2f03d804a94af004b57dab24a473676cc7a5bc84b72625af6b0fbacf	8a1d67ff2f03d804a94af004b57dab24a473676cc7a5bc84b72625af6b0fbacf	False	File_S8_catalogue_synced_figures_20260909.zip
modules/S8/analysis/启动子_F5/figures/figure5_qa.json	2261	bdcb41c702403668b890f3b6d63b826d1412362e7cad2b8daf92907a4188841b	bdcb41c702403668b890f3b6d63b826d1412362e7cad2b8daf92907a4188841b	False	File_S8_catalogue_synced_figures_20260909.zip
modules/S8/analysis/启动子_F5/replacement_tables/S10_PromoterEnrich.tsv	3285	5400a91665e9b70b216868d35800fd64476431013c4d8375ae3b94a2161759b8	5400a91665e9b70b216868d35800fd64476431013c4d8375ae3b94a2161759b8	False	File_S8_catalogue_synced_figures_20260909.zip
modules/S8/analysis/启动子_F5/replacement_tables/S27_MotifSources.tsv	5629	79b98228e753eaca8837039abca5ebb6656333ec2cb345203e36eb1ddd2a37a3	79b98228e753eaca8837039abca5ebb6656333ec2cb345203e36eb1ddd2a37a3	False	File_S8_catalogue_synced_figures_20260909.zip
modules/S8/analysis/启动子_F5/replacement_tables/S28_PromoterQC.tsv	19528	d3562878029c394d4e5ae608518921b02faf2833f08a1c8c929fd808196bb015	d3562878029c394d4e5ae608518921b02faf2833f08a1c8c929fd808196bb015	False	File_S8_catalogue_synced_figures_20260909.zip
modules/S8/analysis/启动子_F5/replacement_tables/S29_PromoterSensitivity.tsv	9028	27055decdff4bb5b8c4d12bf5f558f76143d00efdb418c9f42587ffe4594cd1e	27055decdff4bb5b8c4d12bf5f558f76143d00efdb418c9f42587ffe4594cd1e	False	File_S8_catalogue_synced_figures_20260909.zip
modules/S8/analysis/启动子_F5/replacement_tables/S9_PromoterOccur.tsv	171817	dc0322b75aa89d49fcd56eec589c8fd21e1491c9ce5bf3cd9056d184538785c3	dc0322b75aa89d49fcd56eec589c8fd21e1491c9ce5bf3cd9056d184538785c3	False	File_S8_catalogue_synced_figures_20260909.zip
modules/S8/analysis/启动子_F5/results/all_gene_motif_counts.tsv	989458	6e7345071a3b6c501f444a133d31113833e4602f3eade168e2ab317e87acb4ab	6e7345071a3b6c501f444a133d31113833e4602f3eade168e2ab317e87acb4ab	False	File_S8_catalogue_synced_figures_20260909.zip
modules/S8/analysis/启动子_F5/results/all_gene_upstream_audit.tsv	4509977	8d6c86b8a3abbd8eaeb81b789726a27ed031f690ca60ffb7d1464f8a68f13ef4	8d6c86b8a3abbd8eaeb81b789726a27ed031f690ca60ffb7d1464f8a68f13ef4	False	File_S8_catalogue_synced_figures_20260909.zip
modules/S8/analysis/启动子_F5/results/cis_element_enrichment.tsv	3285	5400a91665e9b70b216868d35800fd64476431013c4d8375ae3b94a2161759b8	5400a91665e9b70b216868d35800fd64476431013c4d8375ae3b94a2161759b8	False	File_S8_catalogue_synced_figures_20260909.zip
modules/S8/analysis/启动子_F5/results/cis_element_full_results.tsv	171817	9345289c6a77ea5fadf349a1a139357e663bbff47a62df398fcd1c066c1d2177	9345289c6a77ea5fadf349a1a139357e663bbff47a62df398fcd1c066c1d2177	False	File_S8_catalogue_synced_figures_20260909.zip
modules/S8/analysis/启动子_F5/results/cis_element_sensitivity.tsv	9028	27055decdff4bb5b8c4d12bf5f558f76143d00efdb418c9f42587ffe4594cd1e	27055decdff4bb5b8c4d12bf5f558f76143d00efdb418c9f42587ffe4594cd1e	False	File_S8_catalogue_synced_figures_20260909.zip
modules/S8/analysis/启动子_F5/results/overlap_changes_after_novel7.tsv	121	9cfdc09a23e8b19c7cd80ad49c6135aa3a0d0c2b6ade5b631f9af5570caf7346	9cfdc09a23e8b19c7cd80ad49c6135aa3a0d0c2b6ade5b631f9af5570caf7346	False	File_S8_catalogue_synced_figures_20260909.zip
modules/S8/analysis/启动子_F5/results/promoter_extraction_audit.tsv	16612	1a6465e8713dd5ed2c89e385f23fe115777c51fdc34bab762a872471fa40b9f3	1a6465e8713dd5ed2c89e385f23fe115777c51fdc34bab762a872471fa40b9f3	False	File_S8_catalogue_synced_figures_20260909.zip
modules/S8/analysis/启动子_F5/results/PROMOTER_PRIMARY73_COMPLETE.PASS	143	547736a378581e116cd69b2496b55e8f457895aaedae3bf12b8386f14c26e4de	547736a378581e116cd69b2496b55e8f457895aaedae3bf12b8386f14c26e4de	False	File_S8_catalogue_synced_figures_20260909.zip
modules/S8/analysis/启动子_F5/results/summary.json	2224	66639b78e86383515db2d725ee7c4c81e25aed668763f16cb10b530a7dc90431	66639b78e86383515db2d725ee7c4c81e25aed668763f16cb10b530a7dc90431	False	File_S8_catalogue_synced_figures_20260909.zip
modules/S8/analysis/启动子_F5/results/upstream_sequences.fa.gz	11808474	e73c23a12e150629849d637fd76fc36458181d88f28062070f490828e9b22674	e73c23a12e150629849d637fd76fc36458181d88f28062070f490828e9b22674	False	File_S8_catalogue_synced_figures_20260909.zip
modules/S8/analysis/表达_F6_F7/audit_live_expression_sources.py	6495	e7eff2d6447c833714a248246aa260b0e9cc0abddb48f07edb536eac2f387bbf	ed754645976edcbe94d433b4d066258521dc08c9b6203c80b0306783a06091ad	True	File_S8_catalogue_synced_figures_20260909.zip
modules/S8/analysis/表达_F6_F7/check_requantification_feasibility.py	1803	6192994c8fc78d90bbdcfe47c23dd1267b36f97c58166936c7130842983a41ba	7224363dddf0feee8ac1afedcc86cc7095d68e211af0f21adee4348e665b9199	True	File_S8_catalogue_synced_figures_20260909.zip
modules/S8/analysis/表达_F6_F7/correct_independent_experiment_status.py	2613	a182f9fc6e439b04e40ff22a35183ea52c00376c1150cca47b5cafe8aae0c81b	a182f9fc6e439b04e40ff22a35183ea52c00376c1150cca47b5cafe8aae0c81b	False	File_S8_catalogue_synced_figures_20260909.zip
modules/S8/analysis/表达_F6_F7/draw_expression_figures.py	16161	005016aea9572f4d6c7898361d40ee00b89e73373717fe975afc568f9530c8ea	005016aea9572f4d6c7898361d40ee00b89e73373717fe975afc568f9530c8ea	False	File_S8_catalogue_synced_figures_20260909.zip
modules/S8/analysis/表达_F6_F7/figure_captions_methods_results_EN.md	11661	31548aec202ed6c9d21e8001ae3cb9e85f0031839a3ddca23ca8e5c27c27f6b7	31548aec202ed6c9d21e8001ae3cb9e85f0031839a3ddca23ca8e5c27c27f6b7	False	File_S8_catalogue_synced_figures_20260909.zip
modules/S8/analysis/表达_F6_F7/finalize_expression_delivery.py	8583	91691bd554979e8a608bb67a55ff43c4352c94a1c43b4f8955adf6dc681ebe11	91691bd554979e8a608bb67a55ff43c4352c94a1c43b4f8955adf6dc681ebe11	False	File_S8_catalogue_synced_figures_20260909.zip
modules/S8/analysis/表达_F6_F7/M6共同重定量可行性.md	2101	d10ace6f6909edeb6079c9959b9a3606f0ddb22ac4e7e9c09f40d698c01b0091	d10ace6f6909edeb6079c9959b9a3606f0ddb22ac4e7e9c09f40d698c01b0091	False	File_S8_catalogue_synced_figures_20260909.zip
modules/S8/analysis/表达_F6_F7/README_表达交付与范围.md	5205	700f009dd1dab157eff040116acbb0d3544b84e960ecc5d1b9e7dd32e039fc93	10c02249d5a90c9a354f7fdc9688d93730cae77c739ade02e4c1d7f0387eee2f	True	File_S8_catalogue_synced_figures_20260909.zip
modules/S8/analysis/表达_F6_F7/rebuild_expression_tables.py	15495	571f3c19c8dc191c588d58d60780fa2f986a61a189391d2e7082436e1c40ab91	571f3c19c8dc191c588d58d60780fa2f986a61a189391d2e7082436e1c40ab91	False	File_S8_catalogue_synced_figures_20260909.zip
modules/S8/analysis/表达_F6_F7/candidate_packet/qPCR_candidate_packet.tsv	3930	b2efaac813789a9a5d77af5a7931de7afda13db02f2e54f04466af17591d3d05	d6d36c95cf2cc78a23ad8aa377284b29305d3f1496366fa97137e557e4072719	True	File_S8_catalogue_synced_figures_20260909.zip
modules/S8/analysis/表达_F6_F7/candidate_packet/QPCR_CANDIDATE_PACKET_COMPLETE.PASS	53	979406437fa4e9ee827e20124b565ddfa93b909c099dbf99ff84783ebc256278	979406437fa4e9ee827e20124b565ddfa93b909c099dbf99ff84783ebc256278	False	File_S8_catalogue_synced_figures_20260909.zip
modules/S8/analysis/表达_F6_F7/candidate_packet/qPCR_candidate_sequences.fasta	9834	1e86cf949b7f643636b31a888554d39aad8fce077ada0f62d93d0c3645a28656	1e86cf949b7f643636b31a888554d39aad8fce077ada0f62d93d0c3645a28656	False	File_S8_catalogue_synced_figures_20260909.zip
modules/S8/analysis/表达_F6_F7/candidate_packet/reference_gene_candidates.tsv	2502	830c00be216b555faaeca4789ed58cdd5cbcf0de98939a02dacbc5178344ffd0	277ba7530be34dde2b17edfd0f3cd26dc5d1998ba3c9b7819d297da44e33be01	True	File_S8_catalogue_synced_figures_20260909.zip
modules/S8/analysis/表达_F6_F7/figures/Figure6_expression_heatmap_52.pdf	36383	7a3575199a156c0d93a531c32f2c8075fa98e82502494b693fab1aa654196fe7	7a3575199a156c0d93a531c32f2c8075fa98e82502494b693fab1aa654196fe7	False	File_S8_catalogue_synced_figures_20260909.zip
modules/S8/analysis/表达_F6_F7/figures/Figure6_expression_heatmap_52.png	722902	30583f6bccc7151efe00e7cf3748e7d432d1a11b0848ed141493b38f147a2193	30583f6bccc7151efe00e7cf3748e7d432d1a11b0848ed141493b38f147a2193	False	File_S8_catalogue_synced_figures_20260909.zip
modules/S8/analysis/表达_F6_F7/figures/Figure6_expression_heatmap_52.svg	124603	5354b66e05e61014efb31a2e2b82f64a7fd88fb47bfbf742fa75de317de895c8	5354b66e05e61014efb31a2e2b82f64a7fd88fb47bfbf742fa75de317de895c8	False	File_S8_catalogue_synced_figures_20260909.zip
modules/S8/analysis/表达_F6_F7/figures/Figure6_expression_heatmap_52_preview.png	141437	9ebc0e0fede1fe6b5fd08a5cec903f9e5c68ebba117d00ed3196d76091d5eaa3	9ebc0e0fede1fe6b5fd08a5cec903f9e5c68ebba117d00ed3196d76091d5eaa3	False	File_S8_catalogue_synced_figures_20260909.zip
modules/S8/analysis/表达_F6_F7/figures/Figure7_apeglm_display_sensitivity.pdf	43751	ffac726c712e023bc3521e9352871b1b744dda2d8aca60d7de83ced77ea20a75	ffac726c712e023bc3521e9352871b1b744dda2d8aca60d7de83ced77ea20a75	False	File_S8_catalogue_synced_figures_20260909.zip
modules/S8/analysis/表达_F6_F7/figures/Figure7_apeglm_display_sensitivity.png	737455	95e496d567136edccfbfffcc386d4a84f06cd1ef879a4f8021d3e94e04d4d556	95e496d567136edccfbfffcc386d4a84f06cd1ef879a4f8021d3e94e04d4d556	False	File_S8_catalogue_synced_figures_20260909.zip
modules/S8/analysis/表达_F6_F7/figures/Figure7_apeglm_display_sensitivity.svg	95893	f8daeb51eb6953773d5b39c89134f709fd961542e157bf4b3de6e35dcdb17835	f8daeb51eb6953773d5b39c89134f709fd961542e157bf4b3de6e35dcdb17835	False	File_S8_catalogue_synced_figures_20260909.zip
modules/S8/analysis/表达_F6_F7/figures/Figure7_apeglm_display_sensitivity_preview.png	131541	14206523d9fb21565a9fd27bb8b27224ca74a4eca1fec1d706eab3ddb183c36d	14206523d9fb21565a9fd27bb8b27224ca74a4eca1fec1d706eab3ddb183c36d	False	File_S8_catalogue_synced_figures_20260909.zip
modules/S8/analysis/表达_F6_F7/figures/Figure7_expression_volcano_all_DE_labeled_66.pdf	46899	4868305f3942f7e5684ed910fd56a065602764a8647377f94390445405463680	4868305f3942f7e5684ed910fd56a065602764a8647377f94390445405463680	False	File_S8_catalogue_synced_figures_20260909.zip
modules/S8/analysis/表达_F6_F7/figures/Figure7_expression_volcano_all_DE_labeled_66.png	852488	9de604529b05ab4da68d420ee52469500ac7fd2214264ecadb6a8a41558dcc41	9de604529b05ab4da68d420ee52469500ac7fd2214264ecadb6a8a41558dcc41	False	File_S8_catalogue_synced_figures_20260909.zip
modules/S8/analysis/表达_F6_F7/figures/Figure7_expression_volcano_all_DE_labeled_66.svg	109517	73ef6669ab044957340de32d206a28d8155ea21a3c6ddcc8cf7a4b0d8857646f	73ef6669ab044957340de32d206a28d8155ea21a3c6ddcc8cf7a4b0d8857646f	False	File_S8_catalogue_synced_figures_20260909.zip
modules/S8/analysis/表达_F6_F7/figures/Figure7_expression_volcano_all_DE_labeled_66_preview.png	160805	f62e986cec86549b5b378790f97982fdcc389ab4f2677778002291e4c41892c4	f62e986cec86549b5b378790f97982fdcc389ab4f2677778002291e4c41892c4	False	File_S8_catalogue_synced_figures_20260909.zip
modules/S8/analysis/表达_F6_F7/qa/PREPUBLICATION_delivery_SHA256.tsv	7289	1b13c850541e609e79f39bca42e26cfffb613860cd9c7dd679cbe6e6a99c5ec5	daf2255efb700df823cb6a2e941c30864e446a123ccd1ce594248216c3e4909f	True	File_S8_catalogue_synced_figures_20260909.zip
modules/S8/analysis/表达_F6_F7/qa/figure6_verification.json	1480	16590872dc6ffe90af8e551f0de70b0e031617c5cfbc8eddeb1304fae8f3bdbe	16590872dc6ffe90af8e551f0de70b0e031617c5cfbc8eddeb1304fae8f3bdbe	False	File_S8_catalogue_synced_figures_20260909.zip
modules/S8/analysis/表达_F6_F7/qa/figure7_verification.json	27449	9138a102747dcabe8434bafd6fa9fa18e9d9cea1d0aa81649cc39118bcb5765e	9138a102747dcabe8434bafd6fa9fa18e9d9cea1d0aa81649cc39118bcb5765e	False	File_S8_catalogue_synced_figures_20260909.zip
modules/S8/analysis/表达_F6_F7/qa/final_delivery_validation.json	5688	8c21ccc9585306218a2368030739a657de5efe56cea26353af4feb94b596c3e0	1124a16c4c63be0278e8d5c0933d609f0e867365057741e746961c1d5272e02d	True	File_S8_catalogue_synced_figures_20260909.zip
modules/S8/analysis/表达_F6_F7/qa/independent_experiment_wording_correction.json	1877	33b1dbf55dbea6122365764ea48f51b7ac7de94172c22f894569fb58938bd544	33b1dbf55dbea6122365764ea48f51b7ac7de94172c22f894569fb58938bd544	False	File_S8_catalogue_synced_figures_20260909.zip
modules/S8/analysis/表达_F6_F7/qa/mappability_original63_comparison.json	171	d64cea0f4f58bf125af785a0ab47143465789e2b8ea61b5ff966ce8ddcb48517	d64cea0f4f58bf125af785a0ab47143465789e2b8ea61b5ff966ce8ddcb48517	False	File_S8_catalogue_synced_figures_20260909.zip
modules/S8/analysis/表达_F6_F7/qa/software_versions.json	124	69ff2cdfef6f9565212502464d95ed1136d3017adaa3d89b802bd162e3dcd288	69ff2cdfef6f9565212502464d95ed1136d3017adaa3d89b802bd162e3dcd288	False	File_S8_catalogue_synced_figures_20260909.zip
modules/S8/analysis/表达_F6_F7/qa/PREPUBLICATION_source_SHA256.tsv	2259	3d0c5415342d4570a8249f2f02fe1dcd7abd23e84a46419340fe2e2403953ac1	a4d25e15dfd620ce8a7f8f8c0b2e52ddeaba2f0cf1bf09488c068f3a409c4d85	True	File_S8_catalogue_synced_figures_20260909.zip
modules/S8/analysis/表达_F6_F7/qa/table_rebuild_validation.json	2536	afd733a331d236600bded9d2afe532f4b15cdb1d523a453108321e4a4cf3ef85	afd733a331d236600bded9d2afe532f4b15cdb1d523a453108321e4a4cf3ef85	False	File_S8_catalogue_synced_figures_20260909.zip
modules/S8/analysis/表达_F6_F7/sources/cohort66_transcripts.fasta	87829	0727dc49a40c881a22f478df36c6283733dff8938946b74524914128e95f1dac	0727dc49a40c881a22f478df36c6283733dff8938946b74524914128e95f1dac	False	File_S8_catalogue_synced_figures_20260909.zip
modules/S8/analysis/表达_F6_F7/sources/live_expression_and_mappability.json	379886	b4ca1e9198220b15b7bfe05a4e0a581ab181ee56093298b56fee2e4240622cae	41f6091d7be44b20b91d6c10293127c124b0095d096a67b094c841aa5f42d5d7	True	File_S8_catalogue_synced_figures_20260909.zip
modules/S8/analysis/表达_F6_F7/sources/remote_inventory.json	3293	6459574874986591bc515f5fb92c68bb3b761373c450f74e4472bd55f2b45a64	82a22632e50ad6e8b36a5888ea07b68fc5a384a63e576fa89b4209b76f91cb9d	True	File_S8_catalogue_synced_figures_20260909.zip
modules/S8/analysis/表达_F6_F7/sources/requantification_feasibility_live.json	7278	45bd8e186617928868239d5121e6c9f7638a2c82751d01c4fa3d289288ee3a83	6e4fb4b0492866b0f06e636d77a6cef5e07a4725da872574ec074af6745791ea	True	File_S8_catalogue_synced_figures_20260909.zip
modules/S8/analysis/表达_F6_F7/tables/AMP_rounded_counts_73.tsv	7798	138c02006fb37afd533862d1a04e703319f7477b8956272f6e7b7d064e31a75c	9677d0429216569a319697f695634dae7f8a91de531d7ab19bf22c00a17c9166	True	File_S8_catalogue_synced_figures_20260909.zip
modules/S8/analysis/表达_F6_F7/tables/AMP_rounded_counts_reference66.tsv	7420	fd19a608d5c109259d08405e8262852acf26094e7ec48bde74a17a3ee643f311	b70523123f3c40af25e9e8d5879f7e232880740400b76985e01a26afb8aaad79	True	File_S8_catalogue_synced_figures_20260909.zip
modules/S8/analysis/表达_F6_F7/tables/AMP_VST_73.tsv	17538	1b0f0f9b2b59fd2cfb83f756be2c85b4949cb7e243f07b1051f771edd7353851	b744d2a56c06ba7284579b3392a899fd5864ccd7063b70f14778bc0e4d4a8117	True	File_S8_catalogue_synced_figures_20260909.zip
modules/S8/analysis/表达_F6_F7/tables/AMP_VST_reference66.tsv	16655	c378b4c9606b73e15deeb55b4b4d496ba62f2420715eb13689ccd891636fbc9b	e35a5996a8ea39c811cdef0cf8bafb4b4dd570f46be63147effbb6389f6a9508	True	File_S8_catalogue_synced_figures_20260909.zip
modules/S8/analysis/表达_F6_F7/tables/expression_catalogue_66.tsv	10394	75fba786ab60b8a13124afb39ba8c9fbfc1efd4d058d9afb6c4f6c988b240abb	86de1f1038332d5585222de35efd23e2e371565b31378c20d598d513db2ef8a5	True	File_S8_catalogue_synced_figures_20260909.zip
modules/S8/analysis/表达_F6_F7/tables/expression_catalogue_73.tsv	11511	8a75465d89a5907cdf519771857d24fa8921c0ac3099ba0511123e6d0e9b1b88	1c63c2039539482ea04a57c697896c9d2ec21fa7dc132acc965c5cf95c35367e	True	File_S8_catalogue_synced_figures_20260909.zip
modules/S8/analysis/表达_F6_F7/tables/expression_eligibility_73.tsv	23832	b145bcb27c37d1afa053b05e582361f03c8a361a6c1e7142042c5807dda0e68c	b401393e49a9a329fe43d8376d1770af6aa0221db4f44c96a6cdfb059b7d7cc1	True	File_S8_catalogue_synced_figures_20260909.zip
modules/S8/analysis/表达_F6_F7/tables/Figure6_VST_row_zscore_52.tsv	9972	c142e2b21dffd1987ce7d50526007c5fe2d1f340bccc9e037cff9210a2e6a866	0718e7e47fbceca717abe1442c57ac64ca379f7c59fbb9b851a55c52ea93ff7a	True	File_S8_catalogue_synced_figures_20260909.zip
modules/S8/analysis/表达_F6_F7/tables/Figure7_apeglm_display_sensitivity.tsv	8308	7eae93bf665b06e2a05dbecc13f417c1aac1fb803b545b26bd156c7d87b727e5	e0aeb69f2be670281107c1763636ee186cc8ac79fe23b5ba22924cddaa3f29e7	True	File_S8_catalogue_synced_figures_20260909.zip
modules/S8/analysis/表达_F6_F7/tables/Figure7_plotted_points_and_labels.tsv	12830	2fe1953d95f1fab270f27a9b52991879cd4a729203d4e0f72d0e8720ef2a94fb	02156578db45def6934cb54a5c7a717397fc1cb0f0ce3a9996b63e147242ad92	True	File_S8_catalogue_synced_figures_20260909.zip
modules/S8/analysis/表达_F6_F7/tables/mappability_66.tsv	15331	8f3d0671a98eea674f8014dca01c2dd35018a889978a9aeb1fe0d93c473fe280	f290902c9fceec13a8464383c11f38b1af2a6f6f80e02c312abaad354f5e4068	True	File_S8_catalogue_synced_figures_20260909.zip
modules/S8/analysis/表达_F6_F7/tables/S12_AMP_TPM_73.tsv	14272	beba74ad24609a5721ef379ca33ead91faa289ddb7a3861e38e0d002a8a1a7d3	517bd04d752dd44b0d997284533618367a3e196dd10a73bcf6b3a7095e29a9b8	True	File_S8_catalogue_synced_figures_20260909.zip
modules/S8/analysis/表达_F6_F7/tables/S12_AMP_TPM_reference66.tsv	13389	74f9feb01a50d9fde1f1e57b2451c7b750a937c636b5e6ddfb10917566a179de	813558dd1195027cb50c3edff3f65f953d761cbdfc81a666d96d69863038c861	True	File_S8_catalogue_synced_figures_20260909.zip
modules/S8/analysis/表达_F6_F7/tables/S13_AMP_NormCounts_73.tsv	17359	c73c4a0cd1137b2f018d512a729dc176bf3558cbc726032df80216e6d2e19070	a31771c8530c8baba31f8013f8e81925072bd44fa50b57138cbffe1e6e438219	True	File_S8_catalogue_synced_figures_20260909.zip
modules/S8/analysis/表达_F6_F7/tables/S13_AMP_NormCounts_reference66.tsv	16476	0f3a9c391e4714c3d444ec265faf601acfdf2bdac9b72728b4a0290e1e8595ba	5b30b5a890d7bcbe9417db778c566653877d93043616c9f64c40bf5beb7f46d9	True	File_S8_catalogue_synced_figures_20260909.zip
modules/S8/analysis/表达_F6_F7/tables/S14_AMP_DE_73x3.tsv	64415	04fc02b7eaaedccc2ba43bd9b8b96a6faaff0ddd16d611bf3946e9483c4dbf1b	0463c21ed7d0d3cfeb7346408a7bce5277b95c2507e8fbab5cca5a89a9a1b261	True	File_S8_catalogue_synced_figures_20260909.zip
modules/S8/analysis/表达_F6_F7/tables/S14_AMP_DE_reference66x3.tsv	60504	a9c4e7976436dadfe0496aa025245c45eef22278839476cefa1edf3ea23ad074	4bdb05cc118bf557bab65d4f19efb4822d8e8ab123efacf454e8c8f841eaa95e	True	File_S8_catalogue_synced_figures_20260909.zip
modules/S8/analysis/表达_F6_F7/tables/S15_DE_Summary.tsv	2044	cbe84f4a0167c2696878167dc95409c1d79bd2cad5586feebcb2ef04e17ef72b	88600be249b64136c39db523100a0f22423fea2e509aaabd4b8e2a7ec54bd813	True	File_S8_catalogue_synced_figures_20260909.zip
modules/S8/analysis/表达_F6_F7/tables/S22_qPCR_Candidates_8.tsv	3930	b2efaac813789a9a5d77af5a7931de7afda13db02f2e54f04466af17591d3d05	d6d36c95cf2cc78a23ad8aa377284b29305d3f1496366fa97137e557e4072719	True	File_S8_catalogue_synced_figures_20260909.zip
modules/S8/analysis/表达_F6_F7/tables/S23_Mappability_73.tsv	16854	ab332e13caa24c219e0923b589e37176ed661b680090b7bb0e2718dc04503441	ec5994a019982258f51df67f32c0ea16f47d06d6db187b2d3ea13d8fb49f7604	True	File_S8_catalogue_synced_figures_20260909.zip
modules/S8/analysis/表达_F6_F7/tables/S24_RefGenes_12.tsv	2502	830c00be216b555faaeca4789ed58cdd5cbcf0de98939a02dacbc5178344ffd0	277ba7530be34dde2b17edfd0f3cd26dc5d1998ba3c9b7819d297da44e33be01	True	File_S8_catalogue_synced_figures_20260909.zip
modules/S8/analysis/表达_F6_F7/tables/S26_ExpressionFilter_73.tsv	10407	dd1e0802e27d30e3a918d556c20155e925bf51e13b63d3322a54a04ef778c07f	6da4a6c51f65b5b787868a4ad507d303ac467b69693c3fa044ab779efba85af9	True	File_S8_catalogue_synced_figures_20260909.zip
modules/S8/analysis/表达_F6_F7/tables/S26_ExpressionFilter_reference66.tsv	9745	18569ab182a5ff52b11337147fc368d29a8f6462f7fcba4dfb5baf831d43de89	ae5a98c9bf1665aa61d4599d6869ba2c1c9844e7c733a3a2850e486d4b5c8e55	True	File_S8_catalogue_synced_figures_20260909.zip
modules/S8/analysis/表达_F6_F7/tables/S400_candidate_priority_18.tsv	7613	3527645776a1a271fac2fe36bec8819a0cabc119060dcac60de11069bf117015	6461b2f77e16ea96b954f5b2d53b34df20c5bb4288705fd2891c83d4c3823f11	True	File_S8_catalogue_synced_figures_20260909.zip
modules/S8/analysis/表达_F6_F7/tables/Salmon_ambiguity_66_by_9_libraries.tsv	32813	f0896ac68c63bc44a845334da786fa5f4fd2601c4955db2bb84d0792bd58f022	6f04bd5f60519d4d414a1a31acef4b2bf93bff7d06bea6a49670ea8fb5fee28f	True	File_S8_catalogue_synced_figures_20260909.zip
modules/S8/analysis/表达_F6_F7/tables/supplementary_scope_status.tsv	1726	b3069da224489bedda1e526d9fb1196088eebb7ce393787069af078ea0daabde	d80e94b697ec1bab14426b482ed012c45b5679266f5de21aebed5d8138ac34e7	True	File_S8_catalogue_synced_figures_20260909.zip
modules/S8/analysis/表达_F6_F7/tables/_candidate_DE_66.tsv	55158	9feae89eaadbbe29ce74061a8a78f66500cced49d99338e77191da6dbc722086	7b49984d21bac7a56a3ab50201643be7ded9f005a7c716b5b81eac9b2ac8fea5	True	File_S8_catalogue_synced_figures_20260909.zip
modules/S8/analysis/表达_F6_F7/tables/_candidate_TPM_66.tsv	13389	74f9feb01a50d9fde1f1e57b2451c7b750a937c636b5e6ddfb10917566a179de	813558dd1195027cb50c3edff3f65f953d761cbdfc81a666d96d69863038c861	True	File_S8_catalogue_synced_figures_20260909.zip
modules/S8/analysis/表达_F6_F7/tables/表达补表替换_S12_S15_S22_S24_S26.xlsx	98159	fb95893319e8966917973dc42dee501214e97188a6e1a9183ef7e1f0d2dd61e6	fb95893319e8966917973dc42dee501214e97188a6e1a9183ef7e1f0d2dd61e6	False	File_S8_catalogue_synced_figures_20260909.zip
modules/S8/analysis/比较_F8/caption_and_results.md	1687	afd5881e52dcf982d7217264316a94764061969a545adfd6f218967cd81c1c9c	afd5881e52dcf982d7217264316a94764061969a545adfd6f218967cd81c1c9c	False	File_S8_catalogue_synced_figures_20260909.zip
modules/S8/analysis/比较_F8/commands.json	794	3d1b0ac80b781e901fdb7902076ba14e8613da096b1cd33e2be668dc57007992	7db3d32a9035a0fbc66db4ed49a42cf6eb884f0092e3e3b35301dca79e00da79	True	File_S8_catalogue_synced_figures_20260909.zip
modules/S8/analysis/比较_F8/cross_species_all_hits.tsv	174057	6f063d738e7c3f8b2e81f43547d60bd04e6ca9bfd2d97fbd70be3116494263ee	6f063d738e7c3f8b2e81f43547d60bd04e6ca9bfd2d97fbd70be3116494263ee	False	File_S8_catalogue_synced_figures_20260909.zip
modules/S8/analysis/比较_F8/Figure8_primary73_synced_20260909.pdf	109678	0e01b15099155e7ba35a9b5d070d6d455d65624eff8cade961db167c1bfe9ad4	0e01b15099155e7ba35a9b5d070d6d455d65624eff8cade961db167c1bfe9ad4	False	File_S8_catalogue_synced_figures_20260909.zip
modules/S8/analysis/比较_F8/Figure8_primary73_synced_20260909.png	2787693	528f1898a58928bc0062b8f5170b72b92354e96a15fd256f48011d46cd2f3dff	528f1898a58928bc0062b8f5170b72b92354e96a15fd256f48011d46cd2f3dff	False	File_S8_catalogue_synced_figures_20260909.zip
modules/S8/analysis/比较_F8/Figure8_primary73_synced_20260909.svg	298100	40545809e54ce0e7457aabf35c59a55ff04f6b8df8153d1abed45a67989fad7d	40545809e54ce0e7457aabf35c59a55ff04f6b8df8153d1abed45a67989fad7d	False	File_S8_catalogue_synced_figures_20260909.zip
modules/S8/analysis/比较_F8/Figure8_primary73_synced_20260909_preview.png	435412	bd2febc0e8f54122db89ca3a5c284c2c2f45274b80596a51ddd36a9570668b8c	bd2febc0e8f54122db89ca3a5c284c2c2f45274b80596a51ddd36a9570668b8c	False	File_S8_catalogue_synced_figures_20260909.zip
modules/S8/analysis/比较_F8/provenance.json	826	2327f292576eefece9ca21ddd649d001c5ff6a6afd1e0a76960beed46aa9e581	3aa70f809a1c3b886489940dcce5f4f0e39232947acf4335c0fc8512f6cc1603	True	File_S8_catalogue_synced_figures_20260909.zip
modules/S8/analysis/比较_F8/redraw_figure8.py	14950	e9e26f7ebb212dfb20af1148ae0b9faac4bfb251db5b4201cb16b203441d83a7	e9e26f7ebb212dfb20af1148ae0b9faac4bfb251db5b4201cb16b203441d83a7	False	File_S8_catalogue_synced_figures_20260909.zip
modules/S8/analysis/比较_F8/run.log	362	0168a48d00abed3e48fbf2b9f6e29b8e2b730fce199ef9a744a5d81e92c82a51	e92ca2af6e05c31959cb082c2ede8035ad22a7857804c52e85a4d1d9ccb868ba	True	File_S8_catalogue_synced_figures_20260909.zip
modules/S8/analysis/比较_F8/run_remote.py	286544	40142e6ea778860614c47bc61b2d6b00c2fc8bcdf07de7980f6227f0cbafcb7b	b60841b4fa599224529cbef90137455e2e1d1285a8c0b897ce418934b1611980	True	File_S8_catalogue_synced_figures_20260909.zip
modules/S8/analysis/比较_F8/run_stderr.txt	0	e3b0c44298fc1c149afbf4c8996fb92427ae41e4649b934ca495991b7852b855	e3b0c44298fc1c149afbf4c8996fb92427ae41e4649b934ca495991b7852b855	False	File_S8_catalogue_synced_figures_20260909.zip
modules/S8/analysis/比较_F8/run_stdout.txt	778	6dfeb4390d230b7cb265a0b3329c35e17020979ad144dd26d539b7320adaa5fe	89359be6842f94564355950b577e4cf46ece0f5238ff75b1f461f1407887a084	True	File_S8_catalogue_synced_figures_20260909.zip
modules/S8/analysis/比较_F8/全部30对_局部共线性核对.pdf	149502	24eaaf4f8c4401fe38465f6f3187a1b85ba5882e84955e96cb5d6a51e2ee5223	24eaaf4f8c4401fe38465f6f3187a1b85ba5882e84955e96cb5d6a51e2ee5223	False	File_S8_catalogue_synced_figures_20260909.zip
modules/S8/analysis/比较_F8/data/figure_QA.json	502	2ce81fecde42f548169bf599e0365a2dfaf1f60f02081c023c673e9604a115c6	2ce81fecde42f548169bf599e0365a2dfaf1f60f02081c023c673e9604a115c6	False	File_S8_catalogue_synced_figures_20260909.zip
modules/S8/analysis/比较_F8/data/plot_data.json	12915089	0f262a649e4444a27834b0366a44dc8ded27fdfa37eb3a3b5208f72def62d905	0f262a649e4444a27834b0366a44dc8ded27fdfa37eb3a3b5208f72def62d905	False	File_S8_catalogue_synced_figures_20260909.zip
modules/S8/analysis/比较_F8/data/reader_validation.json	1529	0b1ee36690cd024dc683b5384efee7d71045e2a79480ddbd2a5ea68af2f62243	0b1ee36690cd024dc683b5384efee7d71045e2a79480ddbd2a5ea68af2f62243	False	File_S8_catalogue_synced_figures_20260909.zip
modules/S8/analysis/比较_F8/data/S19_FamilyCounts.tsv	630	43b9cd18e5623fa752b6dffec2701619651b4bbcb9c4f0a2e0b4b50a0bf4ff68	caaaa7c979150d916caee58edfa421dcfc76bc0421352073643507132ad4aa88	True	File_S8_catalogue_synced_figures_20260909.zip
modules/S8/analysis/比较_F8/data/S19_Roster.tsv	9167	072fbac6f06015447d39171096f846d0a8a5407b5d97fd12ab0051fbebfd4bab	b980eee3e44feb4d062f53169188f22ec4f28d63f04d86cd78524a5cfc10616e	True	File_S8_catalogue_synced_figures_20260909.zip
modules/S8/analysis/比较_F8/data/S20_BestHitAudit.tsv	18608	b8c4794db6ceb00f9b20c4f6ceabb4b9fdca570fadfe9a98140d5636c7bbade6	788268d7c08bea8d701a427e491f8a83e938311899ccedfe205633fca0602c24	True	File_S8_catalogue_synced_figures_20260909.zip
modules/S8/analysis/比较_F8/data/S20_Extended_RBH.tsv	5136	7d692b285c5105773f0e5a25c3f32f7a4a9ff14527acc20d1ba40667fe401dc6	b8f5ea6d8230795c5ec403566c9c874cc7d8fa566e5b23d3149181e70b171687	True	File_S8_catalogue_synced_figures_20260909.zip
modules/S8/analysis/比较_F8/data/S20_RBH_Pairs.tsv	4950	766c3781e0278674935b94ff0459f757776754106637ea0a5edef244101de2ec	e9f1b6603e3692f8e37582ba5eb9594af99903e5c6c91b977f481b61ea71b714	True	File_S8_catalogue_synced_figures_20260909.zip
modules/S8/analysis/比较_F8/data/S21_Synteny.tsv	6365	17e6cb2e02c7e29c3ac786f6e7cc33a6ef6c1d129e866f7ffb08b87d260da634	a63938bbe4da093a85119ac73ccf6b71a6efc7b786c09d80df197b7ccbe705e0	True	File_S8_catalogue_synced_figures_20260909.zip
modules/S8/analysis/附表收尾_QA/build_S35_current.py	7686	0aae47ed755f7b8cd24422150a687da61067aa26562c2f923f13b0ce6158060b	0aae47ed755f7b8cd24422150a687da61067aa26562c2f923f13b0ce6158060b	False	File_S8_catalogue_synced_figures_20260909.zip
modules/S8/analysis/附表收尾_QA/build_supplement_closure.py	11520	716b10dfa8c922d928072b98e4528cca1f80d9ccd28807717db4bb95aaf644f8	716b10dfa8c922d928072b98e4528cca1f80d9ccd28807717db4bb95aaf644f8	False	File_S8_catalogue_synced_figures_20260909.zip
modules/S8/analysis/附表收尾_QA/collect_historical_kaks_sources.py	1788	db5a121937bb23def4b8e536d7c9416dc95c0def1946a8664deba85b0ef687c0	901bca34bcda8235e125f920908d7732c7ffe008bb0a3ea691ef7491854bfa42	True	File_S8_catalogue_synced_figures_20260909.zip
modules/S8/analysis/附表收尾_QA/integration_EN.json	4894	81f437f02a6b5dec5a1c7efd87f96783887e81dac1470ec938e42523e81aa4b8	81f437f02a6b5dec5a1c7efd87f96783887e81dac1470ec938e42523e81aa4b8	False	File_S8_catalogue_synced_figures_20260909.zip
modules/S8/analysis/附表收尾_QA/PREPUBLICATION_MANIFEST_SHA256.tsv	3223	b13086af82eff56ef9fbf101464d74a767866b30343a40d5f0b46d644e7546d9	b13086af82eff56ef9fbf101464d74a767866b30343a40d5f0b46d644e7546d9	False	File_S8_catalogue_synced_figures_20260909.zip
modules/S8/analysis/附表收尾_QA/old63_sequence_identity.tsv	11672	473e5d40734043b4587d6d07b497d160c3e73ad16d5a43c780e7447683727ee4	473e5d40734043b4587d6d07b497d160c3e73ad16d5a43c780e7447683727ee4	False	File_S8_catalogue_synced_figures_20260909.zip
modules/S8/analysis/附表收尾_QA/S11_KaKsAudit.json	37155	734c84188fe797b7a190e48b7545d7e63e4cca8c185371b47b57d4b169b9b7a9	734c84188fe797b7a190e48b7545d7e63e4cca8c185371b47b57d4b169b9b7a9	False	File_S8_catalogue_synced_figures_20260909.zip
modules/S8/analysis/附表收尾_QA/S11_KaKsAudit.tsv	16670	16479169745487ae8c56202b6d766e90a02d1c08b049e6768d6542c06ba5ee46	16479169745487ae8c56202b6d766e90a02d1c08b049e6768d6542c06ba5ee46	False	File_S8_catalogue_synced_figures_20260909.zip
modules/S8/analysis/附表收尾_QA/S35_current_and_historical.tsv	5944	ed8d0804daeb0a34183f28a2246dcd01ce4d3b415190b131cc13ea7d675b54e6	ed8d0804daeb0a34183f28a2246dcd01ce4d3b415190b131cc13ea7d675b54e6	False	File_S8_catalogue_synced_figures_20260909.zip
modules/S8/analysis/附表收尾_QA/S35_current_note_EN.md	1108	1484c75e0dd233b29b091596321e765c6982dfe17ae7af6dae72f6c638f4b562	1484c75e0dd233b29b091596321e765c6982dfe17ae7af6dae72f6c638f4b562	False	File_S8_catalogue_synced_figures_20260909.zip
modules/S8/analysis/附表收尾_QA/S35_filtered_edges_audit.tsv	38237	5fb2f0659a85bd843e8fa66e232fda0f64e884b769bcc787a00bd26e86a300a9	5fb2f0659a85bd843e8fa66e232fda0f64e884b769bcc787a00bd26e86a300a9	False	File_S8_catalogue_synced_figures_20260909.zip
modules/S8/analysis/附表收尾_QA/S35_QA.json	1203	fb9407aa4f692044bd93846f6fabaa5190c5019cb866558c3938c71ae8d3e13b	fb9407aa4f692044bd93846f6fabaa5190c5019cb866558c3938c71ae8d3e13b	False	File_S8_catalogue_synced_figures_20260909.zip
modules/S8/analysis/附表收尾_QA/S35_当前与历史核对.md	2429	45b412c445577a7a76d355ff9ce024ff0ec77a31c30c1ff372a507cb70c2b892	45b412c445577a7a76d355ff9ce024ff0ec77a31c30c1ff372a507cb70c2b892	False	File_S8_catalogue_synced_figures_20260909.zip
modules/S8/analysis/附表收尾_QA/S5_BackfillLoci.tsv	6094	42ed6f1f559f1699ecbfc048709e9ae4a7c9de79639598a8ae2a2f2753b3c11f	42ed6f1f559f1699ecbfc048709e9ae4a7c9de79639598a8ae2a2f2753b3c11f	False	File_S8_catalogue_synced_figures_20260909.zip
modules/S8/analysis/附表收尾_QA/S5_S6_field_changes.tsv	6183	205594901408e4af4c734b9755638f51de2d30bded161d2bbfe7dc4eb6e0c34c	205594901408e4af4c734b9755638f51de2d30bded161d2bbfe7dc4eb6e0c34c	False	File_S8_catalogue_synced_figures_20260909.zip
modules/S8/analysis/附表收尾_QA/S6_GenomeRescue.tsv	17477	5f2ca339076f79be1c884ca61e479649f64d0e5e46a8671f23f964a654e046b2	5f2ca339076f79be1c884ca61e479649f64d0e5e46a8671f23f964a654e046b2	False	File_S8_catalogue_synced_figures_20260909.zip
modules/S8/analysis/附表收尾_QA/SUPPLEMENT_CLOSURE_COMPLETE.PASS	234	4873a019dfea5b684a491b093c4444531212f8e939d1200645445d31e32722e1	4873a019dfea5b684a491b093c4444531212f8e939d1200645445d31e32722e1	False	File_S8_catalogue_synced_figures_20260909.zip
modules/S8/analysis/附表收尾_QA/supplement_closure_QA.json	2625	53eb6af34b4e4c0803c0a9a46eaeee1a518614e947014fea0de0a303ff9de5ec	53eb6af34b4e4c0803c0a9a46eaeee1a518614e947014fea0de0a303ff9de5ec	False	File_S8_catalogue_synced_figures_20260909.zip
modules/S8/analysis/附表收尾_QA/table_replacement_map.tsv	231	7f1dbd6a7a83819b2853c9c58a7227a889bd3bcc700e2ca5181c0a1c5bdf4d17	7f1dbd6a7a83819b2853c9c58a7227a889bd3bcc700e2ca5181c0a1c5bdf4d17	False	File_S8_catalogue_synced_figures_20260909.zip
modules/S8/analysis/附表收尾_QA/附表收尾_交付说明.md	5050	b63d0a4c2382d3a4716d21315a6b45f6cc1ef2d9f2925a82fbcac7c8323b6a0d	b63d0a4c2382d3a4716d21315a6b45f6cc1ef2d9f2925a82fbcac7c8323b6a0d	False	File_S8_catalogue_synced_figures_20260909.zip
modules/S8/analysis/附表收尾_QA/sources/backfill_locus_audit_final.tsv	4418	8718340c952485bbe194a77a8dc840eb0826548c4a1856f6ee9d72d7e68e09de	8718340c952485bbe194a77a8dc840eb0826548c4a1856f6ee9d72d7e68e09de	False	File_S8_catalogue_synced_figures_20260909.zip
modules/S8/analysis/附表收尾_QA/sources/genome_wide_rescue_hits.tsv	7425	696dd734131406b78c92054d7345d5056af798fa403fbd12acc6f7725c74faaa	696dd734131406b78c92054d7345d5056af798fa403fbd12acc6f7725c74faaa	False	File_S8_catalogue_synced_figures_20260909.zip
modules/S8/analysis/附表收尾_QA/sources/historical_kaks_sources.json	124121	870f774ad2893abee70be2316a7341c32eddc17afa8640a594197aee85414f26	870f774ad2893abee70be2316a7341c32eddc17afa8640a594197aee85414f26	False	File_S8_catalogue_synced_figures_20260909.zip
modules/S8/analysis/附表收尾_QA/sources/isoseq_backfill_support.tsv	1700	9d29f6aa79900a9562376cf5ebec9855dfb46df2e24f0fb68dc7d43c89c470ac	9d29f6aa79900a9562376cf5ebec9855dfb46df2e24f0fb68dc7d43c89c470ac	False	File_S8_catalogue_synced_figures_20260909.zip
modules/S8/analysis/附表收尾_QA/sources/M5_live_evidence_20260908.json	119329	6f7b55394d380c58dfc09b850a249b15d7fc2ce987fcafdee6c66a56ea3c9aa2	d0f40d109e76435dee752973436dfa6079f3889412e185241a41dc4b0f6e4d37	True	File_S8_catalogue_synced_figures_20260909.zip
modules/S8/analysis/附表收尾_QA/sources/M5_six_locus_review_20260908.tsv	1607	57b37c23628f31a8aaa2bca7f6a291a4e935ebcc0334da072556a134b936e8b3	48782d7ddde2224b27e803da9afafda471266098f05ff4ba7d360f1c76d2b0ff	True	File_S8_catalogue_synced_figures_20260909.zip
modules/S8/analysis/附表收尾_QA/sources/primary111_frozen_source.tsv	165535	8286e39223e894415b8982a751b8277b93e6d28b61b598f9fe2dd54a9dff5d45	3c01ba39931c8ae985738f48c43dbf8d3a58fb62dea9f8b05f70aadb40cf3e91	True	File_S8_catalogue_synced_figures_20260909.zip
modules/S8/analysis/附表收尾_QA/sources/recovered_loci_read_support.tsv	1783	09a736da5d4971ada107e482f3eaf6c21f724b4c1d560b05c5d45cab5aebd65b	09a736da5d4971ada107e482f3eaf6c21f724b4c1d560b05c5d45cab5aebd65b	False	File_S8_catalogue_synced_figures_20260909.zip
modules/S8/analysis/附表收尾_QA/sources/S35_historical_snapshot.json	3896	f86e26754e5cc607e2ee641ee363c25e3f34f5dcb05e2ee95bf89f27555e5033	f86e26754e5cc607e2ee641ee363c25e3f34f5dcb05e2ee95bf89f27555e5033	False	File_S8_catalogue_synced_figures_20260909.zip
modules/S8/analysis/附表收尾_QA/sources/short_seeds.fa	15798	8e7c89433160eb73e1e8f775e43b3d2ba76e3b10a6b4c551e2e3b7c3853f8ead	8e7c89433160eb73e1e8f775e43b3d2ba76e3b10a6b4c551e2e3b7c3853f8ead	False	File_S8_catalogue_synced_figures_20260909.zip
modules/S8/analysis/附表收尾_QA/sources/tblastn.log	124	8ec845a811327e2224801f2e4e0c93527439c8cf820430bf8004555a3d193528	8ec845a811327e2224801f2e4e0c93527439c8cf820430bf8004555a3d193528	False	File_S8_catalogue_synced_figures_20260909.zip
modules/S8/analysis/附表收尾_QA/sources/tblastn_loci.json	2107	405d8aa0230fcc4ce3093336c7b581e7da0bd87cfe99e119948097ac452d7026	405d8aa0230fcc4ce3093336c7b581e7da0bd87cfe99e119948097ac452d7026	False	File_S8_catalogue_synced_figures_20260909.zip
modules/S8/analysis/附表收尾_QA/sources/tblastn_raw.tsv	67701	4abe595c54dc192e4fdfb520ce01d3b210cd8ea50f9f7e6d12a3740c24621941	4abe595c54dc192e4fdfb520ce01d3b210cd8ea50f9f7e6d12a3740c24621941	False	File_S8_catalogue_synced_figures_20260909.zip
modules/S8/analysis/外部S2_并发保留核查/final_numbering_external_preservation_QA.json	4636	6bd6c6f37eb47d61e66e2b34bcd1631920eb148765fc6ec922f5fc657a57d310	9840895062695e6c15d3bbebfb25dab6ce0d622c2c478008898bb5a9de77091b	True	File_S8_catalogue_synced_figures_20260909.zip
modules/S8/analysis/外部S2_并发保留核查/S40_TchiSampleProvenance.tsv	4847	277a9806a02fa79df638b2c24076f588a975ef213e1f6f45a4c558bc8ae28836	426b1350dffaf93f70f928f14340d72380711ef50132452d4c8b138aff8146dd	True	File_S8_catalogue_synced_figures_20260909.zip
modules/S8/analysis/外部S2_并发保留核查/S41_TchiPublishedAnnotations.tsv	17561	90092a76f00a30fc24cf7f5a98727d0c59abec44e8ce06cf9b11f8667d720a40	66bf8f94267bed12b1c2046a7d02acb1345fe2bce671575ef6308378d379e0fe	True	File_S8_catalogue_synced_figures_20260909.zip
modules/S8/analysis/外部S2_并发保留核查/S42_TchiSelectedExpression.tsv	15910	314ea346ce2e298e1427acf57538589a1e5a1424fe816aeadf7eacd7c4425e49	506880354cd4eb4fd66dc863b66e52e49999b3958ba0f8715045e72e277d838a	True	File_S8_catalogue_synced_figures_20260909.zip
modules/S8/analysis/外部S2_并发保留核查/S43_TchiSampleQC.tsv	7919	cf289938a004dec353def31b1a1b7f21d9ef1c4f836eeb1d20d81502715fdad6	4682234bb2904b91862e79720e9ac65c521d418778bfcb0cfec6950064ba38e5	True	File_S8_catalogue_synced_figures_20260909.zip
modules/S8/current_tables/Genes_RsoAMP_Supplementary_Tables_expression_status_20260904.xlsx	2639686	a946887e31bd17ee2a1884c0bd2ac8f132a518945ca29417743251e07e25ca7c	2668f4fdd93fb73d2f950e32ef08015b9cc625dc08fc1ca4deed1e89ced2e1cf	True	File_S8_catalogue_synced_figures_20260909.zip
modules/S8/current_tables/Member_label_crosswalk_20260909.tsv	19879	4bee166a1df7a72daa1d2cb6ecfd3cfb2465e26c4617e69b6ae169e4881300e6	90e060220c653b067ec432010e75d8aac152d7fe848e5e19da100eebb231f4ae	True	File_S8_catalogue_synced_figures_20260909.zip
modules/S8/current_tables/Member_label_crosswalk_20260909.xlsx	11862	8b34c574f403f4022f4e10df81dff7f9eb1cd5de5ad6797c571331fde77d77b3	8b34c574f403f4022f4e10df81dff7f9eb1cd5de5ad6797c571331fde77d77b3	False	File_S8_catalogue_synced_figures_20260909.zip
modules/S8/current_figures/Figure_legends.md	13286	f9e61fc264d32edec73bb0b3306437b25c4f280a128983dee3c9a5db67c7562c	f9e61fc264d32edec73bb0b3306437b25c4f280a128983dee3c9a5db67c7562c	False	File_S8_catalogue_synced_figures_20260909.zip
modules/S8/current_figures/Figure_S2_external_expression_context.pdf	82335	6cf37c4ad7b92796497b7c42a1d35e8650489d0b7d5f06e2f6bfdf4fd3eea0d2	6cf37c4ad7b92796497b7c42a1d35e8650489d0b7d5f06e2f6bfdf4fd3eea0d2	False	File_S8_catalogue_synced_figures_20260909.zip
modules/S8/current_figures/Figure_S2_external_expression_context.svg	134519	03753dbfd7426fce7ffef49d57a6bc29593f0a2d240539797ca3c0f5f7abc775	03753dbfd7426fce7ffef49d57a6bc29593f0a2d240539797ca3c0f5f7abc775	False	File_S8_catalogue_synced_figures_20260909.zip
modules/S8/current_figures/Figure_S2_external_expression_context_600dpi.png	999893	378a939143edbbb43b802b372e2cc607c3e3853940c73f62c26f3cf930ae6498	378a939143edbbb43b802b372e2cc607c3e3853940c73f62c26f3cf930ae6498	False	File_S8_catalogue_synced_figures_20260909.zip
modules/S8/current_figures/Figure_S2_legend_EN.txt	3442	566a45e0d88c2993d0d2daf81b07232fb37357fae3652b25e52b42df4c592e85	566a45e0d88c2993d0d2daf81b07232fb37357fae3652b25e52b42df4c592e85	False	File_S8_catalogue_synced_figures_20260909.zip
modules/S8/current_figures/Figure_S2_legend_ZH.txt	2683	80c8ab79afe3b48037a510d1ce8584a5f5326e8a41c3792fc7c3f13bca07828f	80c8ab79afe3b48037a510d1ce8584a5f5326e8a41c3792fc7c3f13bca07828f	False	File_S8_catalogue_synced_figures_20260909.zip
modules/S8/current_figures/Figure_S2_preserved_scope.md	810	75a88b88037cd82aab7b099cf1ad0106851d6d36c32c2e9440806476c5b2a632	75a88b88037cd82aab7b099cf1ad0106851d6d36c32c2e9440806476c5b2a632	False	File_S8_catalogue_synced_figures_20260909.zip
modules/S8/current_figures/Editable_SVG/Figure1_catalogue_synced_20260909.svg	397715	7b224265e2ab9e9c69e58b7b22dcc3e779564173382d962b6672bf1756b604b6	7b224265e2ab9e9c69e58b7b22dcc3e779564173382d962b6672bf1756b604b6	False	File_S8_catalogue_synced_figures_20260909.zip
modules/S8/current_figures/Editable_SVG/Figure2A_Defensin_primary73_key_clades.svg	34343	15d5a40a0341e5971bf39d287971b6a70fd0f2b1af487ccf775c5fb869303809	15d5a40a0341e5971bf39d287971b6a70fd0f2b1af487ccf775c5fb869303809	False	File_S8_catalogue_synced_figures_20260909.zip
modules/S8/current_figures/Editable_SVG/Figure2B_Snakin_GASA_primary73_key_clades.svg	47234	ad1594c6e3fccce21d775761e8dccc2e96cb45b9c68f76abb2fe9e7c69ea2665	ad1594c6e3fccce21d775761e8dccc2e96cb45b9c68f76abb2fe9e7c69ea2665	False	File_S8_catalogue_synced_figures_20260909.zip
modules/S8/current_figures/Editable_SVG/Figure2C_nsLTP_primary73_key_clades.svg	99252	185028701bc3f6f0c8f5b5594367270b664d76edaef4fa450516951c828f0e1c	185028701bc3f6f0c8f5b5594367270b664d76edaef4fa450516951c828f0e1c	False	File_S8_catalogue_synced_figures_20260909.zip
modules/S8/current_figures/Editable_SVG/Figure2_catalogue_synced_20260909.svg	175702	9808f9b3eb1e7dfab8176d68df4509344cb7da195aa810911819d5db3fbf6f26	9808f9b3eb1e7dfab8176d68df4509344cb7da195aa810911819d5db3fbf6f26	False	File_S8_catalogue_synced_figures_20260909.zip
modules/S8/current_figures/Editable_SVG/Figure3_catalogue_synced_20260909.svg	183661	a591ba4ef123367993f22bca4bf8b1cbc64076f61cb1f99f9bc28dfda96ac25e	a591ba4ef123367993f22bca4bf8b1cbc64076f61cb1f99f9bc28dfda96ac25e	False	File_S8_catalogue_synced_figures_20260909.zip
modules/S8/current_figures/Editable_SVG/Figure4_catalogue_synced_20260909.svg	102201	26ccaf453dac48904bd129a11c77ec7b0d9abca028817a46192568dbb92347d2	26ccaf453dac48904bd129a11c77ec7b0d9abca028817a46192568dbb92347d2	False	File_S8_catalogue_synced_figures_20260909.zip
modules/S8/current_figures/Editable_SVG/Figure5_catalogue_synced_20260909.svg	302292	1e0043cd23d24b1d81005e14b65016edeb1511aa5f2bc370960991bcdf6d5842	1e0043cd23d24b1d81005e14b65016edeb1511aa5f2bc370960991bcdf6d5842	False	File_S8_catalogue_synced_figures_20260909.zip
modules/S8/current_figures/Editable_SVG/Figure6_catalogue_synced_20260909.svg	131224	f8f5f85b52bd3ad69b3851b8c4f494089497a53d9bd0c36d6d8e47e205c472a6	f8f5f85b52bd3ad69b3851b8c4f494089497a53d9bd0c36d6d8e47e205c472a6	False	File_S8_catalogue_synced_figures_20260909.zip
modules/S8/current_figures/Editable_SVG/Figure7_catalogue_synced_20260909.svg	109517	73ef6669ab044957340de32d206a28d8155ea21a3c6ddcc8cf7a4b0d8857646f	73ef6669ab044957340de32d206a28d8155ea21a3c6ddcc8cf7a4b0d8857646f	False	File_S8_catalogue_synced_figures_20260909.zip
modules/S8/current_figures/Editable_SVG/Figure8_catalogue_synced_20260909.svg	298100	40545809e54ce0e7457aabf35c59a55ff04f6b8df8153d1abed45a67989fad7d	40545809e54ce0e7457aabf35c59a55ff04f6b8df8153d1abed45a67989fad7d	False	File_S8_catalogue_synced_figures_20260909.zip
modules/S8/current_figures/Editable_SVG/FigureS1A_Defensin_primary73_full.svg	377793	444f8010d26912407a8c0d2410615a844259b3db930afb147ebf3e75bbfce252	444f8010d26912407a8c0d2410615a844259b3db930afb147ebf3e75bbfce252	False	File_S8_catalogue_synced_figures_20260909.zip
modules/S8/current_figures/Editable_SVG/FigureS1B_Snakin_GASA_primary73_full.svg	146110	d372f8c440ef32bc27129a797dd103b635d3e68d92cf84ef2fccfd306d63bb58	d372f8c440ef32bc27129a797dd103b635d3e68d92cf84ef2fccfd306d63bb58	False	File_S8_catalogue_synced_figures_20260909.zip
modules/S8/current_figures/Editable_SVG/FigureS1C_nsLTP_primary73_full.svg	548528	69289f44f6cfda9554dba528e6915e0946a4726a3377d040f7c830701c04e722	69289f44f6cfda9554dba528e6915e0946a4726a3377d040f7c830701c04e722	False	File_S8_catalogue_synced_figures_20260909.zip
modules/S8/current_figures/High_Resolution_PNG/Figure1_catalogue_synced_20260909.png	1427129	9036a0fc13ed726d3d500f9b30a855de6866f7dada222e1a3dae2bf5c9c65865	9036a0fc13ed726d3d500f9b30a855de6866f7dada222e1a3dae2bf5c9c65865	False	File_S8_catalogue_synced_figures_20260909.zip
modules/S8/current_figures/High_Resolution_PNG/Figure2A_Defensin_primary73_key_clades.png	1262701	fdcc1f15a089949a0f6b09f9a7efd10f76f6c91ee379270f226714c1c9735c7e	fdcc1f15a089949a0f6b09f9a7efd10f76f6c91ee379270f226714c1c9735c7e	False	File_S8_catalogue_synced_figures_20260909.zip
modules/S8/current_figures/High_Resolution_PNG/Figure2B_Snakin_GASA_primary73_key_clades.png	1693656	4d86a210c64ba2ca3abfa9d98caa17716c47cb263b6876201518205c1b411a35	4d86a210c64ba2ca3abfa9d98caa17716c47cb263b6876201518205c1b411a35	False	File_S8_catalogue_synced_figures_20260909.zip
modules/S8/current_figures/High_Resolution_PNG/Figure2C_nsLTP_primary73_key_clades.png	2593052	cc850674267f6cddfd9c959eff02192cef4c41f3c0ad9e31364dda31e26a3d5e	cc850674267f6cddfd9c959eff02192cef4c41f3c0ad9e31364dda31e26a3d5e	False	File_S8_catalogue_synced_figures_20260909.zip
modules/S8/current_figures/High_Resolution_PNG/Figure2_catalogue_synced_20260909.png	3553592	45d70fad69cfbba8b0add26d58692406063ead52063a5f402072285e746ca06f	45d70fad69cfbba8b0add26d58692406063ead52063a5f402072285e746ca06f	False	File_S8_catalogue_synced_figures_20260909.zip
modules/S8/current_figures/High_Resolution_PNG/Figure3_catalogue_synced_20260909.png	1505360	766bb1e1ec518b21006f75f3e22d6553252d34d1470c97cbee6adc7c916b11b7	766bb1e1ec518b21006f75f3e22d6553252d34d1470c97cbee6adc7c916b11b7	False	File_S8_catalogue_synced_figures_20260909.zip
modules/S8/current_figures/High_Resolution_PNG/Figure4_catalogue_synced_20260909.png	914604	59e854c8855239c26e8045766496e53de56e9603964fa8a2c269f3718104fa07	59e854c8855239c26e8045766496e53de56e9603964fa8a2c269f3718104fa07	False	File_S8_catalogue_synced_figures_20260909.zip
modules/S8/current_figures/High_Resolution_PNG/Figure5_catalogue_synced_20260909.png	1222453	9edbc5f7f1ec108b61ab8368b2ee893b8a5e1b51ebf75d882048dc5529639b75	9edbc5f7f1ec108b61ab8368b2ee893b8a5e1b51ebf75d882048dc5529639b75	False	File_S8_catalogue_synced_figures_20260909.zip
modules/S8/current_figures/High_Resolution_PNG/Figure6_catalogue_synced_20260909.png	879392	4f2077b39c2bd215d2e58ea928919e1a88d179a850e5e86a50b5b4ed06a78ebe	4f2077b39c2bd215d2e58ea928919e1a88d179a850e5e86a50b5b4ed06a78ebe	False	File_S8_catalogue_synced_figures_20260909.zip
modules/S8/current_figures/High_Resolution_PNG/Figure7_catalogue_synced_20260909.png	852488	9de604529b05ab4da68d420ee52469500ac7fd2214264ecadb6a8a41558dcc41	9de604529b05ab4da68d420ee52469500ac7fd2214264ecadb6a8a41558dcc41	False	File_S8_catalogue_synced_figures_20260909.zip
modules/S8/current_figures/High_Resolution_PNG/Figure8_catalogue_synced_20260909.png	2787693	528f1898a58928bc0062b8f5170b72b92354e96a15fd256f48011d46cd2f3dff	528f1898a58928bc0062b8f5170b72b92354e96a15fd256f48011d46cd2f3dff	False	File_S8_catalogue_synced_figures_20260909.zip
modules/S8/current_figures/High_Resolution_PNG/FigureS1A_Defensin_primary73_full.png	3202914	1083c3f24dafe063b66c91eac8931aec18cb5f0c702e452e7eeadb4bcd9ff3e3	1083c3f24dafe063b66c91eac8931aec18cb5f0c702e452e7eeadb4bcd9ff3e3	False	File_S8_catalogue_synced_figures_20260909.zip
modules/S8/current_figures/High_Resolution_PNG/FigureS1B_Snakin_GASA_primary73_full.png	2058030	bf5d0a8a33ac3aa823be417de524607164f9b31da692d9f0174fb6ab2a5e49ec	bf5d0a8a33ac3aa823be417de524607164f9b31da692d9f0174fb6ab2a5e49ec	False	File_S8_catalogue_synced_figures_20260909.zip
modules/S8/current_figures/High_Resolution_PNG/FigureS1C_nsLTP_primary73_full.png	4331327	3f0a7380a2983a153e012759f38af312cf46864b13febaeaf5eb3641ee04129b	3f0a7380a2983a153e012759f38af312cf46864b13febaeaf5eb3641ee04129b	False	File_S8_catalogue_synced_figures_20260909.zip
modules/S8/current_figures/Previews/Figure2A_Defensin_primary73_key_clades.png	164263	ac54ffaad380928caf409c6fa675dd0708e7445cee135da8eddaec1ce9d21526	ac54ffaad380928caf409c6fa675dd0708e7445cee135da8eddaec1ce9d21526	False	File_S8_catalogue_synced_figures_20260909.zip
modules/S8/current_figures/Previews/Figure2B_Snakin_GASA_primary73_key_clades.png	218747	6dc5d5ef43ea18ace71429d8d142d983b56771f66cbe1b4ed9cdd15bccbb3551	6dc5d5ef43ea18ace71429d8d142d983b56771f66cbe1b4ed9cdd15bccbb3551	False	File_S8_catalogue_synced_figures_20260909.zip
modules/S8/current_figures/Previews/Figure2C_nsLTP_primary73_key_clades.png	321953	4c9489d77cfc1a489df7f923eb51130335a93295fe7f11c9ab91ea13b69baf5e	4c9489d77cfc1a489df7f923eb51130335a93295fe7f11c9ab91ea13b69baf5e	False	File_S8_catalogue_synced_figures_20260909.zip
modules/S8/current_figures/Previews/FigureS1A_Defensin_primary73_full.png	401669	b9bae731c4b34febe083c0f41800d7de779083cbdacdea9f5ffef0abc1921efb	b9bae731c4b34febe083c0f41800d7de779083cbdacdea9f5ffef0abc1921efb	False	File_S8_catalogue_synced_figures_20260909.zip
modules/S8/current_figures/Previews/FigureS1B_Snakin_GASA_primary73_full.png	267027	4cbeba058d70555be6de61a92bda8b9e95f7b4a7cfe430ce893d989655e0506f	4cbeba058d70555be6de61a92bda8b9e95f7b4a7cfe430ce893d989655e0506f	False	File_S8_catalogue_synced_figures_20260909.zip
modules/S8/current_figures/Previews/FigureS1C_nsLTP_primary73_full.png	527847	8b72a133d034e38d416125fa2e1644f65731863cc4eeb5998448d05f9987af1e	8b72a133d034e38d416125fa2e1644f65731863cc4eeb5998448d05f9987af1e	False	File_S8_catalogue_synced_figures_20260909.zip
modules/S8/current_figures/Vector_PDF/Figure1_catalogue_synced_20260909.pdf	81077	6e996e2a8fda6459eaa89417d14dc7b70abf4c2c7f74703ca8114358d74f44d3	6e996e2a8fda6459eaa89417d14dc7b70abf4c2c7f74703ca8114358d74f44d3	False	File_S8_catalogue_synced_figures_20260909.zip
modules/S8/current_figures/Vector_PDF/Figure2A_Defensin_primary73_key_clades.pdf	59854	e7194ab0046ff978b5e38b14fa7002273d8dcd72f8491b1329f15430138822fe	e7194ab0046ff978b5e38b14fa7002273d8dcd72f8491b1329f15430138822fe	False	File_S8_catalogue_synced_figures_20260909.zip
modules/S8/current_figures/Vector_PDF/Figure2B_Snakin_GASA_primary73_key_clades.pdf	66887	af4261803646cde36781094ef39e14520ec9f14fd1bc75c53666e36f9c5f0091	af4261803646cde36781094ef39e14520ec9f14fd1bc75c53666e36f9c5f0091	False	File_S8_catalogue_synced_figures_20260909.zip
modules/S8/current_figures/Vector_PDF/Figure2C_nsLTP_primary73_key_clades.pdf	77989	6861ab80e6eb7f0131e210f31f769a8955d901db6a5877db8a0628a498d70d27	6861ab80e6eb7f0131e210f31f769a8955d901db6a5877db8a0628a498d70d27	False	File_S8_catalogue_synced_figures_20260909.zip
modules/S8/current_figures/Vector_PDF/Figure2_catalogue_synced_20260909.pdf	104150	1d82c56bd555893055be06735062517d4e07100c6f10ea4ed8ee9f5719d0358b	1d82c56bd555893055be06735062517d4e07100c6f10ea4ed8ee9f5719d0358b	False	File_S8_catalogue_synced_figures_20260909.zip
modules/S8/current_figures/Vector_PDF/Figure3_catalogue_synced_20260909.pdf	46583	cdeb4fe50b9b191f80d96c90539ad3850db1e735e909d1b2286a6065926976fc	cdeb4fe50b9b191f80d96c90539ad3850db1e735e909d1b2286a6065926976fc	False	File_S8_catalogue_synced_figures_20260909.zip
modules/S8/current_figures/Vector_PDF/Figure4_catalogue_synced_20260909.pdf	38304	8743a0a123e8dd57d70768a6cd7c12c71f430e678184334163be3b69054b5a37	8743a0a123e8dd57d70768a6cd7c12c71f430e678184334163be3b69054b5a37	False	File_S8_catalogue_synced_figures_20260909.zip
modules/S8/current_figures/Vector_PDF/Figure5_catalogue_synced_20260909.pdf	53086	ec78d882d27d7d01e27505b744f914095011d9a58b0e5fd8e5009436e4daa089	ec78d882d27d7d01e27505b744f914095011d9a58b0e5fd8e5009436e4daa089	False	File_S8_catalogue_synced_figures_20260909.zip
modules/S8/current_figures/Vector_PDF/Figure6_catalogue_synced_20260909.pdf	46472	e8bd81d31fc312681e0307cf14ac620f93523b8106ce8790e98c0d8eb95ca3cc	e8bd81d31fc312681e0307cf14ac620f93523b8106ce8790e98c0d8eb95ca3cc	False	File_S8_catalogue_synced_figures_20260909.zip
modules/S8/current_figures/Vector_PDF/Figure7_catalogue_synced_20260909.pdf	46899	4868305f3942f7e5684ed910fd56a065602764a8647377f94390445405463680	4868305f3942f7e5684ed910fd56a065602764a8647377f94390445405463680	False	File_S8_catalogue_synced_figures_20260909.zip
modules/S8/current_figures/Vector_PDF/Figure8_catalogue_synced_20260909.pdf	109678	0e01b15099155e7ba35a9b5d070d6d455d65624eff8cade961db167c1bfe9ad4	0e01b15099155e7ba35a9b5d070d6d455d65624eff8cade961db167c1bfe9ad4	False	File_S8_catalogue_synced_figures_20260909.zip
modules/S8/current_figures/Vector_PDF/FigureS1A_Defensin_primary73_full.pdf	175032	be52601fd36eb3c9e2e6c685c0f97ba2b06996a8c4444505dd8bcf5510956d2f	be52601fd36eb3c9e2e6c685c0f97ba2b06996a8c4444505dd8bcf5510956d2f	False	File_S8_catalogue_synced_figures_20260909.zip
modules/S8/current_figures/Vector_PDF/FigureS1B_Snakin_GASA_primary73_full.pdf	103069	3af15b392da9d6274d585205514943d36928d8837951ff89b20aa24ba4d6e4e8	3af15b392da9d6274d585205514943d36928d8837951ff89b20aa24ba4d6e4e8	False	File_S8_catalogue_synced_figures_20260909.zip
modules/S8/current_figures/Vector_PDF/FigureS1C_nsLTP_primary73_full.pdf	227326	301d7e1727026c95a1526f3da4c7d14a2290371b2aa55daac5537a8007b3407f	301d7e1727026c95a1526f3da4c7d14a2290371b2aa55daac5537a8007b3407f	False	File_S8_catalogue_synced_figures_20260909.zip
modules/S8/current_figures/Support_audit/Editable_SVG/Support_audit_A_Defensin_all_nodes.svg	135889	969bf2b32f1c856c7de1e13ebda3335291b792f290d28aa3e2268fb3c41755fb	969bf2b32f1c856c7de1e13ebda3335291b792f290d28aa3e2268fb3c41755fb	False	File_S8_catalogue_synced_figures_20260909.zip
modules/S8/current_figures/Support_audit/Editable_SVG/Support_audit_B_Snakin_GASA_all_nodes.svg	53536	97525f62688c23d1bf973b669ab27d175fbdb03a82210eb42d65308eef2bc331	97525f62688c23d1bf973b669ab27d175fbdb03a82210eb42d65308eef2bc331	False	File_S8_catalogue_synced_figures_20260909.zip
modules/S8/current_figures/Support_audit/Editable_SVG/Support_audit_C_nsLTP_all_nodes.svg	195022	08f45d56e683c8752b56a11297831ce0939c068378963aa9268caedf61fd0c58	08f45d56e683c8752b56a11297831ce0939c068378963aa9268caedf61fd0c58	False	File_S8_catalogue_synced_figures_20260909.zip
modules/S8/current_figures/Support_audit/High_Resolution_PNG/Support_audit_A_Defensin_all_nodes.png	2117897	aaa5911310782f56221ea95fc3f209251fe3ce901259ad90b30f8d27cc37253d	aaa5911310782f56221ea95fc3f209251fe3ce901259ad90b30f8d27cc37253d	False	File_S8_catalogue_synced_figures_20260909.zip
modules/S8/current_figures/Support_audit/High_Resolution_PNG/Support_audit_B_Snakin_GASA_all_nodes.png	854699	3d30943ac6a12d8c02d83e53b2b2aeed6e8368700fc4dcc39c9a9519ebe5a803	3d30943ac6a12d8c02d83e53b2b2aeed6e8368700fc4dcc39c9a9519ebe5a803	False	File_S8_catalogue_synced_figures_20260909.zip
modules/S8/current_figures/Support_audit/High_Resolution_PNG/Support_audit_C_nsLTP_all_nodes.png	3065740	a14063a21655b74736ec22b4d3da1a92e427b2608b56b23e211e5da937c031f7	a14063a21655b74736ec22b4d3da1a92e427b2608b56b23e211e5da937c031f7	False	File_S8_catalogue_synced_figures_20260909.zip
modules/S8/current_figures/Support_audit/Previews/Support_audit_A_Defensin_all_nodes.png	285529	096719b99fbc4c97ee55d31794949d783659f4ca2bd3ec322c3dd8ee7e4e41b2	096719b99fbc4c97ee55d31794949d783659f4ca2bd3ec322c3dd8ee7e4e41b2	False	File_S8_catalogue_synced_figures_20260909.zip
modules/S8/current_figures/Support_audit/Previews/Support_audit_B_Snakin_GASA_all_nodes.png	125765	6915e95e158498317a6a5c640009de18b2660f03ef157279d5ee03289fc68ef0	6915e95e158498317a6a5c640009de18b2660f03ef157279d5ee03289fc68ef0	False	File_S8_catalogue_synced_figures_20260909.zip
modules/S8/current_figures/Support_audit/Previews/Support_audit_C_nsLTP_all_nodes.png	420380	14b631c14c4b825052b449d94b406046434f917655af64d63942bd36ee05250d	14b631c14c4b825052b449d94b406046434f917655af64d63942bd36ee05250d	False	File_S8_catalogue_synced_figures_20260909.zip
modules/S8/current_figures/Support_audit/Vector_PDF/Support_audit_A_Defensin_all_nodes.pdf	63788	b25773fdb0468ccfc052bacae4c2901794807122d1b551940e8f32d77f5a6465	b25773fdb0468ccfc052bacae4c2901794807122d1b551940e8f32d77f5a6465	False	File_S8_catalogue_synced_figures_20260909.zip
modules/S8/current_figures/Support_audit/Vector_PDF/Support_audit_B_Snakin_GASA_all_nodes.pdf	57669	c20e0a890ee018e91f532dca616fea8fb6a0265222172c5a821d1656aaeb1ed6	c20e0a890ee018e91f532dca616fea8fb6a0265222172c5a821d1656aaeb1ed6	False	File_S8_catalogue_synced_figures_20260909.zip
modules/S8/current_figures/Support_audit/Vector_PDF/Support_audit_C_nsLTP_all_nodes.pdf	68848	ad46e59757eee427a712274571be42f43ae1ad97a91ba046735df237fe5bc228	ad46e59757eee427a712274571be42f43ae1ad97a91ba046735df237fe5bc228	False	File_S8_catalogue_synced_figures_20260909.zip
modules/S8/current_newick/Figure2A_Defensin_primary73_key_clades.itol_labels.txt	528	333082a0204d6b841c82f29140971f3e6ac0cd838aefc1f1046e4881342b743b	333082a0204d6b841c82f29140971f3e6ac0cd838aefc1f1046e4881342b743b	False	File_S8_catalogue_synced_figures_20260909.zip
modules/S8/current_newick/Figure2A_Defensin_primary73_key_clades.nwk	702	9d7b808253989163f959a6a5f37cf7363463c4452750a702a0079800add8506a	9d7b808253989163f959a6a5f37cf7363463c4452750a702a0079800add8506a	False	File_S8_catalogue_synced_figures_20260909.zip
modules/S8/current_newick/Figure2B_Snakin_GASA_primary73_key_clades.itol_labels.txt	796	54b3dbff654cbab1e652dc2e371c935bfac1c698f97c115214208f2cb2693431	54b3dbff654cbab1e652dc2e371c935bfac1c698f97c115214208f2cb2693431	False	File_S8_catalogue_synced_figures_20260909.zip
modules/S8/current_newick/Figure2B_Snakin_GASA_primary73_key_clades.nwk	1117	eff21a374ecc9fb3fc80adc86eff974a767be04fcaaadd8ab93846c7600468dd	eff21a374ecc9fb3fc80adc86eff974a767be04fcaaadd8ab93846c7600468dd	False	File_S8_catalogue_synced_figures_20260909.zip
modules/S8/current_newick/Figure2C_nsLTP_primary73_key_clades.itol_labels.txt	1761	dda9200130290214c38097ebc486745750a5ed9d6dd7bbf64ad5db8fbf180b0c	dda9200130290214c38097ebc486745750a5ed9d6dd7bbf64ad5db8fbf180b0c	False	File_S8_catalogue_synced_figures_20260909.zip
modules/S8/current_newick/Figure2C_nsLTP_primary73_key_clades.nwk	2432	039dc5e4a8522ed80d8e38996ef36f63b050a259e4944ed35a0b0adc37c143ec	039dc5e4a8522ed80d8e38996ef36f63b050a259e4944ed35a0b0adc37c143ec	False	File_S8_catalogue_synced_figures_20260909.zip
modules/S8/current_newick/Figure2_CURRENT_VERSION.md	3187	5b32c45c692919caaffd221cf7eebee540dc5ad210a20f2de3639b6ff76da42d	5b32c45c692919caaffd221cf7eebee540dc5ad210a20f2de3639b6ff76da42d	False	File_S8_catalogue_synced_figures_20260909.zip
modules/S8/current_newick/FigureS1A_Defensin_primary73_full.itol_labels.txt	2181	86f5829ae611c0d9e614f511fdf2e65fab4a99a0e678c6ba527453811bdb4627	86f5829ae611c0d9e614f511fdf2e65fab4a99a0e678c6ba527453811bdb4627	False	File_S8_catalogue_synced_figures_20260909.zip
modules/S8/current_newick/FigureS1A_Defensin_primary73_full.nwk	4973	fdb70367dd6be7c6eb0b0792287daced1301160d8b7b8ac08768ef778e39be56	fdb70367dd6be7c6eb0b0792287daced1301160d8b7b8ac08768ef778e39be56	False	File_S8_catalogue_synced_figures_20260909.zip
modules/S8/current_newick/FigureS1B_Snakin_GASA_primary73_full.itol_labels.txt	967	e1e6bfe23d814bc122e409cff4c8964139095e733738e099d177a9056629c6fa	e1e6bfe23d814bc122e409cff4c8964139095e733738e099d177a9056629c6fa	False	File_S8_catalogue_synced_figures_20260909.zip
modules/S8/current_newick/FigureS1B_Snakin_GASA_primary73_full.nwk	2028	5540edcd67aaf79ba22fe6e863e7352e820a00aae66fccfddeb2930a93809413	5540edcd67aaf79ba22fe6e863e7352e820a00aae66fccfddeb2930a93809413	False	File_S8_catalogue_synced_figures_20260909.zip
modules/S8/current_newick/FigureS1C_nsLTP_primary73_full.itol_labels.txt	4421	ecb9cf68f293aa0a245f3a53576b291e64ce20b295a345b60e303d00a4ca9601	ecb9cf68f293aa0a245f3a53576b291e64ce20b295a345b60e303d00a4ca9601	False	File_S8_catalogue_synced_figures_20260909.zip
modules/S8/current_newick/FigureS1C_nsLTP_primary73_full.nwk	8341	02a682eda8fafc954f46a5b28299d7a5c7dc9e7c9d6de8a5cc5959ba05b9b761	02a682eda8fafc954f46a5b28299d7a5c7dc9e7c9d6de8a5cc5959ba05b9b761	False	File_S8_catalogue_synced_figures_20260909.zip
modules/S8/current_newick/Audit_tables/final_QA.json	2245	85d504853d92c77ab2cd4c4d4516612c6e7417916ea3fa6df0b9cac616045ac5	85d504853d92c77ab2cd4c4d4516612c6e7417916ea3fa6df0b9cac616045ac5	False	File_S8_catalogue_synced_figures_20260909.zip
modules/S8/current_newick/Audit_tables/key_branch_evidence.tsv	4079	68cc70b7dd63de6f09e74b69212091d486a1a8c686bb9405c8b58e549f72fe5b	692b7da5466b8ca7f4cde1a33e275cef48c6391c270305a8040c427b185ffd96	True	File_S8_catalogue_synced_figures_20260909.zip
modules/S8/current_newick/Audit_tables/legacy_group_strategy_support.tsv	10214	1d4603fc2b1163884b457881292f96f6eb4b18267f90c131c66d083688a13bc8	df80e531b668f34978784c6b9d38a5c3f48be289178993e0f372d865c9d3f1cd	True	File_S8_catalogue_synced_figures_20260909.zip
modules/S8/current_newick/Audit_tables/primary73_group_mapping.tsv	6527	2f841493c544364ff7c4d1cd48f74b426976528b4b0d1bea3b79065536eeb4bf	75b78e3bc607b9d5d80363420fc1d9581d1d95c72b325517c6a15dc9a7c14067	True	File_S8_catalogue_synced_figures_20260909.zip
modules/S8/current_newick/Audit_tables/S7_PhyloGroups.tsv	12669	44cbb72cb48846d0d75d36cd205369171caee9351fe337ec4ceb7dd9f07fb501	7d6654ea7e1c350d915cd5d004b5cc5c68991eba77bdf5d88f4269230c328f45	True	File_S8_catalogue_synced_figures_20260909.zip
modules/S8/current_newick/Audit_tables/S8_PhyloSupport.tsv	2759512	7e016804b88759bbcbdbad9dadaa3e5a2448695efbaaecbaf85e99e164c683ab	adb42b608036cb3b5b250e93948d652139101a32647e1f5062ef96f894585a8b	True	File_S8_catalogue_synced_figures_20260909.zip
modules/S8/current_newick/Audit_tables/taxon_metadata_verified_sequences.tsv	205842	f57c33c27e3cd60f51b3ab755242d6e4394295f4cbc316d8d9204072b3377f14	db830666a58623dc2f5697b31938a9199ce72c23fd580af958645b5ead5ac8bd	True	File_S8_catalogue_synced_figures_20260909.zip
modules/S8/current_newick/Source_12_ML_trees/Defensin/Defensin.core.gappyout.treefile	4974	c9cdaf44b5fe33b02cb3d7676dff772b6934b35c670dd284c673ee522f21f1d3	c9cdaf44b5fe33b02cb3d7676dff772b6934b35c670dd284c673ee522f21f1d3	False	File_S8_catalogue_synced_figures_20260909.zip
modules/S8/current_newick/Source_12_ML_trees/Defensin/Defensin.core.untrimmed.treefile	4966	31dacb06002fc90065620ccea0d85b5afec700b9dfd07def1c9101d2f78bba95	31dacb06002fc90065620ccea0d85b5afec700b9dfd07def1c9101d2f78bba95	False	File_S8_catalogue_synced_figures_20260909.zip
modules/S8/current_newick/Source_12_ML_trees/Defensin/Defensin.full.gappyout.treefile	4959	32fc9ce709aaa46862aad90df16ef4f3ab3cb5489701ea14f9a97d1415ce5725	32fc9ce709aaa46862aad90df16ef4f3ab3cb5489701ea14f9a97d1415ce5725	False	File_S8_catalogue_synced_figures_20260909.zip
modules/S8/current_newick/Source_12_ML_trees/Defensin/Defensin.full.untrimmed.treefile	4985	3d0a01a1a7ca7bc9851e2c1d68b84de9ff2d7b6d153fb68498aaf2d07e9ff7b4	3d0a01a1a7ca7bc9851e2c1d68b84de9ff2d7b6d153fb68498aaf2d07e9ff7b4	False	File_S8_catalogue_synced_figures_20260909.zip
modules/S8/current_newick/Source_12_ML_trees/nsLTP/nsLTP.core.gappyout.treefile	8308	cec47980618ef9f01c2a18cec77453eebcb7eaba261e2f64b07d200f6260421a	cec47980618ef9f01c2a18cec77453eebcb7eaba261e2f64b07d200f6260421a	False	File_S8_catalogue_synced_figures_20260909.zip
modules/S8/current_newick/Source_12_ML_trees/nsLTP/nsLTP.core.untrimmed.treefile	8319	1e41008e66f8444d3b9c63a02a99fe26364b092049d383242bf0fec345813e9f	1e41008e66f8444d3b9c63a02a99fe26364b092049d383242bf0fec345813e9f	False	File_S8_catalogue_synced_figures_20260909.zip
modules/S8/current_newick/Source_12_ML_trees/nsLTP/nsLTP.full.gappyout.treefile	8327	e49b49754f3323a8c423552f849aee3cd3e3a6bbdd5f7f135f16776b72f8df8a	e49b49754f3323a8c423552f849aee3cd3e3a6bbdd5f7f135f16776b72f8df8a	False	File_S8_catalogue_synced_figures_20260909.zip
modules/S8/current_newick/Source_12_ML_trees/nsLTP/nsLTP.full.untrimmed.treefile	8323	c4a4ffd16339b6225f3865e9648c1da7b6214afb6a5c423b053645feccffdc37	c4a4ffd16339b6225f3865e9648c1da7b6214afb6a5c423b053645feccffdc37	False	File_S8_catalogue_synced_figures_20260909.zip
modules/S8/current_newick/Source_12_ML_trees/Snakin_GASA/Snakin_GASA.core.gappyout.treefile	2005	75c979cbed5f58be2a3d83d43be1f1c30dde2088f9c8a7342b5918d7fe5f8c35	75c979cbed5f58be2a3d83d43be1f1c30dde2088f9c8a7342b5918d7fe5f8c35	False	File_S8_catalogue_synced_figures_20260909.zip
modules/S8/current_newick/Source_12_ML_trees/Snakin_GASA/Snakin_GASA.core.untrimmed.treefile	2001	444e85f283c5269afd79299e0b2bf3a1ca295b575dcd638f75a9b595c72278a8	444e85f283c5269afd79299e0b2bf3a1ca295b575dcd638f75a9b595c72278a8	False	File_S8_catalogue_synced_figures_20260909.zip
modules/S8/current_newick/Source_12_ML_trees/Snakin_GASA/Snakin_GASA.full.gappyout.treefile	2014	a3d20b7cd8ab8eaf53d7c956ec6d2e57d7eecc4f4ccdb55bec41764b3712efb1	a3d20b7cd8ab8eaf53d7c956ec6d2e57d7eecc4f4ccdb55bec41764b3712efb1	False	File_S8_catalogue_synced_figures_20260909.zip
modules/S8/current_newick/Source_12_ML_trees/Snakin_GASA/Snakin_GASA.full.untrimmed.treefile	2015	2e9205856675d19bee6c310704186f3c8613d2e26070a90cca583673a9ab268c	2e9205856675d19bee6c310704186f3c8613d2e26070a90cca583673a9ab268c	False	File_S8_catalogue_synced_figures_20260909.zip
modules/S8/history/pre_display_renumbering/STAGE_COPY_MANIFEST.tsv	37735	8842368fb77d32d16abfe989fcf40002295fdd7ace041deebb4e10c90313198a	8def1578250b98731d485c3f42cd84ddeae402edea54b852387237975479ff32	True	File_S8_catalogue_synced_figures_20260909.zip
modules/S8/analysis/系统树_F2/apply_current_group_renaming.py	7865	20b3ed9c7997a0b704f72bfb8419039eb84717270327cdf67fb6ddea016646df	20b3ed9c7997a0b704f72bfb8419039eb84717270327cdf67fb6ddea016646df	False	File_S8_catalogue_synced_figures_20260909.zip
modules/S8/analysis/系统树_F2/changed_current_table_cells.tsv	1054	02eed18b9c065ccfd11c215d75c17a3d922d5c94e3035ff5e57c7d265b4d5da1	1a34dc60a4ae0f5eacca56cc25d52932bfe0ae18beb8856b680f91dce23cf8ed	True	File_S8_catalogue_synced_figures_20260909.zip
modules/S8/analysis/系统树_F2/current_group_renaming.tsv	619	5b201b3cc803fbbcaf96102f462aabf5d05d2eb3dac228add7aa561988a390d9	4e388b7bd3217c972290d4084d177e1d1c26eb423ba5b5f26fe2c930eec8f401	True	File_S8_catalogue_synced_figures_20260909.zip
modules/S8/analysis/系统树_F2/display_label_update_QA.json	2369	2b02194df81ea9a13c500ed7f36250edd8f2ddaaf33b990b98d49af3e58cf6fe	2b02194df81ea9a13c500ed7f36250edd8f2ddaaf33b990b98d49af3e58cf6fe	False	File_S8_catalogue_synced_figures_20260909.zip
modules/S8/analysis/系统树_F2/FILES8_REPLACEMENTS.tsv	18281	b3ced4052e2bfa541fe57c904fe34e243d9ae85f7f4faef44ea01c386667ff07	b3a26809e6612568821c8ac020820289e59d030aa8477c385afb7876d3d65985	True	File_S8_catalogue_synced_figures_20260909.zip
modules/S8/analysis/系统树_F2/historical_tip_label_key.tsv	15952	740aff2e30bba9df2311c1f2b155f1711240dfb55493b7e731035ffb4f709676	740aff2e30bba9df2311c1f2b155f1711240dfb55493b7e731035ffb4f709676	False	File_S8_catalogue_synced_figures_20260909.zip
modules/S8/analysis/系统树_F2/PACKAGE_REPRODUCIBILITY.md	2160	dd1a3ce7cd521d90ce4baee8b8b19fdd621e3d3804d67280c8aa5e659f741933	dd1a3ce7cd521d90ce4baee8b8b19fdd621e3d3804d67280c8aa5e659f741933	False	File_S8_catalogue_synced_figures_20260909.zip
modules/S8/analysis/系统树_F2/stage_and_verify_label_update.py	7927	38241f992529c9db60d9c71466735bbdb644cd3b5b4584156ff4455b9863f990	38241f992529c9db60d9c71466735bbdb644cd3b5b4584156ff4455b9863f990	False	File_S8_catalogue_synced_figures_20260909.zip
modules/S8/analysis/系统树_F2/stage_changed_files.tsv	7127	1b30375ea7b2bd0eaac38b5cc796da60baf6d2390aba9889b02ffa90701ddaac	e193bb9ffa0b3271fdb71bab0100a2c0d87501c8ee84d8b339e757a6daabde0d	True	File_S8_catalogue_synced_figures_20260909.zip
modules/S8/analysis/系统树_F2/workbook_label_cells_changed.tsv	479	c56178e122e63f534f21d900b31c08f8cfdafce147eb2c6910446d46c58c4665	ed160e7708cf702fc62c4649df19f4b3b939cb39d14d55fba5e8f19c279db8aa	True	File_S8_catalogue_synced_figures_20260909.zip
modules/S8/analysis/系统树_F2/historical_audit_snapshot/F2_S1_S7_S8_replacement_tables.xlsx	284431	7a8e09ccc96f5119a51cc8df075b6d802456cf70798aa5787cc848d2511960a5	ae3a122bfb97eca6a9ef72c6dc401851055663d918257a3a7c5cd7432741671e	True	File_S8_catalogue_synced_figures_20260909.zip
modules/S8/analysis/系统树_F2/historical_audit_snapshot/final_integration.json	13601	0a66c432a8445accb070af603b54be0da132916c0a5f8fa700552523fdd59010	5cdd2fa4aff662611cb454316cbdb7ffdb725c182161782f0c1a22d463b8b2ba	True	File_S8_catalogue_synced_figures_20260909.zip
modules/S8/analysis/系统树_F2/historical_audit_snapshot/HISTORICAL_LABEL_SCOPE.md	292	3ceddbe45132185de88fa40d2d85f20fd3277302a4094ae5e488a7942fb8f52a	3ceddbe45132185de88fa40d2d85f20fd3277302a4094ae5e488a7942fb8f52a	False	File_S8_catalogue_synced_figures_20260909.zip
modules/S8/analysis/系统树_F2/审核表/current_group_renaming.tsv	619	5b201b3cc803fbbcaf96102f462aabf5d05d2eb3dac228add7aa561988a390d9	4e388b7bd3217c972290d4084d177e1d1c26eb423ba5b5f26fe2c930eec8f401	True	File_S8_catalogue_synced_figures_20260909.zip
modules/S8/analysis/系统树_F2/审核表/figure_QA_all.json	2804	148b33ae6b7721adec156553a4c0a7aca0e8b13231185fde71a4718e020815dc	148b33ae6b7721adec156553a4c0a7aca0e8b13231185fde71a4718e020815dc	False	File_S8_catalogue_synced_figures_20260909.zip
modules/S8/analysis/系统树_F2/historical_audit_snapshot/审核表/alignment_comparison.tsv	8691	0078786b8261dad2935c91a490804f9f7450169fa4d206e4f986507074028475	99f2dc791a1ce08b5e8c9046c5e36cb6b187678ef1d88b95b2d0bc1bcda8adb8	True	File_S8_catalogue_synced_figures_20260909.zip
modules/S8/analysis/系统树_F2/historical_audit_snapshot/审核表/all_four_strategy_stable_split_candidates.tsv	3218	f832a53986d29a19b64407b2f4d9099e74217d0e2db2b04b6bdcb4ac380ca542	1d0151be0438f0dac78fa3d2a58879c37ccf82f682829b8e2a2af31855086384	True	File_S8_catalogue_synced_figures_20260909.zip
modules/S8/analysis/系统树_F2/historical_audit_snapshot/审核表/audit_status.json	5948	a5404beaff023ca043c4f08db6504d66dd6c26792e878e71069f2b309e99dc52	a5404beaff023ca043c4f08db6504d66dd6c26792e878e71069f2b309e99dc52	False	File_S8_catalogue_synced_figures_20260909.zip
modules/S8/analysis/系统树_F2/historical_audit_snapshot/审核表/completed8_before_remaining_strategy_reschedule.tsv	5971	850ca548b01507a1079a9f17c74557ff8045c76f999476b4777c07a80f14db67	e87c48d7ee88e387344387570adf330bbe87f708f3437b1920f7a5a26d3f7a7b	True	File_S8_catalogue_synced_figures_20260909.zip
modules/S8/analysis/系统树_F2/historical_audit_snapshot/审核表/figure_QA.json	2995	9352a0c260f7955b9954acabed565c264c336302f2467c8b6dda63649bb32c9d	9352a0c260f7955b9954acabed565c264c336302f2467c8b6dda63649bb32c9d	False	File_S8_catalogue_synced_figures_20260909.zip
modules/S8/analysis/系统树_F2/historical_audit_snapshot/审核表/figure_QA_main.json	3085	b66e4959512795ec2d2dc079d3c28045fa1a1347277f6470e2565332aade166c	b66e4959512795ec2d2dc079d3c28045fa1a1347277f6470e2565332aade166c	False	File_S8_catalogue_synced_figures_20260909.zip
modules/S8/analysis/系统树_F2/historical_audit_snapshot/审核表/figure_QA_supplement.json	2995	9352a0c260f7955b9954acabed565c264c336302f2467c8b6dda63649bb32c9d	9352a0c260f7955b9954acabed565c264c336302f2467c8b6dda63649bb32c9d	False	File_S8_catalogue_synced_figures_20260909.zip
modules/S8/analysis/系统树_F2/historical_audit_snapshot/审核表/figure_source_manifest.tsv	561	438830c811acd247935b795d556740a43d21cb31629783aa2156b8cb870d37b1	438830c811acd247935b795d556740a43d21cb31629783aa2156b8cb870d37b1	False	File_S8_catalogue_synced_figures_20260909.zip
modules/S8/analysis/系统树_F2/historical_audit_snapshot/审核表/final_QA.json	2245	85d504853d92c77ab2cd4c4d4516612c6e7417916ea3fa6df0b9cac616045ac5	85d504853d92c77ab2cd4c4d4516612c6e7417916ea3fa6df0b9cac616045ac5	False	File_S8_catalogue_synced_figures_20260909.zip
modules/S8/analysis/系统树_F2/historical_audit_snapshot/审核表/historical_vs_current_configuration.tsv	11759	7e8fb40809e6b928658611f7e64bec2681021cdc72d354f57d2ded574d7e91ec	b20184cec1e2bd8bced128b3eb456b6208b7cb693b64ae78406469e123e7ff77	True	File_S8_catalogue_synced_figures_20260909.zip
modules/S8/analysis/系统树_F2/historical_audit_snapshot/审核表/key_branch_evidence.tsv	3218	02f28d41669c93d64599d814782faf3825ce2ad9dc04b31d66aa32612fba76ad	5570314f88b707ea5d0cdfc8767407624b6b31a05e921412241c584ebf6b7a6c	True	File_S8_catalogue_synced_figures_20260909.zip
modules/S8/analysis/系统树_F2/historical_audit_snapshot/审核表/legacy_group_reassessment.tsv	894	98ff7a617865a32a437ae64e32f7daa6d3beb61c01cfd105bb7b33db8e6bb77c	db68ba1b946cf8d4a9c9e88f17476c231286b4a757fd54fdfd0607900cbfe41c	True	File_S8_catalogue_synced_figures_20260909.zip
modules/S8/analysis/系统树_F2/historical_audit_snapshot/审核表/legacy_group_strategy_support.tsv	7243	0aebb292bebc9eb3a61ae690ed7266956a2cf70c40ca71c4b3d459a22e39a8da	30c85ab2ab282bba2b975eb7171937c18d7bb5231e724def4cfe21f1b9b127c1	True	File_S8_catalogue_synced_figures_20260909.zip
modules/S8/analysis/系统树_F2/historical_audit_snapshot/审核表/primary73_group_mapping.tsv	6527	4868a3750a3aa0804196fc2e069b61402df5cf06b4c55e56b6129617d812b5b4	700ebe9f899a1d1ce140bba820a8809b67eaf39349272af33afd8c590d9e93c7	True	File_S8_catalogue_synced_figures_20260909.zip
modules/S8/analysis/系统树_F2/historical_audit_snapshot/审核表/rso_phylogenetic_placement_summary.tsv	6486	3c4b47e333c44ff4df90c5696189cb534f681d87efaa4edb2653bf55d393b53e	47bd84099d8fc48c72c82954c94efaab8cf7fb96e43d28f221e485d977b91423	True	File_S8_catalogue_synced_figures_20260909.zip
modules/S8/analysis/系统树_F2/historical_audit_snapshot/审核表/S7_PhyloGroups.tsv	12669	44cbb72cb48846d0d75d36cd205369171caee9351fe337ec4ceb7dd9f07fb501	7d6654ea7e1c350d915cd5d004b5cc5c68991eba77bdf5d88f4269230c328f45	True	File_S8_catalogue_synced_figures_20260909.zip
modules/S8/analysis/系统树_F2/historical_audit_snapshot/审核表/S8_PhyloSupport.tsv	2759512	7e016804b88759bbcbdbad9dadaa3e5a2448695efbaaecbaf85e99e164c683ab	adb42b608036cb3b5b250e93948d652139101a32647e1f5062ef96f894585a8b	True	File_S8_catalogue_synced_figures_20260909.zip
modules/S8/analysis/系统树_F2/historical_audit_snapshot/审核表/taxon_metadata_verified_sequences.tsv	205842	f57c33c27e3cd60f51b3ab755242d6e4394295f4cbc316d8d9204072b3377f14	db830666a58623dc2f5697b31938a9199ce72c23fd580af958645b5ead5ac8bd	True	File_S8_catalogue_synced_figures_20260909.zip
modules/S8/analysis/系统树_F2/historical_audit_snapshot/审核表/tip_label_key.tsv	83387	292702a2919ba6836c51420330ad2486d4c133ed2fdeb83d5a7b238fe1f9f801	292702a2919ba6836c51420330ad2486d4c133ed2fdeb83d5a7b238fe1f9f801	False	File_S8_catalogue_synced_figures_20260909.zip
modules/S8/current_tables/current_group_renaming.tsv	619	5b201b3cc803fbbcaf96102f462aabf5d05d2eb3dac228add7aa561988a390d9	4e388b7bd3217c972290d4084d177e1d1c26eb423ba5b5f26fe2c930eec8f401	True	File_S8_catalogue_synced_figures_20260909.zip
modules/S8/current_figures/Previews/Figure2_catalogue_synced_20260909.png	430386	8f159c2a053c464752ba9fcb9e1ee5e41ee5dcd5ec95fd7f97020dee76c79061	8f159c2a053c464752ba9fcb9e1ee5e41ee5dcd5ec95fd7f97020dee76c79061	False	File_S8_catalogue_synced_figures_20260909.zip
modules/S8/current_newick/current_group_renaming.tsv	619	5b201b3cc803fbbcaf96102f462aabf5d05d2eb3dac228add7aa561988a390d9	4e388b7bd3217c972290d4084d177e1d1c26eb423ba5b5f26fe2c930eec8f401	True	File_S8_catalogue_synced_figures_20260909.zip
modules/S8/current_newick/Audit_tables/alignment_comparison.tsv	8691	0078786b8261dad2935c91a490804f9f7450169fa4d206e4f986507074028475	99f2dc791a1ce08b5e8c9046c5e36cb6b187678ef1d88b95b2d0bc1bcda8adb8	True	File_S8_catalogue_synced_figures_20260909.zip
modules/S8/current_newick/Audit_tables/all_four_strategy_stable_split_candidates.tsv	4079	abd289b0810e443b2ba6ff1d5cef652ca68a50e4e16f15fd71dabab55eea3bfb	d36fe0e671001de1130e593a330288dfec47af20f94224d29d99fc25c1c24754	True	File_S8_catalogue_synced_figures_20260909.zip
modules/S8/current_newick/Audit_tables/audit_status.json	7004	a42e47a6efa0d698299916fdd71e7837491295b68c1db641306922a47676c1f4	a42e47a6efa0d698299916fdd71e7837491295b68c1db641306922a47676c1f4	False	File_S8_catalogue_synced_figures_20260909.zip
modules/S8/current_newick/Audit_tables/completed8_before_remaining_strategy_reschedule.tsv	5971	850ca548b01507a1079a9f17c74557ff8045c76f999476b4777c07a80f14db67	e87c48d7ee88e387344387570adf330bbe87f708f3437b1920f7a5a26d3f7a7b	True	File_S8_catalogue_synced_figures_20260909.zip
modules/S8/current_newick/Audit_tables/current_group_renaming.tsv	619	5b201b3cc803fbbcaf96102f462aabf5d05d2eb3dac228add7aa561988a390d9	4e388b7bd3217c972290d4084d177e1d1c26eb423ba5b5f26fe2c930eec8f401	True	File_S8_catalogue_synced_figures_20260909.zip
modules/S8/current_newick/Audit_tables/figure_QA.json	2804	148b33ae6b7721adec156553a4c0a7aca0e8b13231185fde71a4718e020815dc	148b33ae6b7721adec156553a4c0a7aca0e8b13231185fde71a4718e020815dc	False	File_S8_catalogue_synced_figures_20260909.zip
modules/S8/current_newick/Audit_tables/figure_QA_all.json	2804	148b33ae6b7721adec156553a4c0a7aca0e8b13231185fde71a4718e020815dc	148b33ae6b7721adec156553a4c0a7aca0e8b13231185fde71a4718e020815dc	False	File_S8_catalogue_synced_figures_20260909.zip
modules/S8/current_newick/Audit_tables/figure_QA_main.json	3085	508460d20dbc67d33d84cd32fa4755807840becb0b777035d93d6001a8865b0c	508460d20dbc67d33d84cd32fa4755807840becb0b777035d93d6001a8865b0c	False	File_S8_catalogue_synced_figures_20260909.zip
modules/S8/current_newick/Audit_tables/figure_QA_supplement.json	2995	7fa22f1f5a457a6d1b7d7e9b5d6be951bb530cdf36ac82e16bc6e88cec8814e6	7fa22f1f5a457a6d1b7d7e9b5d6be951bb530cdf36ac82e16bc6e88cec8814e6	False	File_S8_catalogue_synced_figures_20260909.zip
modules/S8/current_newick/Audit_tables/figure_source_manifest.tsv	561	38784100ec9fe97d030cb9d6ff47bf2aa27980ca7bbb240612079cc861f1fe20	38784100ec9fe97d030cb9d6ff47bf2aa27980ca7bbb240612079cc861f1fe20	False	File_S8_catalogue_synced_figures_20260909.zip
modules/S8/current_newick/Audit_tables/historical_vs_current_configuration.tsv	11759	7e8fb40809e6b928658611f7e64bec2681021cdc72d354f57d2ded574d7e91ec	b20184cec1e2bd8bced128b3eb456b6208b7cb693b64ae78406469e123e7ff77	True	File_S8_catalogue_synced_figures_20260909.zip
modules/S8/current_newick/Audit_tables/legacy_group_reassessment.tsv	1657	da8e4c23bf54c8c9d8675a917c30f5f00f6b33ff8c6e856cee2798c13b7ca727	9cc074530bcf58bcd40243e6b43192968079a96cfd439c4d3c8bf9636552fa71	True	File_S8_catalogue_synced_figures_20260909.zip
modules/S8/current_newick/Audit_tables/rso_phylogenetic_placement_summary.tsv	6486	18ca651960a1533e7328ae23f29a536a9193fce85764f60d30148d62785fed98	43f5f0cdfd0ac52917dd7703aabef06207f74895960fd8c6ae72a4feeffad052	True	File_S8_catalogue_synced_figures_20260909.zip
modules/S8/current_newick/Audit_tables/tip_label_key.tsv	83387	292702a2919ba6836c51420330ad2486d4c133ed2fdeb83d5a7b238fe1f9f801	292702a2919ba6836c51420330ad2486d4c133ed2fdeb83d5a7b238fe1f9f801	False	File_S8_catalogue_synced_figures_20260909.zip
modules/S8/display_label_update/embedded_Figure2_QA.json	302	41a8b2a6c8e9c9d9e047c8b632079b65897b26fdcbafaebce3bd8fe811c0a507	41a8b2a6c8e9c9d9e047c8b632079b65897b26fdcbafaebce3bd8fe811c0a507	False	File_S8_catalogue_synced_figures_20260909.zip
modules/S8/display_label_update/finalize_metadata.py	2510	95b847c2297e1a3264f6ff89db86597e6c1bcf7e7868ddc0711c58f9f568c34d	36f2a3ca3b24944d6ed4c60c946e677dadc025df70962b5535c149edc6cff815	True	File_S8_catalogue_synced_figures_20260909.zip
modules/S8/display_label_update/final_label_QA.json	8069	35e8ace4eb3068ac864cdf2b0fa95e648a4836eaebbfad9fd78038d9f0f8552d	35e8ace4eb3068ac864cdf2b0fa95e648a4836eaebbfad9fd78038d9f0f8552d	False	File_S8_catalogue_synced_figures_20260909.zip
modules/S8/display_label_update/impact_audit.md	12509	d8efb71ac5699796f2147083b5b18ed6eb7722b9d95969de3272515de6b1b797	d8efb71ac5699796f2147083b5b18ed6eb7722b9d95969de3272515de6b1b797	False	File_S8_catalogue_synced_figures_20260909.zip
modules/S8/display_label_update/package_install.py	9211	56215c3dd94d96de95fd7222bd6af9a37ca4257f31df09176df557daa8c816fe	342e85ea53da2a4455bb275169055e3593036a7126437b3318a420541a59589f	True	File_S8_catalogue_synced_figures_20260909.zip
modules/S8/display_label_update/prepare.py	697	f891c183fec21773ba60b69de8c387e95470c8bb917304a753877fb67c7aec7a	f891c183fec21773ba60b69de8c387e95470c8bb917304a753877fb67c7aec7a	False	File_S8_catalogue_synced_figures_20260909.zip
modules/S8/display_label_update/render_QA.json	235	82cf3db6ebde3af24eef64cce5606a5918bf0dbca78fad434be8beda6da5452e	82cf3db6ebde3af24eef64cce5606a5918bf0dbca78fad434be8beda6da5452e	False	File_S8_catalogue_synced_figures_20260909.zip
modules/S8/display_label_update/text_sync_QA.json	2199	a6e59de8337218b7697c90aa1ff35306394cb6209773f8d4035d32b6d2351216	a6e59de8337218b7697c90aa1ff35306394cb6209773f8d4035d32b6d2351216	False	File_S8_catalogue_synced_figures_20260909.zip
modules/S8/display_label_update/update_workbooks.py	4601	bc00c0a3e0b87a869ddae12cf919a7ddcbe2b4ba72afc18385dd9a39ba9ab02f	bc00c0a3e0b87a869ddae12cf919a7ddcbe2b4ba72afc18385dd9a39ba9ab02f	False	File_S8_catalogue_synced_figures_20260909.zip
modules/S8/display_label_update/workbook_label_changes.json	2650	cb995968981cf1b1e039b6e507648b5a0cc0e6b1db062737d8f816798a59b783	cb995968981cf1b1e039b6e507648b5a0cc0e6b1db062737d8f816798a59b783	False	File_S8_catalogue_synced_figures_20260909.zip
modules/S8/display_label_update/工作日志与迁移接续.md	3180	1775756dc2a7b5764fe1a13c79a3938850a24d0d1b5ab13cbb8abbf9fc97db4d	1eb7c55b56f612e0e2f45655b097058b54cd38d27b811f94334d83fff9021399	True	File_S8_catalogue_synced_figures_20260909.zip
modules/S8/PREPUBLICATION_SHA256_MANIFEST.tsv	100313	85a10a8d98a61def6ba69ec2a3eade0f344e8edf23880807e34872077d9537f6	edabb6b8fcb4a42449f9f506957bed4dc7a4be94143156b76b33c86ebd16d907	True	File_S8_catalogue_synced_figures_20260909.zip
modules/S9/CHECKSUMS_SHA256.tsv	9269	19eae4b8067857b85624f596420a7f13338315c58243686cf8a87b50f92faad9	09f09eeb4af0833c513b5d4ce59f24dcc35af45e8fcd39000cddcde679a072b5	True	File_S9_Tchinensis_paired_expression_20260909.zip
modules/S9/figures/build_figure_s3.py	17150	b4dc7ac47c5a32c9581ba6edbac8056f4935ffa64a1c0ce280d9ae18a9a22502	b4dc7ac47c5a32c9581ba6edbac8056f4935ffa64a1c0ce280d9ae18a9a22502	False	File_S9_Tchinensis_paired_expression_20260909.zip
modules/S9/figures/Figure_S3.pdf	70756	ea373dea6135c6e47014ccb9c588935caab6aa405708551b96d92d447b3cdfbb	ea373dea6135c6e47014ccb9c588935caab6aa405708551b96d92d447b3cdfbb	False	File_S9_Tchinensis_paired_expression_20260909.zip
modules/S9/figures/Figure_S3.png	602148	3afd377e76b7af8caafdfa24aca8701aa62e1b505f456b8370f071c9d9b096d7	3afd377e76b7af8caafdfa24aca8701aa62e1b505f456b8370f071c9d9b096d7	False	File_S9_Tchinensis_paired_expression_20260909.zip
modules/S9/figures/Figure_S3.svg	39450	35ed39bc78d4858f948e8a7c465ff410532a18dfeff1961d01447ffa1efcaa7a	35ed39bc78d4858f948e8a7c465ff410532a18dfeff1961d01447ffa1efcaa7a	False	File_S9_Tchinensis_paired_expression_20260909.zip
modules/S9/figures/Figure_S3_eligible_pairs_source.tsv	11401	14063067297479eaf1a08aafab81ee2ca07fc8e53ff57578bac1b49871b1fdb1	ff7813768adb04955ac35f8b6250b28b0c428840ed016a7abd2351e7cbfb04ff	True	File_S9_Tchinensis_paired_expression_20260909.zip
modules/S9/figures/Figure_S3_legend_EN.txt	3157	847a60d8ec8fc4200fe01911e4046dbefe9e5ad87587d7381a6f9f60c07410e4	847a60d8ec8fc4200fe01911e4046dbefe9e5ad87587d7381a6f9f60c07410e4	False	File_S9_Tchinensis_paired_expression_20260909.zip
modules/S9/figures/Figure_S3_legend_ZH.txt	2728	2261bb80e5401c60ad06793ba70a47e6b8f97fca7a8b5b956b679fa4129af3b9	2261bb80e5401c60ad06793ba70a47e6b8f97fca7a8b5b956b679fa4129af3b9	False	File_S9_Tchinensis_paired_expression_20260909.zip
modules/S9/figures/Figure_S3_plotted_points.tsv	8698	bc3459b353f50e2fba643a27ababad6d964950bc7d4c22f9e7d7c7867880553c	66d3da10a1b79782278ebc5bdcb223ef04e8f99f7692e892765387a24451f048	True	File_S9_Tchinensis_paired_expression_20260909.zip
modules/S9/figures/Figure_S3_preview.png	135686	4a892d2115a12fee1d5837ca871348a045db8cde562e6dba86a4d8ab3bd90039	4a892d2115a12fee1d5837ca871348a045db8cde562e6dba86a4d8ab3bd90039	False	File_S9_Tchinensis_paired_expression_20260909.zip
modules/S9/figures/Figure_S3_QC.json	2232	90c4dc6ace9248505e93dcd5c58d0174fe33ee33f55ea65749a1d3d5f5f03a6e	bd2f5deecd1e18ed9e2fa2d6b70312fe0726e222bfe30c2e982605742fcbee66	True	File_S9_Tchinensis_paired_expression_20260909.zip
modules/S9/original_execution_sources/define_pairing_official.py	2734	53090a557981c26639ce676a53e4035d29c83edbfcd06b3cd56ef9f4f03c5edb	5f246129c82ddf9f5769c190352c26a05579d5e8e5cd379c735fce9b5baaeca0	True	File_S9_Tchinensis_paired_expression_20260909.zip
modules/S9/original_execution_sources/finalize_stats.py	3589	67086aa9a51cad6fcfc6c4d8c7cd76dc3c2ed6030b7a360dceae6a8d179af43a	1507e45823c487ec6ab9dd6e5ebdd63ed4219b25ea2d280d4ebd5b105c0cafd3	True	File_S9_Tchinensis_paired_expression_20260909.zip
modules/S9/original_execution_sources/join_expression.py	5611	e0d7316b1d1e5129732c6c525ed81fc078aa34359b82cd1e528d7ec0fa8c5532	3a356ab3d5d56effc39ea7aeb8a22d11f061e772a37074a85fe61560f5db81f1	True	File_S9_Tchinensis_paired_expression_20260909.zip
modules/S9/original_execution_sources/parse_synteny_official.py	3510	a1c63b95093a075141c44e2eca9dc19be0ace53b595559115c4cc150c1e43bd2	822bb0730efef21c5c16d9132703fd63214ed249f816479c7c51060c82d4123f	True	File_S9_Tchinensis_paired_expression_20260909.zip
modules/S9/original_execution_sources/plot_paired_expression.py	3608	19c9ce344b76fc2274feeb2b0181c90f0c254e03e27eccde1c2a5e17f5df4d9f	f0918e2d4c05bdb3d209345c16e1da0a6222fef253a8370e1a791618f1cf4bab	True	File_S9_Tchinensis_paired_expression_20260909.zip
modules/S9/original_execution_sources/prepare_rso_tch_mcscanx_official.py	2009	b75dd7d42dae6c8bb1dab92f7e548805065a316def31ef218b73752dbf26783c	c24880df91581acecf857b4ead463998547215dbc622b3158367084849ee4554	True	File_S9_Tchinensis_paired_expression_20260909.zip
modules/S9/original_execution_sources/rebuild_official_protein_ref.py	2952	92faf53a33d54908f1d93c9b4bf794edc9ac75ecf563ee94ad9bdb2ce241068a	6cc3a77a1f862cd5c52ad894f363d9f8af541ace695d2e244c63e3eb2658af23	True	File_S9_Tchinensis_paired_expression_20260909.zip
modules/S9/original_v2_tables/paired_expression_official.tsv	18136	588cf958708443de5aa9d7d6d5a965a73d4c49212a5cf3f58ee31aebcb4a7e3b	588cf958708443de5aa9d7d6d5a965a73d4c49212a5cf3f58ee31aebcb4a7e3b	False	File_S9_Tchinensis_paired_expression_20260909.zip
modules/S9/original_v2_tables/rso_primary_catalogue.tsv	17390	cddab7832f755995ca030594612d3097a77556b204c5aacb011eaac401f68e51	cddab7832f755995ca030594612d3097a77556b204c5aacb011eaac401f68e51	False	File_S9_Tchinensis_paired_expression_20260909.zip
modules/S9/original_v2_tables/rso_tch_amp_synteny_official.tsv	3367	d43b9a36cbe9f3647087ec08af91dddf00bb0fd3349bb2a8679e6bb9883c681c	d43b9a36cbe9f3647087ec08af91dddf00bb0fd3349bb2a8679e6bb9883c681c	False	File_S9_Tchinensis_paired_expression_20260909.zip
modules/S9/original_v2_tables/rso_tchin_pairing.tsv	6200	72cd6472f226519fc406030890fe3de0fd8ea3e396238bbc35cd27366282c82d	72cd6472f226519fc406030890fe3de0fd8ea3e396238bbc35cd27366282c82d	False	File_S9_Tchinensis_paired_expression_20260909.zip
modules/S9/original_v2_tables/rso_tchin_pairing_official.tsv	5975	ede8dfac6ee1a9f4be91057016e9f1e5fc7ffd37acdb974135431563f704840a	ede8dfac6ee1a9f4be91057016e9f1e5fc7ffd37acdb974135431563f704840a	False	File_S9_Tchinensis_paired_expression_20260909.zip
modules/S9/profile_retrieval_outputs/PROFILE_RETRIEVAL_COUNTS.tsv	773	c9b2c90a43f657cbd5ccc65a05e3abff64d177183a3d125968a397c9e1021579	c9b2c90a43f657cbd5ccc65a05e3abff64d177183a3d125968a397c9e1021579	False	File_S9_Tchinensis_paired_expression_20260909.zip
modules/S9/profile_retrieval_outputs/tchin_official_PF00187.domtbl	4212	eae7b893c6e58554559e0680109708753e810c5cd4af96ca4d830b91930770ce	a9e13ef00e8a1dd81ace167e664b6963276144babf8dfa79ebcbe024b6aee854	True	File_S9_Tchinensis_paired_expression_20260909.zip
modules/S9/profile_retrieval_outputs/tchin_official_PF00187.log	5121	e9d12c7b5fc2493e59ab6434e8a2eb2308e96b054ac83e292923874ec5df5c7f	883be02c3a7f83758bbce2d26adcad62fed2a424a897ae174443838b06220eb1	True	File_S9_Tchinensis_paired_expression_20260909.zip
modules/S9/profile_retrieval_outputs/tchin_official_PF00234.domtbl	9444	2703e0ef69b6a2f9de05790a0dbc320709ae64910104335732732a4d2abfedc3	60e881d6ae944e4040448f6e25389f4fb8427ad738c7c1bb68252e30938bc358	True	File_S9_Tchinensis_paired_expression_20260909.zip
modules/S9/profile_retrieval_outputs/tchin_official_PF00234.log	18871	481bdd77481ab7e6a426c6fdd13e5018eaa187a7cdb1ade14927472e3cc496c1	bd7e4927832dc28d7de1c2665d7ade70ad3cba90a9dd80ecf1f6b67053043bc4	True	File_S9_Tchinensis_paired_expression_20260909.zip
modules/S9/profile_retrieval_outputs/tchin_official_PF00304.domtbl	1160	784d08e120565aa0dd7ad5aec4fca81dd2749ec93671fa73b6f0dac52b151a77	a340b660b1673f7eb07be3ac666ceb362e54fcafbdc11bf8cd7e0396fa4431a2	True	File_S9_Tchinensis_paired_expression_20260909.zip
modules/S9/profile_retrieval_outputs/tchin_official_PF00304.log	1974	12c20aa1af9b92a5bead1acca76515ee31a2b76f9ef805aba8323b74943f6308	e8beff391c13f61042b7b7eba533e506d4ebb291d8cb3007689d884b290f071e	True	File_S9_Tchinensis_paired_expression_20260909.zip
modules/S9/profile_retrieval_outputs/tchin_official_PF00321.domtbl	1160	88917cbb04640efea2383395191609e3645aa83c65f6ee4dfc9cf3f404ce02ff	463fcf3f49bbabb1b3508813e9e4d71c64ec2a73a8e7b297876016ec7748ea62	True	File_S9_Tchinensis_paired_expression_20260909.zip
modules/S9/profile_retrieval_outputs/tchin_official_PF00321.log	1961	3d5b3c526f5cec53759b9ad11f58b2226b485a57eb132ac769eeb3c6125be2d0	b6702034aed6d9feb11453629f1fbceec7dc8353c587aa753eb882822cb3a13d	True	File_S9_Tchinensis_paired_expression_20260909.zip
modules/S9/profile_retrieval_outputs/tchin_official_PF02704.domtbl	3558	41c6c65d87719ecb85da8aceb291c6c3409cb45e7ad1764391f4f6aea6d08640	8fe3da418df853bcbdb285acec563763295fbeb8cfc258a8d3a00e8d289e7209	True	File_S9_Tchinensis_paired_expression_20260909.zip
modules/S9/profile_retrieval_outputs/tchin_official_PF02704.log	5902	8e273fe9c5deb84b6588caecba3e6749dd15b0636df20c322b2c60c85f025ee8	11fad3521fa332017516944bec860fdcb9537c9213f8a5c28b2be12d1b95c91e	True	File_S9_Tchinensis_paired_expression_20260909.zip
modules/S9/profile_retrieval_outputs/tchin_official_PF03784.domtbl	1160	311ec7d19e06e3ae3d4834d64a8ac5e4675c3877e7aade6271ce45f954d7ec85	21c9d15188ffb69daedce0e6721b618ca8008cadac311170c5b21a313138bd3d	True	File_S9_Tchinensis_paired_expression_20260909.zip
modules/S9/profile_retrieval_outputs/tchin_official_PF03784.log	1966	91d6b2cd2b0ed322a3523e602cad7f517ccb4b6fa12aa3e86b15fefd37eaf1a3	6319ab6368669db14b375f18213f588e7fe9809bc055bc3c2e16745ddf9d3ea6	True	File_S9_Tchinensis_paired_expression_20260909.zip
modules/S9/README.md	6890	0ddddf58feebd99f963b6f300100554c83762ece76138a7072699e424646c978	0ddddf58feebd99f963b6f300100554c83762ece76138a7072699e424646c978	False	File_S9_Tchinensis_paired_expression_20260909.zip
modules/S9/reference_audit/gene_reference_differences_from_released_peptides.tsv	631	67014e4282304082c66132cca21d5d8fa323d6cfedb0441661a918d01af1b124	2832dcbf3c4ae57d20d485008d744473e874cf0d690d93260e37eab3915b23bf	True	File_S9_Tchinensis_paired_expression_20260909.zip
modules/S9/reference_audit/gene_reference_identity.tsv	3252715	c6c70e50f7e41d566c0b7ee414a3cb41605b4626c4b6a1b6021f5acb7fa00976	dace63b9282811ee001374d92c8f80d4867ab7cd3315d45da4a190c43dfb6bdd	True	File_S9_Tchinensis_paired_expression_20260909.zip
modules/S9/reference_audit/official_source_download_provenance.json	2845	61835619ce38880544f0fce7f6403780e3b2ab00c594f0212f2d8ce65ab74b20	61835619ce38880544f0fce7f6403780e3b2ab00c594f0212f2d8ce65ab74b20	False	File_S9_Tchinensis_paired_expression_20260909.zip
modules/S9/reference_audit/paired_targets_reference_identity.tsv	11571	245bf4932c789d753cb9064af0f59fb6ef41cdded01857020aa8707c7a75bd27	356172bba1e191167ddcfccd0a5f17a816101159b5d78e606c72b0a08eb1174a	True	File_S9_Tchinensis_paired_expression_20260909.zip
modules/S9/reference_audit/PROVENANCE_RECOVERY_20260909.md	4263	f10c2a5e3113fde7117c4bda36172373e864c4375e6be79386eecd33979ea935	f10c2a5e3113fde7117c4bda36172373e864c4375e6be79386eecd33979ea935	False	File_S9_Tchinensis_paired_expression_20260909.zip
modules/S9/reference_audit/PROVENANCE_UPDATE_VALIDATION.json	1208	3cdb535aeb60bb4b3a037cb29dd56efc91bfa165e630c4f895183e6ef65cafa8	3cdb535aeb60bb4b3a037cb29dd56efc91bfa165e630c4f895183e6ef65cafa8	False	File_S9_Tchinensis_paired_expression_20260909.zip
modules/S9/reference_audit/PUBLIC_EXECUTION_PROVENANCE_RECOVERED_20260909.json	15748	886abdcc20d90c40a0c52e7d2a7390739d9ff4d06c3ae38bd9a87b94cf0cdbc0	886abdcc20d90c40a0c52e7d2a7390739d9ff4d06c3ae38bd9a87b94cf0cdbc0	False	File_S9_Tchinensis_paired_expression_20260909.zip
modules/S9/reference_audit/published_peptide_ambiguous_residue_exceptions.tsv	937	477bbb72416e133c6854920c787e908b419706606bbf35a67c2eafa77dacbd45	7fd85d6267c73f7fbfc18955c2a779cefb8a93e746d71473eaaf7f4bf202762d	True	File_S9_Tchinensis_paired_expression_20260909.zip
modules/S9/reference_audit/REFERENCE_AND_SOFTWARE_PROVENANCE.json	6134	2cc541132e728fb13a8249cc82ba20119b14095fa54a5d093d1713a93dc51359	2cc541132e728fb13a8249cc82ba20119b14095fa54a5d093d1713a93dc51359	False	File_S9_Tchinensis_paired_expression_20260909.zip
modules/S9/reference_audit/reference_audit_summary.json	1244	db85647ba351a05a6158187898e27628f8c8b4b6dea2ecc03f888ae12b0feabb	db85647ba351a05a6158187898e27628f8c8b4b6dea2ecc03f888ae12b0feabb	False	File_S9_Tchinensis_paired_expression_20260909.zip
modules/S9/reference_audit/selected_gene_transcripts.tsv	688213	8f4d4dae2e9fc14e59fc53b0aa889bc052f5e1d4070786f530d0ff1fa7ca6959	8f4d4dae2e9fc14e59fc53b0aa889bc052f5e1d4070786f530d0ff1fa7ca6959	False	File_S9_Tchinensis_paired_expression_20260909.zip
modules/S9/reference_audit/transcript_reference_identity.tsv	2123909	b78ce147fa7023a210e49dff4ca4bf41b0087647cc086f8889bbe70aa47291cb	73db6f9353cb87d94697fc9b2eda6f1381e1315694871cfa02acc4e1ae2e3e75	True	File_S9_Tchinensis_paired_expression_20260909.zip
modules/S9/reporting_audit/audit_existing_tables.py	15954	c32f3ada3a697fe7e4f78b80ac0651f8adab3cf363f0c59c923d215a87f14562	c32f3ada3a697fe7e4f78b80ac0651f8adab3cf363f0c59c923d215a87f14562	False	File_S9_Tchinensis_paired_expression_20260909.zip
modules/S9/reporting_audit/audit_reference_identity_as_executed.py	5393	10fc3538df02bd085a8c4bc6daf30db1d841bdd1f04cedf3ce26050bc9f298dc	10fc3538df02bd085a8c4bc6daf30db1d841bdd1f04cedf3ce26050bc9f298dc	False	File_S9_Tchinensis_paired_expression_20260909.zip
modules/S9/reporting_audit/audit_summary.json	7249	81a7124c6536be13840b5ef0100cf886e8200ea40fa981156243845e4da014b8	81a7124c6536be13840b5ef0100cf886e8200ea40fa981156243845e4da014b8	False	File_S9_Tchinensis_paired_expression_20260909.zip
modules/S9/reporting_audit/both_DE_expression_rows.tsv	3129	d7c9db72b31a9b160c44f1c91c0dfeb4df9512dcfacb969f4f1054e677c9c93f	eb818ce3c207ad381c95aa02a66ed35ae5762822b7e8d4283f845bc22527ae5d	True	File_S9_Tchinensis_paired_expression_20260909.zip
modules/S9/reporting_audit/four_focus_pairs_expression_and_coordinates.tsv	4070	d18749fe37a14cb295f58e9410224df661c432dad03b7549ec58a44a8f463a86	3a13f96251e07b40a5189762dd8e03aabe56db20604c226ad4e052a5e86d7617	True	File_S9_Tchinensis_paired_expression_20260909.zip
modules/S9/reporting_audit/independently_parsed_AMP_anchors.tsv	1056	38363f985a1b3660bc22813ed8d625d498608c9cf95e7c3eb649b1d04477225e	7d3ed19dd0e45ead5bf298e6568f8f2ac4a708af14fd389908506a951105c06b	True	File_S9_Tchinensis_paired_expression_20260909.zip
modules/S9/reporting_audit/NA_status_corrections.tsv	1719	8137b83c9e604cc41e5c0ff5f0e41d3e194b9fe03d7ea0767c386f607179e56e	ed56369fe8eaaf862d92d26ec8708fb3f37f5fc374753ae071573a87e2b2cb9d	True	File_S9_Tchinensis_paired_expression_20260909.zip
modules/S9/reporting_audit/paired_expression_restored_status.tsv	29563	4e3c1f9118eb0a2af33e14b34c2ba2fadb2dea82297a375824e79d7c8ff1d1a1	3e88fd9c625a62363aece39192dd795a65a7a8c151fc9e8a2b5ca2f31c7017ca	True	File_S9_Tchinensis_paired_expression_20260909.zip
modules/S9/reporting_audit/pairing_evidence_audit.tsv	18360	4c7d802f434c5c4863129a8102a3c0ea53386f0085d6553a3e561d220b24b08e	db07eb7db6fec54015463f1ccaae4fc89382d0b5bf0d56f1668472311ce67cc6	True	File_S9_Tchinensis_paired_expression_20260909.zip
modules/S9/reporting_audit/README_独立表格核查.md	7033	a78998390844c3b9e85f6944729857fc1bae7fba5ba944052e4c87dd151d82e1	a78998390844c3b9e85f6944729857fc1bae7fba5ba944052e4c87dd151d82e1	False	File_S9_Tchinensis_paired_expression_20260909.zip
modules/S9/reporting_audit/stratified_expression_counts.tsv	3378	d33eed2e12f44e958d154ff6c8359797717eec0ae04e30c796c0c957783c09c3	8bf91a7f94c80908932779207c87b88d5cc8bec9ae728dfe7351cb1d8fe3e166	True	File_S9_Tchinensis_paired_expression_20260909.zip
modules/S9/reporting_audit/strict_RBH_pairs.tsv	6594	d00cbe36ddf6bfafcc7efb5e90adca732ae6300f458876b0785de021e64a70b2	d4440a291c54ade23213dcd2cbbaa6d7323811ce42d1f75519df317ff080825a	True	File_S9_Tchinensis_paired_expression_20260909.zip
modules/S9/reporting_audit/strict_RBH_synteny_pairs.tsv	5407	596ac8665b8300ebafa121442945f2eb8fac3c76cf404e0d4c42c54b7f176c12	7b19e303300a14811b015afb7281dfaedd34c7a55c0dafc57147954e7e1005ea	True	File_S9_Tchinensis_paired_expression_20260909.zip
modules/S9/retained_collinearity_outputs/rso_tch.blast	27119463	d2bc017d8216737b760c3af84cf0f0e1c23ec4fd954d5f107b51e00acaf08842	d2bc017d8216737b760c3af84cf0f0e1c23ec4fd954d5f107b51e00acaf08842	False	File_S9_Tchinensis_paired_expression_20260909.zip
modules/S9/retained_collinearity_outputs/rso_tch.collinearity	1266195	d263c283cbf7bde23859cd30dbb1c91533341f677fa73a8c08eb78533ab497d2	d263c283cbf7bde23859cd30dbb1c91533341f677fa73a8c08eb78533ab497d2	False	File_S9_Tchinensis_paired_expression_20260909.zip
modules/S9/retained_collinearity_outputs/rso_tch.gff	2212344	4c9029e291ee9759b7a227c5dde19f351117c48e4689565bf2e931d7879f06a4	4c9029e291ee9759b7a227c5dde19f351117c48e4689565bf2e931d7879f06a4	False	File_S9_Tchinensis_paired_expression_20260909.zip
modules/S9/retained_collinearity_outputs/rso_tch_diamond.stderr.log	20499	10fd0209b9ffe5e9910e3e546c9f451ec0ec60c8b99373aee3409247ad86e274	10fd0209b9ffe5e9910e3e546c9f451ec0ec60c8b99373aee3409247ad86e274	False	File_S9_Tchinensis_paired_expression_20260909.zip
modules/S9/retained_collinearity_outputs/rso_tch_mcscanx.stderr.log	0	e3b0c44298fc1c149afbf4c8996fb92427ae41e4649b934ca495991b7852b855	e3b0c44298fc1c149afbf4c8996fb92427ae41e4649b934ca495991b7852b855	False	File_S9_Tchinensis_paired_expression_20260909.zip
modules/S9/retained_search_outputs/rso63_vs_tchin_official.tsv	19471	f3a2cdfc06a939a77d19c671ea09dda792dc66786f8a8c8db314e543bb768dc0	f3a2cdfc06a939a77d19c671ea09dda792dc66786f8a8c8db314e543bb768dc0	False	File_S9_Tchinensis_paired_expression_20260909.zip
modules/S9/retained_search_outputs/tchin_official_vs_rso.tsv	10439	04e5f61aac852aee3e4f1279a37d550602b8e7a337bd82c3f26e14cb6819e700	04e5f61aac852aee3e4f1279a37d550602b8e7a337bd82c3f26e14cb6819e700	False	File_S9_Tchinensis_paired_expression_20260909.zip
modules/S9/SOURCE_COPY_MANIFEST.json	22549	ec72dd68e95b6d7de5ffbb1751b68856636e7ea9e5100df44367abe5b3848289	ec72dd68e95b6d7de5ffbb1751b68856636e7ea9e5100df44367abe5b3848289	False	File_S9_Tchinensis_paired_expression_20260909.zip
modules/S9/tables/build_supplement_increment.py	20813	59042196fc63c989a3c004b0d5674566a233b54549abf04975fdfb11de9879f3	59042196fc63c989a3c004b0d5674566a233b54549abf04975fdfb11de9879f3	False	File_S9_Tchinensis_paired_expression_20260909.zip
modules/S9/tables/paired_expression_restored_status.tsv	29563	4e3c1f9118eb0a2af33e14b34c2ba2fadb2dea82297a375824e79d7c8ff1d1a1	3e88fd9c625a62363aece39192dd795a65a7a8c151fc9e8a2b5ca2f31c7017ca	True	File_S9_Tchinensis_paired_expression_20260909.zip
modules/S9/tables/README_tables.md	6005	928fbb7f553f4cba7ca22f3e488463f32237ed17bd4538044048242b99dfb3af	928fbb7f553f4cba7ca22f3e488463f32237ed17bd4538044048242b99dfb3af	False	File_S9_Tchinensis_paired_expression_20260909.zip
modules/S9/tables/S47_TchiPairScope.tsv	36846	b86a9bf141a674c71bdbfe7a38dac540e64a3c375f2b3c213edc845e629f0b15	d9e7a377cda046c6ba856fd27cf7df34e7738491b08953e4e3686a942982e5a5	True	File_S9_Tchinensis_paired_expression_20260909.zip
modules/S9/tables/S48_TchiPairEvidence.tsv	54580	d3e9fdad91940987c6c4517aa558d5644c2c20f09fe2d696a9b9af600b3e8b7e	534bd1594da2fe97450128c4ed3f1ac48d05584561f456f967a03ade91e4f80f	True	File_S9_Tchinensis_paired_expression_20260909.zip
modules/S9/tables/S49_TchiPairedExpression.tsv	98094	a6c8abf47f878e2865c5cd73e4ffa4362f0eb89d6e697aecb1233c53c5230dd9	d630cd7333e600693d0e13045fc33e8616a70d18754fc8e7420498877377a2ab	True	File_S9_Tchinensis_paired_expression_20260909.zip
modules/S9/tables/S50_TchiPairSummary.tsv	21809	e186fbbbb0934937da62366cc9a867c82022975425188d215be7553bcecaec0a	43ee2e63eed6f31e483b17ecaf944d34b9dfbbe6116cd1794ad11ec1e7938bf1	True	File_S9_Tchinensis_paired_expression_20260909.zip
modules/S9/tables/supplement_increment_validation.json	1238	a4fbb3d0e1e4c844a4a4e0256b0761dc1bd1ab49dc955dfc033fb48a27df225c	ba72456292bffa3f3cd5682d71a40c7bf0080165af1889fe634f1ebde3a5f11d	True	File_S9_Tchinensis_paired_expression_20260909.zip
modules/S9/tables/TABLE_MANIFEST.tsv	535	03e9968d9ac95dc468f52b7781e6f8854ece92965fcae34f7de97d89457db6cf	8a4ff2a28c7f0dab8270146241df60dc4f71797e3828e8a84af325ee52b664a7	True	File_S9_Tchinensis_paired_expression_20260909.zip
modules/S9/verify_reported_counts.py	2755	ede6a53bbae4f942ab13670447a4155a1e14a1d27d08af29164043a7ae6ec4c0	ede6a53bbae4f942ab13670447a4155a1e14a1d27d08af29164043a7ae6ec4c0	False	File_S9_Tchinensis_paired_expression_20260909.zip
tables/Supplementary_Tables_S1-S50_20260909.xlsx	2709816	7561593c4f283e2f9bc00dec53b6f981f9ae6ddccd670ce5fc16b30b75384135	ef87e7fc065f9d78702e393b690d4217140d500d7420332ec6b505555de2fe45	True	Genes_RsoAMP_Supplementary_Tables_expression_status_20260904.xlsx
